day,horizon,outcome,node,coef_per_sd,se,t,coef_per_unit,n
0,1,y_money,n_dry_plants,36.69406402023839,16.552831774687128,2.2167846879439432,169.98500729351372,359
0,1,y_money,n_unfed,0.5214555179124306,11.00687435248195,0.04737544022157818,1.4459266968529563,359
0,1,y_money,n_weeds,18.32906271616011,9.94702881488056,1.8426670976101114,73.96902445858616,359
0,1,y_money,n_planted,25.388424404963683,11.494957186888078,2.2086575871655643,409.84488659328866,359
0,1,y_money,n_empty,47.29163876239078,12.80709475950015,3.6926125440986852,22.514253840915085,359
0,1,y_money,n_animals,-244.68867641558282,65.55735149776483,-3.732436878935316,-2024.7039239108822,359
0,1,y_money,n_structures,276.83429332647455,59.815906596136976,4.62810494866516,3257.967783696049,359
0,1,y_money,n_money,-79.58790713707826,10.895965087735423,-7.304346746362374,-156.27987361923863,359
0,1,y_money,n_output_per_day,14.029676876821727,14.367195730421525,0.9765076734574496,154.24973857668584,359
0,1,y_money,n_revenue_per_day,4.587452453501924,8.674485446087564,0.5288443311148783,31.68646763450964,359
0,1,y_money,n_shed,6.691987908585421,9.72172552403327,0.6883539235953562,299.79874098647815,359
0,1,y_money,n_labour,-5.9454782920476985,9.397163537616487,-0.6326886052635112,-186.1517273894763,359
0,1,y_money,n_quadrants,-42.18587500777797,23.048582537782323,-1.8303023597492338,-2932.5462568771527,359
0,1,y_money,n_melon_tiles,12.954901402843333,10.28021094653044,1.2601785576409401,73.71353269163221,359
1,1,y_money,n_dry_plants,-81.8714874159547,15.377093514384077,-5.3242498225929555,-379.2691204183892,359
1,1,y_money,n_unfed,-3.87810540834039,12.97551055270661,-0.2988788296682046,-2.1776091895855147,359
1,1,y_money,n_weeds,4.594980840384927,9.0358766838182,0.5085262892768111,18.54356959941554,359
1,1,y_money,n_planted,30.59965134939051,10.856806785341284,2.8184761831357035,370.99661589509736,359
1,1,y_money,n_empty,-51.24811067178248,9.749738941848932,-5.2563572191466115,-113.1608852015854,359
1,1,y_money,n_animals,-13.813090957907116,13.994469484931972,-0.9870392709619933,-152.12867400680886,359
1,1,y_money,n_structures,-88.34462260427934,15.339446733210787,-5.759309585332574,-1124.0427426431145,359
1,1,y_money,n_money,148.39437564414786,11.056901325341904,13.420973135035116,253.15627377164003,359
1,1,y_money,n_output_per_day,-70.04252339732355,11.938652320395756,-5.866870189164007,-859.4738099786495,359
1,1,y_money,n_revenue_per_day,-23.840093380896977,9.1214579970562,-2.6136274911961412,-137.318215925351,359
1,1,y_money,n_shed,-20.355263027624385,8.811035627880772,-2.310200966979886,-579.5149985803041,359
1,1,y_money,n_labour,-18.483451559252142,8.36600175078165,-2.2093530589478063,-212.53222474740375,359
1,1,y_money,n_quadrants,58.518895798275764,15.765769696706876,3.7117690365919196,4067.9343215751114,359
1,1,y_money,n_melon_tiles,73.45063081131276,8.997366549215712,8.163569907876584,439.94653246266137,359
2,1,y_money,n_dry_plants,-9.100875028244518,7.556702835160919,-1.2043447025465461,-33.012591988927916,359
2,1,y_money,n_unfed,-27.827034374774744,7.057056658486824,-3.9431502000639207,-40.657712070429284,359
2,1,y_money,n_weeds,-4.628069377778325,6.851448067451861,-0.6754877702079061,-18.899804245155593,359
2,1,y_money,n_planted,-24.654580069237692,10.097418260320879,-2.4416716663229727,-283.4356483250942,359
2,1,y_money,n_empty,-11.929813199026146,7.227077380366018,-1.6507105944978766,-22.069656756824312,359
2,1,y_money,n_animals,-65.98258143929586,15.076853426908972,-4.376415925191061,-629.9029739982541,359
2,1,y_money,n_structures,34.50236613600008,14.94805173229581,2.308151373429921,445.60917445311566,359
2,1,y_money,n_money,7.48571361088291,6.324032430988218,1.183693109194439,18.34479789884297,359
2,1,y_money,n_output_per_day,-50.24926842659189,9.442924565714817,-5.321367133338748,-607.4601267128866,359
2,1,y_money,n_revenue_per_day,4.8151341469825875,6.6718855043358,0.7217051527418176,33.05118744332312,359
2,1,y_money,n_shed,-9.813987349747308,7.980674365361598,-1.2297190563673177,-168.5331642570295,359
2,1,y_money,n_labour,52.43241364959708,7.508220363644963,6.9833344135018285,1173.5107517154454,359
2,1,y_money,n_quadrants,44.2912188145109,11.136910751160727,3.9769752855292224,3078.8989898413456,359
2,1,y_money,n_melon_tiles,13.159903303290793,6.831878275568592,1.9262496743174986,86.95469901907929,359
3,1,y_money,n_dry_plants,-47.66000746032402,13.592091349611117,-3.5064513792932694,-160.3635724466518,359
3,1,y_money,n_unfed,-196.0052250796335,21.38127254882085,-9.16714496913529,-109.69950863877416,359
3,1,y_money,n_weeds,16.591486090773298,11.652588930836961,1.423845480970004,67.75521576177564,359
3,1,y_money,n_planted,-36.65370715018763,16.79043938501802,-2.1830105996447866,-343.947141891795,359
3,1,y_money,n_empty,-32.82620906306019,14.375627936392863,-2.28346262217586,-57.08390473936856,359
3,1,y_money,n_animals,114.40317367962498,36.257058015500746,3.15533526274291,656.9551933285107,359
3,1,y_money,n_structures,-13.98210533541305,34.556198941871514,-0.4046193089388378,-89.93396272003403,359
3,1,y_money,n_money,6.152635204876723,12.674930823252867,0.4854176555811548,14.357976233112808,359
3,1,y_money,n_output_per_day,26.30101634547706,15.455062880720535,1.7017734931564945,315.244368362439,359
3,1,y_money,n_revenue_per_day,-23.018577951870075,11.587698719322,-1.9864667272965566,-152.77493948568176,359
3,1,y_money,n_shed,-15.813385418065671,12.298215145922786,-1.285827677466536,-514.3887517280126,359
3,1,y_money,n_labour,31.494047339034537,11.155560982840361,2.823170200716855,616.6033176385971,359
3,1,y_money,n_quadrants,23.52228574549872,19.83430233291378,1.1859396590151279,1635.148992487152,359
3,1,y_money,n_melon_tiles,-51.631204201898,12.409281184129945,-4.1606925845091185,-358.0203609917491,359
4,1,y_money,n_dry_plants,-25.129258451003107,19.718702794466985,-1.2743869976099194,-90.13589183020518,359
4,1,y_money,n_unfed,89.69257132593341,24.94300941471039,3.5959001512077498,56.687819110987455,359
4,1,y_money,n_weeds,-35.96634582328268,14.98904146078848,-2.39950939607253,-147.27455250147935,359
4,1,y_money,n_planted,-142.27960114665112,27.068127562119773,-5.256351804169968,-1215.6149399289634,359
4,1,y_money,n_empty,9.198971501973897,15.879252206307372,0.5793076010418166,15.674464687907951,359
4,1,y_money,n_animals,79.22009246299244,67.36562081415198,1.175972128001975,370.8764809701619,359
4,1,y_money,n_structures,104.34539404244141,71.43406290482446,1.4607232152182992,469.21591674936735,359
4,1,y_money,n_money,28.350152932497032,18.232563570819174,1.5549186389713645,51.61664521566184,359
4,1,y_money,n_output_per_day,-28.10261276820622,16.233933006672228,-1.7311031625334359,-323.2300125205282,359
4,1,y_money,n_revenue_per_day,10.908971553606209,18.997339424668784,0.574236808099585,51.234726064620354,359
4,1,y_money,n_shed,-2.6253932326205605,29.22381860227336,-0.0898374462403872,-9.235093760166775,359
4,1,y_money,n_labour,-11.967162381169397,18.922158068480876,-0.6324417298417672,-91.35574851442323,359
4,1,y_money,n_quadrants,208.88843059514784,28.78559822469163,7.25669930375003,14520.855265744776,359
4,1,y_money,n_melon_tiles,-42.801845579759764,15.111959862102783,-2.8323159914616145,-1794.5795178422807,359
5,1,y_money,n_dry_plants,-36.15357969402205,38.24673740461775,-0.9452722545075707,-169.70517342073825,359
5,1,y_money,n_unfed,32.13136758756459,26.82601690776459,1.197768856183208,25.922794317720978,359
5,1,y_money,n_weeds,44.26360761297448,26.011626871043205,1.7016854744387342,180.23230611198525,359
5,1,y_money,n_planted,82.62206599673537,29.041716913389706,2.8449442656278494,1454.096521842803,359
5,1,y_money,n_empty,66.57620893791993,24.822911314790804,2.6820467629133535,135.8278028700263,359
5,1,y_money,n_animals,-15.660030392766622,211.9960694519418,-0.07386943745349324,-50.173575357991055,359
5,1,y_money,n_structures,-417.75755356687415,222.41951421405764,-1.878241462054549,-1274.550039907111,359
5,1,y_money,n_money,2.904441404537041,31.388064201565463,0.0925333077530848,5.844312607507406,359
5,1,y_money,n_output_per_day,-67.76891221470838,29.795368632218544,-2.274478059030557,-752.3536283219538,359
5,1,y_money,n_revenue_per_day,-76.12461922519483,25.866070747735275,-2.943029885273935,-405.86462479722604,359
5,1,y_money,n_shed,55.35111904441589,24.26119741730192,2.2814669075213136,647.7465810568867,359
5,1,y_money,n_labour,-31.36535304800623,24.709487969517347,-1.269364751171689,-714.7224366918573,359
5,1,y_money,n_quadrants,-333.2307729846036,42.4146259121984,-7.856506236184127,-23164.49891846754,359
5,1,y_money,n_melon_tiles,-181.8767725763659,24.94013840703647,-7.292532607800292,-7625.660211978103,359
6,1,y_money,n_dry_plants,14.392480724790213,18.923585734422545,0.7605577994983201,48.26733883415575,359
6,1,y_money,n_unfed,10.352730819795655,17.00641794558854,0.6087543451489236,19.110791442483485,359
6,1,y_money,n_weeds,-9.433536885850401,16.731220081309946,-0.5638283902791037,-38.16589024999678,359
6,1,y_money,n_planted,-52.5879660875563,25.664287726012184,-2.0490717158791623,-981.7886068801276,359
6,1,y_money,n_empty,-31.2412290082289,26.033218112229246,-1.2000525203433516,-27.536810678417776,359
6,1,y_money,n_animals,-185.48298277483167,31.083497095916936,-5.967249508717484,-2141.3222241511535,359
6,1,y_money,n_structures,74.24012273947045,33.76485852605453,2.1987393396653307,876.1187611732473,359
6,1,y_money,n_money,9.930516397328528,19.181892622249396,0.5177026372157854,20.421544605794576,359
6,1,y_money,n_output_per_day,53.82593646824229,23.355368894317056,2.30464938112536,564.0894475649716,359
6,1,y_money,n_revenue_per_day,-53.55857311083817,23.10606398326076,-2.317944464692853,-226.01273664538135,359
6,1,y_money,n_shed,-13.767128423909645,20.8003524081475,-0.6618699603626456,-62.1004982436903,359
6,1,y_money,n_labour,-109.18933986341071,22.035316286605667,-4.955197304328338,-1230.8671376725965,359
6,1,y_money,n_quadrants,169.66691651505977,35.684527657732815,4.754635346232278,11794.376218352483,359
6,1,y_money,n_melon_tiles,74.92903078845133,20.669756521060204,3.6250562851142876,3141.5959317491447,359
7,1,y_money,n_dry_plants,52.37533431504725,70.63419728285938,0.7415010905455145,121.84357668316655,359
7,1,y_money,n_unfed,105.75562062632538,79.27397812268204,1.3340521458713872,68.35493846637124,359
7,1,y_money,n_weeds,-63.053264493130285,64.48443634204095,-0.9778059338020824,-251.19855567982634,359
7,1,y_money,n_planted,39.72662274376017,64.73857978776188,0.6136468064946654,1094.1695780555137,359
7,1,y_money,n_empty,60.53747610082121,60.74367465144639,0.9966054317291739,114.25104816892667,359
7,1,y_money,n_animals,607.4648321526699,133.42432631589136,4.552879140753199,4531.524803919816,359
7,1,y_money,n_structures,-129.48320520401356,106.87443697435407,-1.211545144654982,-1284.880600600798,359
7,1,y_money,n_money,-99.81341310951169,66.22010754862396,-1.507297659343439,-203.7242108800087,359
7,1,y_money,n_output_per_day,-63.7109611401779,70.45906063346928,-0.904226661090541,-690.6304675174059,359
7,1,y_money,n_revenue_per_day,107.04447773824043,64.45875171565916,1.6606663158857882,684.7919284954052,359
7,1,y_money,n_shed,-113.48128803985848,65.56313165505735,-1.7308704629441671,-639.0484271494896,359
7,1,y_money,n_labour,-42.2805890190196,75.38899103267451,-0.5608324032443235,-1467.4010922064006,359
7,1,y_money,n_quadrants,170.59623649752172,101.51869370659746,1.680441604090844,11858.97779021765,359
7,1,y_money,n_melon_tiles,88.56165074525313,73.40157043067228,1.206536184793206,3713.1792412448785,359
8,1,y_money,n_dry_plants,-35.774928129438116,56.158916046595955,-0.6370302464484016,-85.38091987610206,359
8,1,y_money,n_unfed,371.87556799277735,76.31446717321793,4.872936702141906,294.3359254081306,359
8,1,y_money,n_weeds,-65.24898212096461,53.43018097015478,-1.2212008444704991,-220.16307698774625,359
8,1,y_money,n_planted,-503.5350312108736,60.90187689423814,-8.267972300513986,-11520.603308119886,359
8,1,y_money,n_empty,533.775040994521,76.25124910259369,7.000213731270726,400.5721458583987,359
8,1,y_money,n_animals,-120.59048134500004,140.2426391439783,-0.8598703082105962,-1299.8712717883354,359
8,1,y_money,n_structures,-35.94754430459074,147.24467563570062,-0.24413476514104243,-402.711622694468,359
8,1,y_money,n_money,222.6138253617642,69.47982361021147,3.204006771960869,410.7741415325027,359
8,1,y_money,n_output_per_day,-159.0650357885113,62.97966840184234,-2.5256569274642002,-1764.756028353196,359
8,1,y_money,n_revenue_per_day,-149.88835880714743,63.724633791736515,-2.3521258560231098,-654.3801693649989,359
8,1,y_money,n_shed,-44.56633468398329,61.0594126663435,-0.7298847587597033,-182.54748125484534,359
8,1,y_money,n_labour,216.94619849614008,74.19445738160472,2.9240216338576293,3003.062595770511,359
8,1,y_money,n_quadrants,117.90343878096694,62.274132542460386,1.8932971679786437,2454.9723091465585,359
8,1,y_money,n_melon_tiles,-107.80722364127439,63.91941526890145,-1.686611543421386,-4520.1003087951185,359
9,1,y_money,n_dry_plants,410.3282546044796,215.38455606525343,1.9050959924915207,1215.3529268729255,359
9,1,y_money,n_unfed,-1069.9667529654157,254.65763178913897,-4.201589190350153,-778.5564337102824,359
9,1,y_money,n_weeds,954.6677063298408,198.52351451468982,4.808839439819608,3183.2632106108913,359
9,1,y_money,n_planted,1423.3534314687386,654.4905731238762,2.174750087957858,10079.830596007714,359
9,1,y_money,n_empty,-777.6121079623625,282.4201197851652,-2.7533877846730115,-717.1703934117944,359
9,1,y_money,n_animals,743.3156830221676,479.1780029294583,1.5512308129294368,9960.487154228667,359
9,1,y_money,n_structures,-117.30625743977376,497.716874947512,-0.23568872856108122,-1632.6098674658788,359
9,1,y_money,n_money,55.761797132928876,267.57342091401375,0.20839811720629847,84.11476646013047,359
9,1,y_money,n_output_per_day,-631.9674981109342,215.6748942171284,-2.930185733508267,-7365.681572132269,359
9,1,y_money,n_revenue_per_day,-1586.3539144485944,255.69596670596763,-6.204063110126371,-5526.991945009285,359
9,1,y_money,n_shed,-601.31959425879,204.22732522338447,-2.9443640492332,-3981.023980443394,359
9,1,y_money,n_labour,102.51323919700454,248.91655527430612,0.4118377706297394,4394.419123467795,359
9,1,y_money,n_quadrants,-832.7394383093431,765.3047191536153,-1.088114861267688,-4499.435275844862,359
9,1,y_money,n_melon_tiles,1092.0777132534636,219.50205268518118,4.975250572347795,45788.21939919958,359
10,1,y_money,n_dry_plants,-161.93589585753404,129.3196948898867,-1.2522137172951067,-276.6418834012551,359
10,1,y_money,n_unfed,-585.56928492258,154.38623712044162,-3.792885271669383,-464.75783102348845,359
10,1,y_money,n_weeds,721.1022336518837,127.1872818152414,5.669609597439096,2184.747282438315,359
10,1,y_money,n_planted,-199.2630033169203,423.2142653472992,-0.4708324355593273,-886.8722670635293,359
10,1,y_money,n_empty,-1099.4501187445421,184.069277761799,-5.973023483947834,-1164.9218624521598,359
10,1,y_money,n_animals,-241.99560790278093,351.89931119813417,-0.6876842329666487,-3438.3952709226305,359
10,1,y_money,n_structures,-44.34163668864516,338.0624908475954,-0.13116402407575928,-539.7626146257206,359
10,1,y_money,n_money,1057.7653615358456,181.0797300585785,5.841434384697079,3170.930085894199,359
10,1,y_money,n_output_per_day,61.87715971836271,264.05241406938734,0.23433665598718106,339.5989738787562,359
10,1,y_money,n_revenue_per_day,-471.11960717793653,151.813201678914,-3.10328483931429,-1260.811631985774,359
10,1,y_money,n_shed,86.41360504181716,126.77128102940964,0.6816496949476285,271.8650105871129,359
10,1,y_money,n_labour,230.74885964243617,127.84036652632135,1.8049765180775414,3633.8551866220305,359
10,1,y_money,n_quadrants,-2842.943317181989,394.41255645705576,-7.208044649287258,-16860.012391178487,359
10,1,y_money,n_melon_tiles,1576.1244882410892,130.19985326712018,12.105424458562839,66083.14865526835,359
11,1,y_money,n_dry_plants,320.31186019586005,150.20759493419894,2.132461147095646,721.9449996718862,359
11,1,y_money,n_unfed,-558.0344071964656,141.79708578456317,-3.9354434127391382,-658.1129312638072,359
11,1,y_money,n_weeds,-91.7855214865401,165.22174037732975,-0.5555293224543112,-318.37706250600377,359
11,1,y_money,n_planted,-531.693941069627,148.0306883040724,-3.5917818606467957,-9403.120090318434,359
11,1,y_money,n_empty,-999.9466270860603,207.69396374324862,-4.81451944516883,-1339.139657515291,359
11,1,y_money,n_animals,-423.15084324099945,352.8837705292006,-1.199122426646097,-6297.501796112177,359
11,1,y_money,n_structures,352.9201471218824,348.0530411078288,1.0139838054526458,4727.0028948605095,359
11,1,y_money,n_money,77.19829028304633,238.8853952759054,0.32316035977789537,278.88703456371576,359
11,1,y_money,n_output_per_day,-361.4244477003665,166.60678681340715,-2.1693260797661695,-3183.8727868691167,359
11,1,y_money,n_revenue_per_day,-880.1368490493846,137.20909380410583,-6.414566444888564,-2742.9078328251617,359
11,1,y_money,n_shed,-315.61353751085045,145.26375570555928,-2.172692947238537,-14139.377189048571,359
11,1,y_money,n_labour,-8.373000121098537,159.88593019090968,-0.05236858622332101,-158.25670553866001,359
11,1,y_money,n_quadrants,281.7896340263871,156.5532213501478,1.7999606242284523,9011.854125061825,359
11,1,y_money,n_melon_tiles,142.5608154427604,179.59771750534767,0.7937785480960554,5977.235700356154,359
12,1,y_money,n_dry_plants,-541.5728118982862,161.90709548126026,-3.34496033227259,-1170.9557295780082,359
12,1,y_money,n_unfed,-1583.2289277703753,209.0569619907612,-7.573193988346308,-1137.7888767358208,359
12,1,y_money,n_weeds,49.23767352766412,185.9596689349984,0.26477608725403246,169.65824570743493,359
12,1,y_money,n_planted,-57.51287330445601,187.8231995457888,-0.30620750494900995,-1123.0400205364592,359
12,1,y_money,n_empty,-207.43470887688608,174.60088630560242,-1.1880507210817641,-465.8911942268627,359
12,1,y_money,n_animals,701.9133001491142,433.4318459165024,1.6194317670980107,10949.847442240489,359
12,1,y_money,n_structures,-1292.3624803044806,411.3093266566439,-3.142069475568516,-18118.666464957645,359
12,1,y_money,n_money,-756.6874770555588,233.46373757330022,-3.2411349399303733,-3060.2080540086185,359
12,1,y_money,n_output_per_day,80.27993533153837,165.90865525962073,0.48388033286095294,904.8430623468273,359
12,1,y_money,n_revenue_per_day,-123.87473918766605,163.47849167247588,-0.7577433454417066,-454.91896849880777,359
12,1,y_money,n_shed,417.62814484659606,157.21825980391503,2.656359034678721,15457.96803914787,359
12,1,y_money,n_labour,-548.7767116713046,192.2369340042472,-2.8546892641305868,-10116.005428567696,359
12,1,y_money,n_quadrants,17.41885176142559,181.73300788068758,0.09584858559575218,557.0685793408009,359
12,1,y_money,n_melon_tiles,69.27171422648729,193.7288040382732,0.35757054595145243,2904.398112577265,359
13,1,y_money,n_dry_plants,-248.09680599133225,131.30722503336622,-1.8894375837147488,-599.8000641985169,359
13,1,y_money,n_unfed,-80.64047691050712,137.1410851432475,-0.5880110750638732,-81.0408623919497,359
13,1,y_money,n_weeds,53.13999491137738,164.28262968934538,0.32346691194232685,221.05659966710826,359
13,1,y_money,n_planted,650.0499165405778,155.13670411562993,4.190174854147141,14107.847287992681,359
13,1,y_money,n_empty,143.33652841763228,137.02127512795875,1.0460895819556195,395.39763072232284,359
13,1,y_money,n_animals,1496.9212135365617,384.020208960061,3.8980271834919114,24136.469011320078,359
13,1,y_money,n_structures,-1485.1379877510942,365.6572429980851,-4.061557691498734,-21923.991712404484,359
13,1,y_money,n_money,-156.0050433016444,244.6347869996028,-0.6377058848212691,-646.4722451998207,359
13,1,y_money,n_output_per_day,-390.6957600473672,138.05293244516298,-2.8300431807383615,-4833.623544683115,359
13,1,y_money,n_revenue_per_day,-435.04419614057116,172.8805414833533,-2.5164439699679075,-1097.1848122961205,359
13,1,y_money,n_shed,-42.13139905905418,146.21451763998715,-0.2881478511100458,-1887.4720884804037,359
13,1,y_money,n_labour,154.36973622707168,153.6702142240047,1.0045520988345034,6233.9295026826,359
13,1,y_money,n_quadrants,1425.1266370276617,191.346882929691,7.447869624044589,99067.51452283138,359
13,1,y_money,n_melon_tiles,145.11125033302622,154.98470985004212,0.9362939768279779,6084.169365334043,359
14,1,y_money,n_dry_plants,11.235440612445483,174.973575208394,0.06421221375321412,22.697081927501753,359
14,1,y_money,n_unfed,-48.16732724379676,169.22304943161518,-0.28463809986630506,-68.69063308886115,359
14,1,y_money,n_weeds,429.09340557640087,187.6038203065693,2.287231703891775,1867.000398111327,359
14,1,y_money,n_planted,446.13975795284654,178.0804247430507,2.50527119191553,10423.371815264572,359
14,1,y_money,n_empty,-318.4610099926462,173.22962753672024,-1.8383749623033776,-962.6613727367726,359
14,1,y_money,n_animals,1617.6225145672684,464.09224519785664,3.4855624744982037,26676.524254783344,359
14,1,y_money,n_structures,-2063.3707385926537,448.94132132508145,-4.59608113706814,-30873.675345450247,359
14,1,y_money,n_money,-122.95833653202023,286.783779751092,-0.42874927110152233,-606.6745542387977,359
14,1,y_money,n_output_per_day,-586.9619795379523,175.42278542880254,-3.345984833744291,-7651.259903420064,359
14,1,y_money,n_revenue_per_day,-1021.9030422404461,213.28204217967075,-4.791322475145777,-2545.3509008024826,359
14,1,y_money,n_shed,35.041801475034305,186.6452096070845,0.18774551754530658,1569.8605717197252,359
14,1,y_money,n_labour,597.1944170706158,182.0951426649428,3.279573569787419,13100.90113985773,359
14,1,y_money,n_quadrants,316.2648547792838,253.9797977151883,1.2452362653424176,21985.115062655103,359
14,1,y_money,n_melon_tiles,194.0296603137575,185.65726956619153,1.0450959489339091,8135.201871239468,359
15,1,y_money,n_dry_plants,-41.86277764966142,157.52144526283337,-0.2657592277661688,-65.3308006186928,359
15,1,y_money,n_unfed,-298.1490205586376,131.1887888068676,-2.2726714932749634,-322.8709282726325,359
15,1,y_money,n_weeds,-257.24228350531456,169.93270681278267,-1.5137891247075945,-986.8807564393188,359
15,1,y_money,n_planted,-55.27871168378406,160.5163331944502,-0.3443806034169693,-1263.6113398198297,359
15,1,y_money,n_empty,-128.24588976732684,144.7964659300817,-0.8856976511377931,-377.81835070093024,359
15,1,y_money,n_animals,214.73854250410187,366.2848100477034,0.5862611187074213,3670.5038807228307,359
15,1,y_money,n_structures,-198.8244724643125,389.7120033214265,-0.5101830858936263,-2881.7242865022317,359
15,1,y_money,n_money,-470.8106682329432,207.69518500827283,-2.2668347762332095,-2901.4083534216347,359
15,1,y_money,n_output_per_day,-243.7685387332408,144.53871615205819,-1.68652763233894,-3252.602581993729,359
15,1,y_money,n_revenue_per_day,330.64254755741484,164.16920652164927,2.0140351200017066,1058.5525045308657,359
15,1,y_money,n_shed,86.26778852174573,156.12704504827605,0.5525486535345037,3864.767052750718,359
15,1,y_money,n_labour,354.90720907863374,143.67229266761436,2.4702550678975457,13408.15305600888,359
15,1,y_money,n_quadrants,378.2138623174399,239.44588641300248,1.579537940631341,26291.493207941396,359
15,1,y_money,n_melon_tiles,37.82233706097024,153.3213357460559,0.24668671765040504,1585.800576754596,359
16,1,y_money,n_dry_plants,-102.38452969343884,117.92481642940086,-0.868218690463125,-211.1538046073902,359
16,1,y_money,n_unfed,-23.52703866331932,114.77003161764829,-0.20499287428706736,-23.043522468701923,359
16,1,y_money,n_weeds,-190.86404362769122,122.7102017473574,-1.555404855585298,-815.52415742275,359
16,1,y_money,n_planted,-51.26958417027764,128.07861810536852,-0.4002977618645046,-1313.8935325659693,359
16,1,y_money,n_empty,197.916964889652,118.95379911012708,1.6638137358389122,599.3875993122371,359
16,1,y_money,n_animals,666.4739034852419,315.48408652580184,2.1125436494266228,11784.006421355994,359
16,1,y_money,n_structures,-926.5746804373525,342.209727634678,-2.7076222725804757,-13859.864111217976,359
16,1,y_money,n_money,310.087238504524,161.42126301460561,1.9209813670982545,2054.2761714575504,359
16,1,y_money,n_output_per_day,179.17909576909946,119.55709396881598,1.4986906240447317,2444.244311167336,359
16,1,y_money,n_revenue_per_day,-537.9063531089888,122.25122253899345,-4.400007966688573,-1697.6769135946374,359
16,1,y_money,n_shed,-17.368793468927795,128.62580030329946,-0.13503351137930497,-778.1159328991411,359
16,1,y_money,n_labour,152.78458229639793,125.0041037859104,1.22223653199471,6324.42897715058,359
16,1,y_money,n_quadrants,714.9833975122663,204.19031330671,3.5015539470685106,49701.98877508941,359
16,1,y_money,n_melon_tiles,63.41524738541377,126.83842730030453,0.49996872978620976,2658.8503961749852,359
17,1,y_money,n_dry_plants,290.04526328732663,141.45690085269953,2.050414377375294,686.1845995451175,359
17,1,y_money,n_unfed,-353.5022932773325,139.89632770707647,-2.5268875821924173,-333.4676622481628,359
17,1,y_money,n_weeds,130.10419703686145,156.98262919073312,0.8287808511525533,601.1492026157879,359
17,1,y_money,n_planted,55.70912941933219,168.15215457675887,0.33130190665443915,1489.7324932115127,359
17,1,y_money,n_empty,851.5572513648481,151.1733390774326,5.632985661107025,2327.1339640338692,359
17,1,y_money,n_animals,616.7951766830691,351.55908830456366,1.7544566395869288,10919.479309521887,359
17,1,y_money,n_structures,-112.27038791312688,370.01318509071103,-0.3034226682641136,-1644.1782322282368,359
17,1,y_money,n_money,-902.1158487439834,204.65586578045608,-4.407964781775301,-6466.005394751237,359
17,1,y_money,n_output_per_day,-68.19988138045731,151.8936653213589,-0.44899753545460874,-872.0275697529177,359
17,1,y_money,n_revenue_per_day,-709.25859638624,162.5523590093012,-4.363262401781917,-2136.6005560841436,359
17,1,y_money,n_shed,34.18416780174535,161.62017938812448,0.21150928016020465,1531.4388801398927,359
17,1,y_money,n_labour,-35.98095870093259,172.58539529737976,-0.2084820597880501,-1587.0381432544807,359
17,1,y_money,n_quadrants,2114.8809438175695,237.8807751445967,8.890508039298389,147015.70595346307,359
17,1,y_money,n_melon_tiles,-428.65396645184785,173.1428462642088,-2.475724384233234,-17972.440627656128,359
18,1,y_money,n_dry_plants,243.83989661492345,109.62725132394041,2.2242635263598336,553.8721354812766,359
18,1,y_money,n_unfed,120.230903250541,108.62876910214318,1.10680535409076,126.37310483969893,359
18,1,y_money,n_weeds,-244.77651850282572,117.0635987431522,-2.0909703881553043,-1242.8499655857652,359
18,1,y_money,n_planted,-225.1153949160962,116.36417666925348,-1.934576442335433,-5649.458921355561,359
18,1,y_money,n_empty,369.30314467609054,122.81358497013376,3.007021941146812,772.4794992629886,359
18,1,y_money,n_animals,-108.07220970010309,178.78867666255402,-0.6044689838164568,-1787.5046106342604,359
18,1,y_money,n_structures,-152.30607555994894,200.00267395346359,-0.7615201964519103,-2262.295827101057,359
18,1,y_money,n_money,30.807976730548546,165.9285211406534,0.18567017001515612,205.08891931126496,359
18,1,y_money,n_output_per_day,120.49148578876631,122.94975485861346,0.9800059050733851,1460.8972183909882,359
18,1,y_money,n_revenue_per_day,-418.4943450159364,115.3388715776526,-3.62838945180925,-1582.755280903226,359
18,1,y_money,n_shed,-109.00767932820646,122.18104243719563,-0.8921816114332088,-4883.506286454445,359
18,1,y_money,n_labour,72.99880696353074,121.88568389627369,0.598912067685108,2565.734037187095,359
18,1,y_money,n_quadrants,1013.6980386596854,182.79457641228058,5.545558618617651,70467.10275245162,359
18,1,y_money,n_melon_tiles,264.3342806067212,121.19701372543881,2.1810296514858636,11082.907276893606,359
19,1,y_money,n_dry_plants,-99.26255000721603,120.175291266671,-0.8259813557426773,-190.70464602927188,359
19,1,y_money,n_unfed,-83.36748485353378,116.51567177660306,-0.7155044774867306,-91.83286050204673,359
19,1,y_money,n_weeds,-289.6922555488798,116.99759404748951,-2.4760531009833695,-1152.5319218543268,359
19,1,y_money,n_planted,-53.764856468673116,122.02049748506656,-0.44062151504711833,-1294.2316910774366,359
19,1,y_money,n_empty,90.08732189622188,126.71142301922714,0.7109644872550446,197.0408252421765,359
19,1,y_money,n_animals,-80.2623630815367,198.8884823980131,-0.40355460564537204,-1284.458678120704,359
19,1,y_money,n_structures,74.98372784542622,213.06356440928408,0.3519312560705422,1079.333047871681,359
19,1,y_money,n_money,-609.4499203968685,184.07892552245676,-3.3108076802768958,-4285.795371257922,359
19,1,y_money,n_output_per_day,-228.18124120123946,123.89688470005295,-1.8417028140267835,-2499.8877998138382,359
19,1,y_money,n_revenue_per_day,-598.9999121714869,122.55441361590547,-4.887624154025139,-1918.1446943641095,359
19,1,y_money,n_shed,-23.591599679000208,134.0669569756365,-0.17596878612891487,-1056.8954962616372,359
19,1,y_money,n_labour,-361.57617978600894,146.72995202252423,-2.4642288421828424,-16032.424176804412,359
19,1,y_money,n_quadrants,1081.9679707104035,198.92776399996896,5.438999307862186,75212.87923938425,359
19,1,y_money,n_melon_tiles,147.0696347530368,137.87143592860195,1.0667157686614523,6166.279763159373,359
20,1,y_money,n_dry_plants,631.9009872012913,124.46194159825005,5.077061944292985,1404.0028807677272,359
20,1,y_money,n_unfed,184.59375831165346,107.59031986627197,1.715709726870335,203.33726453852282,359
20,1,y_money,n_weeds,-42.82552664502852,110.28957388615878,-0.388300771650756,-175.8050176502808,359
20,1,y_money,n_planted,58.00138774870604,114.99245467841439,0.5043929874434941,1286.8857428166116,359
20,1,y_money,n_empty,26.211606783348046,118.71319131580209,0.2207977604916681,52.80396555319434,359
20,1,y_money,n_animals,9.400614408740845,194.11446734661112,0.048428200830364136,143.19841023849386,359
20,1,y_money,n_structures,-280.20715616909064,205.24559656971974,-1.3652285888331215,-3856.517681817317,359
20,1,y_money,n_money,158.06315992424666,172.24260704792735,0.9176774703617021,1128.5352897693456,359
20,1,y_money,n_output_per_day,-121.44181435044037,126.6145368609823,-0.9591459034737743,-1340.377574864933,359
20,1,y_money,n_revenue_per_day,-407.6557522424207,111.50577214321302,-3.6559161414428476,-1325.8469417070348,359
20,1,y_money,n_shed,-88.90929689121447,121.67704275462253,-0.7306990281684569,-3983.1057129948563,359
20,1,y_money,n_labour,3.3187776980150265,129.47629650504808,0.02563231871468947,125.83174117715046,359
20,1,y_money,n_quadrants,1057.1410423141833,188.97177800333063,5.594174185605383,73487.03816284692,359
20,1,y_money,n_melon_tiles,359.0507099190083,119.49640366467217,3.0046988771860232,15054.141735235871,359
21,1,y_money,n_dry_plants,31.667357592663507,122.77652804074754,0.25792680488695385,70.02329233024223,359
21,1,y_money,n_unfed,158.1333875923069,113.21006506606821,1.3968138566126775,154.1746501039755,359
21,1,y_money,n_weeds,146.96656402368254,111.88944964255033,1.3134979615432192,429.0383456500571,359
21,1,y_money,n_planted,-201.932063601293,111.2027536129458,-1.8158908573805752,-4622.176457671094,359
21,1,y_money,n_empty,72.90005498067397,120.97133812506449,0.6026225394424197,144.4734132083529,359
21,1,y_money,n_animals,-452.65005442767614,116.12330132921751,-3.898012278727611,-6662.441638905913,359
21,1,y_money,n_structures,-356.42689102288637,171.39815430985246,-2.079525841209119,-4194.665748387085,359
21,1,y_money,n_money,-382.87447793078326,171.30211283830835,-2.235083219856007,-2868.5452713394634,359
21,1,y_money,n_output_per_day,-1.0583381471432771,121.5634466543767,-0.008706055778035751,-11.784153205776747,359
21,1,y_money,n_revenue_per_day,-496.38081735750916,113.14563869926731,-4.387096339407765,-1374.8460725911639,359
21,1,y_money,n_shed,-140.45369730830632,124.52640456987858,-1.1279029358748576,-6292.277002757922,359
21,1,y_money,n_labour,6.171310684889774,130.68059475230635,0.04722438474195006,261.15326214450977,359
21,1,y_money,n_quadrants,676.1073100450247,202.28530692897706,3.342345127826847,46999.52201902311,359
21,1,y_money,n_melon_tiles,98.8821919448349,120.86266331033457,0.8181367945776503,4145.8949711146,359
22,1,y_money,n_dry_plants,-56.80741912328208,99.19602993809177,-0.5726783537479835,-115.55361665528324,359
22,1,y_money,n_unfed,15.46702744991012,97.81664681205453,0.1581226504280867,15.947722858528808,359
22,1,y_money,n_weeds,-38.52345942215253,100.5428872301359,-0.38315449738353863,-107.39215973722077,359
22,1,y_money,n_planted,-200.5732910346716,103.63897492410555,-1.9353075537610314,-4310.400448155913,359
22,1,y_money,n_empty,34.85266408083363,103.47689004198051,0.3368159215714149,70.57728440222019,359
22,1,y_money,n_animals,-480.47616494635264,104.38548569431391,-4.602902039019062,-6508.0584742743,359
22,1,y_money,n_structures,-175.6583102019883,157.4840091759612,-1.1154041043349388,-2067.262363704544,359
22,1,y_money,n_money,101.4195967664066,148.77584326165007,0.681693980305938,778.9390457431252,359
22,1,y_money,n_output_per_day,-329.60538530095954,134.9949868232428,-2.4416120409903224,-2990.325895605288,359
22,1,y_money,n_revenue_per_day,26.402843811607344,102.50131310018286,0.25758542025507225,79.66993510942147,359
22,1,y_money,n_shed,-63.87551831504097,112.2770394038551,-0.5689098915877521,-2861.601101541137,359
22,1,y_money,n_labour,-288.76613785945614,104.28412851552679,-2.7690324689865147,-8769.717988279379,359
22,1,y_money,n_quadrants,624.8742283936152,170.65531321915032,3.661616017727915,43438.06023122278,359
22,1,y_money,n_melon_tiles,-79.71777771679774,103.14326212778167,-0.772884006887792,-3342.3766933573415,359
23,1,y_money,n_dry_plants,-454.5480306694647,140.2907022620839,-3.240043875611239,-1865.728489350419,359
23,1,y_money,n_unfed,-86.81280688780635,108.063606534582,-0.8033491540005647,-86.16392682642712,359
23,1,y_money,n_weeds,-271.7355386096841,109.97791351086514,-2.470819184825127,-736.461923784784,359
23,1,y_money,n_planted,387.9763303188026,109.38977390381204,3.5467330854889196,9265.663349993385,359
23,1,y_money,n_empty,17.104792865703672,115.48675577111406,0.14811042834733418,31.187704113333233,359
23,1,y_money,n_animals,29.576604134172065,125.56706092337546,0.23554428937554361,395.7589991072174,359
23,1,y_money,n_structures,413.2948665193631,170.60526635374987,2.4225211527901873,4863.925433902425,359
23,1,y_money,n_money,-348.38497085829357,158.93340566065888,-2.1920185338640237,-2709.0840232469095,359
23,1,y_money,n_output_per_day,321.1106242229708,140.75787970462028,2.2812976786579897,3015.2014504443514,359
23,1,y_money,n_revenue_per_day,362.82153306189,121.64688545844747,2.982579715826952,890.7327534640068,359
23,1,y_money,n_shed,102.83152663403409,121.04712775033575,0.8495164531795251,4606.816784448975,359
23,1,y_money,n_labour,-137.0191103444815,113.73133755005455,-1.2047612671764958,-4170.750184511444,359
23,1,y_money,n_quadrants,622.6741018068769,202.49819520183632,3.074961241932246,43285.11868419061,359
23,1,y_money,n_melon_tiles,309.7504858926297,112.94940187791536,2.7423827018352207,12987.100675104288,359
24,1,y_money,n_dry_plants,-6.97824874677168,118.17229013010224,-0.05905148101207948,-9.456946208342192,359
24,1,y_money,n_unfed,48.495482001629625,87.68348930581962,0.5530742718562289,52.514431257318954,359
24,1,y_money,n_weeds,0.5628590016841938,90.93903269237205,0.006189410476667697,1.329611937164817,359
24,1,y_money,n_planted,155.57828598014333,93.38732577359548,1.6659464728363798,3498.020734029123,359
24,1,y_money,n_empty,44.73393186131226,91.75700529848238,0.48752606643813534,81.28492865564232,359
24,1,y_money,n_animals,-192.1801827517739,97.82746996581574,-1.9644807620899145,-2515.6918720671265,359
24,1,y_money,n_structures,-72.2005383538235,136.4140987601238,-0.5292747524637018,-849.7033553746227,359
24,1,y_money,n_money,-162.86338171988564,125.88845836216314,-1.2937117813560868,-1275.7176454441953,359
24,1,y_money,n_output_per_day,-30.934799565648813,105.95277051988403,-0.2919678212646956,-314.88085575618294,359
24,1,y_money,n_revenue_per_day,-310.2541080989171,103.60207742744639,-2.99467072285487,-692.4643912986458,359
24,1,y_money,n_shed,197.4265563141543,97.69749071452726,2.0207945451847484,8844.641357517175,359
24,1,y_money,n_labour,-95.81860978747378,112.52197879216696,-0.8515546101838021,-4323.966518699866,359
24,1,y_money,n_quadrants,698.0926336885258,168.6282174337844,4.139832848334812,48527.82926748233,359
24,1,y_money,n_melon_tiles,-74.62788518395008,98.20271672351745,-0.7599370737783092,-3128.96961327138,359
25,1,y_money,n_dry_plants,-95.69348637833258,178.2036791259321,-0.5369893980174696,-443.29943859559825,359
25,1,y_money,n_unfed,-102.39178818238423,132.36427504180708,-0.7735606012275135,-283.9187907419651,359
25,1,y_money,n_weeds,-91.49440610894925,111.81219172431213,-0.8182864918214009,-213.58132176204344,359
25,1,y_money,n_planted,67.44086076290284,110.35499653365517,0.6111264816390555,1491.6098374215815,359
25,1,y_money,n_empty,510.87750640708526,108.75630420180805,4.697451887102578,931.727779235219,359
25,1,y_money,n_animals,-154.49787516196335,767.2435005582499,-0.20136746032980402,-1278.4100133225438,359
25,1,y_money,n_structures,380.0649768131687,678.9319880586122,0.559798306012881,4472.854267040595,359
25,1,y_money,n_money,-147.35936117005815,142.85909072409743,-1.0315014635971054,-1142.2410169487391,359
25,1,y_money,n_output_per_day,-35.32616650561696,112.84196475332894,-0.31305876836547025,-381.88789560003306,359
25,1,y_money,n_revenue_per_day,27.00339403509518,120.46266462809017,0.22416401063735375,61.33835926124892,359
25,1,y_money,n_shed,-255.79335901001923,119.07213789629945,-2.14822177151796,-11459.453906890914,359
25,1,y_money,n_labour,156.86802782476707,120.7880058216251,1.2987053371542825,5988.47588960973,359
25,1,y_money,n_quadrants,630.8376951297703,240.0812837377028,2.6276004747583013,43852.60993658977,359
25,1,y_money,n_melon_tiles,85.56902179607904,118.71244126069406,0.7208092166866349,3587.7054317877155,359
26,1,y_money,n_dry_plants,-87.54936331789956,209.18840405743248,-0.4185191990559045,-405.5718427353132,359
26,1,y_money,n_unfed,-410.32036141475095,168.3098718817879,-2.4378864818038637,-1137.7637103296995,359
26,1,y_money,n_weeds,234.60002324314908,140.54762941557996,1.6691852023307285,516.6224024274001,359
26,1,y_money,n_planted,496.1045004347797,196.46234173321497,2.525188776933456,6405.505064626664,359
26,1,y_money,n_empty,-206.63374244559841,170.95523968861065,-1.2087008436943787,-254.87945750001975,359
26,1,y_money,n_animals,5268.751138291929,981.7140908594768,5.366889593770843,43596.87281029501,359
26,1,y_money,n_structures,-4595.813245899684,869.3213840127684,-5.286667658726524,-54086.54872598048,359
26,1,y_money,n_money,-51.39805725853028,177.7072674306458,-0.28922878620363407,-397.28021852951156,359
26,1,y_money,n_output_per_day,-142.50860020775937,148.11351484119803,-0.9621579797127356,-1622.6713640785235,359
26,1,y_money,n_revenue_per_day,-823.1102593748493,134.49537463049396,-6.119989342653771,-1996.824467331073,359
26,1,y_money,n_shed,298.5432013169803,149.18699109233953,2.0011342753886394,13374.632038721487,359
26,1,y_money,n_labour,51.46212801698143,168.42768793612584,0.30554434753327386,2107.3442018218557,359
26,1,y_money,n_quadrants,-34.10902235005039,296.9825525943422,-0.11485194012942898,-2371.0847718563896,359
26,1,y_money,n_melon_tiles,336.22549024464934,156.12311563396395,2.1535919833482033,14097.134597739321,359
27,1,y_money,n_dry_plants,-868.4360785129259,307.09381750935967,-2.8279178185879874,-4023.0243523462163,359
27,1,y_money,n_unfed,-404.2810667739117,199.50645361094178,-2.026405960592641,-1121.017550683505,359
27,1,y_money,n_weeds,-262.26655242382986,180.4952749706362,-1.4530383272719831,-333.52386188448173,359
27,1,y_money,n_planted,591.3872650499538,215.41877507451306,2.745291188501995,9546.754170760058,359
27,1,y_money,n_empty,-593.2951377468951,191.18048720921564,-3.103324750384337,-1576.0698728809298,359
27,1,y_money,n_animals,910.4091187098148,1095.672471062995,0.8309135647321301,7533.282463326204,359
27,1,y_money,n_structures,-720.7783027641533,992.2603765671939,-0.7264003680745017,-8482.59246127205,359
27,1,y_money,n_money,-263.8761642676795,231.27981217331762,-1.1409390287377725,-2033.820047577093,359
27,1,y_money,n_output_per_day,-180.1515485897536,281.73483096980544,-0.6394365509213914,-1980.6820583347433,359
27,1,y_money,n_revenue_per_day,-213.22862816589011,157.024186903581,-1.3579349294565737,-526.8518703902007,359
27,1,y_money,n_shed,182.71697947603144,179.3027991306104,1.0190414224539464,8185.657408837974,359
27,1,y_money,n_labour,442.89256541396287,212.45533463038632,2.0846384779392513,17660.558333995607,359
27,1,y_money,n_quadrants,149.00219089684063,446.43255370677883,0.3337619303513128,10357.870189973817,359
27,1,y_money,n_melon_tiles,128.44389681282664,196.50457539056887,0.6536432882416805,5385.3469001146705,359
0,1,y_plants,n_dry_plants,-0.5416707246070619,0.15156318319703518,-3.5738938255399337,-2.5092860257242253,359
0,1,y_plants,n_unfed,-0.334433372256171,0.10078256920746732,-3.3183652181729824,-0.9273391970222989,359
0,1,y_plants,n_weeds,-0.2527858391482062,0.0910782741622121,-2.7754790203642847,-1.0201461039386492,359
0,1,y_plants,n_planted,-0.38234417822336003,0.10525161650120884,-3.6326679906048636,-6.172175313601596,359
0,1,y_plants,n_empty,-1.840064192244976,0.11726598056921288,-15.691372581487357,-0.8760041603956342,359
0,1,y_plants,n_animals,-0.24467124764704412,0.6002647166488204,-0.40760557944002374,-2.0245597076089012,359
0,1,y_plants,n_structures,0.04242905106570659,0.5476941548690639,0.07746851173872764,0.49933293958580155,359
0,1,y_plants,n_money,0.7638235122530118,0.09976704742606844,7.656070134971539,1.4998540137097245,359
0,1,y_plants,n_output_per_day,-0.4501797182257343,0.13155077923569955,-3.422098453853681,-4.949515548969402,359
0,1,y_plants,n_revenue_per_day,-0.03217456710763315,0.07942644767379901,-0.40508631633348,-0.2222362824778972,359
0,1,y_plants,n_shed,0.10548612920461332,0.08901532297595031,1.1850333816472587,4.725742060368572,359
0,1,y_plants,n_labour,0.29590976116382317,0.08604352645945908,3.4390705883404986,9.26487500017116,359
0,1,y_plants,n_quadrants,1.0911072141972535,0.21104041804786097,5.17013387430746,75.848192700895,359
0,1,y_plants,n_melon_tiles,0.3079767884216175,0.09412899956947758,3.2718587239875707,1.7523913425229287,359
1,1,y_plants,n_dry_plants,-0.1127355151038753,0.10232683499284628,-1.1017199458163316,-0.5222465232142409,359
1,1,y_plants,n_unfed,-0.42509432624199345,0.08634550645300716,-4.92317832976459,-0.23869627402968668,359
1,1,y_plants,n_weeds,-0.0618098924602001,0.06012922153174583,-1.0279509843241017,-0.24944087529037312,359
1,1,y_plants,n_planted,0.623690151028134,0.07224659688995394,8.632796254446962,7.561750712664532,359
1,1,y_plants,n_empty,0.15906118800735466,0.06487961635875272,2.45163576689208,0.3512227982687114,359
1,1,y_plants,n_animals,-0.04440222273058363,0.0931261664278443,-0.4767964196720931,-0.48901808346465375,359
1,1,y_plants,n_structures,-0.07196415053695221,0.1020763145702757,-0.7050034167074831,-0.9156276721433347,359
1,1,y_plants,n_money,-0.06249210871270928,0.07357812556658325,-0.8493299908293822,-0.10660962932839844,359
1,1,y_plants,n_output_per_day,-0.2165564290968626,0.07944573562509355,-2.7258408194342603,-2.657308305919257,359
1,1,y_plants,n_revenue_per_day,-0.007281033988657016,0.06069872219258165,-0.11995366171887675,-0.04193853528339686,359
1,1,y_plants,n_shed,0.20547639896559383,0.0586330172192075,3.504448665798528,5.849919742782576,359
1,1,y_plants,n_labour,-0.18789350664471066,0.05567154026222923,-3.375036971488077,-2.160496098619753,359
1,1,y_plants,n_quadrants,-0.7794458242579018,0.1049132797938089,-7.429429580218862,-54.18308696796267,359
1,1,y_plants,n_melon_tiles,0.35351826312199264,0.059872955925678276,5.9044731908814265,2.117464919018626,359
2,1,y_plants,n_dry_plants,0.017822881235058954,0.10317473301254353,0.17274463150674813,0.0646508719715509,359
2,1,y_plants,n_unfed,-0.2280894603584977,0.09635286082786206,-2.3672308055905877,-0.3332584953415634,359
2,1,y_plants,n_weeds,-0.10964808256903637,0.09354560322519284,-1.1721350741101102,-0.44777360217669254,359
2,1,y_plants,n_planted,0.32876759660879984,0.13786415264037621,2.384721410984931,3.779600245934322,359
2,1,y_plants,n_empty,1.25872160418272,0.09867422279870265,12.756336644784492,2.3285824591938797,359
2,1,y_plants,n_animals,0.07219411423507095,0.2058504033998394,0.3507115509258569,0.6892013963363689,359
2,1,y_plants,n_structures,-0.7680198353015248,0.2040918215496384,-3.7631093175124124,-9.919223609862442,359
2,1,y_plants,n_money,-0.12076908175709433,0.08634458332725764,-1.3986874115700252,-0.2959616828036027,359
2,1,y_plants,n_output_per_day,0.3409473885174001,0.12892808440104128,2.6444772688691747,4.121690729364014,359
2,1,y_plants,n_revenue_per_day,-0.10897878268823438,0.09109396262046432,-1.196333758607974,-0.7480327783248022,359
2,1,y_plants,n_shed,0.1115799579008147,0.10896338851317275,1.0240132894483693,1.9161348698064742,359
2,1,y_plants,n_labour,-0.2456883205680764,0.1025127821374645,-2.3966603524487384,-5.498848244606116,359
2,1,y_plants,n_quadrants,-0.6728915139996061,0.1520567658144605,-4.425265198792059,-46.77597632620215,359
2,1,y_plants,n_melon_tiles,-0.8151294324622934,0.09327840890821207,-8.738672132201549,-5.386007239401782,359
3,1,y_plants,n_dry_plants,-0.05699329036773116,0.08855660091872002,-0.6435803743194859,-0.19176765040306148,359
3,1,y_plants,n_unfed,-0.9285864512184854,0.13930548077831192,-6.665828551973631,-0.5197079689375869,359
3,1,y_plants,n_weeds,-0.04284446864553285,0.07592015393919106,-0.5643359032154955,-0.17496541306755298,359
3,1,y_plants,n_planted,1.203577017531694,0.10939480920362865,11.002140104210458,11.293997453803467,359
3,1,y_plants,n_empty,0.3944289585851078,0.09366157961817766,4.211214034538425,0.6859014714451969,359
3,1,y_plants,n_animals,0.11084554310349502,0.2362257385253258,0.4692356717581444,0.6365256562120143,359
3,1,y_plants,n_structures,0.8033882085594893,0.2251441253777893,3.568328541601576,5.167453932370881,359
3,1,y_plants,n_money,-0.03798373111460153,0.08258102169239039,-0.4599571467653763,-0.08863998765214026,359
3,1,y_plants,n_output_per_day,-0.07211657240579644,0.10069442593474404,-0.7161922989911305,-0.8643902964776106,359
3,1,y_plants,n_revenue_per_day,-0.022463641726708162,0.07549737451424067,-0.297542025417996,-0.14909181238743993,359
3,1,y_plants,n_shed,-0.10185243748953238,0.08012660470540482,-1.2711438087761888,-3.3131266199862646,359
3,1,y_plants,n_labour,-0.14593730081205245,0.07268186598893796,-2.0078914984690104,-2.8572200606431175,359
3,1,y_plants,n_quadrants,-0.39173006126883736,0.12922650025062823,-3.0313446584802404,-27.231070225955587,359
3,1,y_plants,n_melon_tiles,0.3024687924677178,0.08085023365757604,3.741099793833126,2.097374793827682,359
4,1,y_plants,n_dry_plants,-0.337565090301255,0.16124896118924564,-2.0934404030366465,-1.2108089271465468,359
4,1,y_plants,n_unfed,0.08294269644353372,0.20397053492708436,0.40664057910709595,0.05242173909233336,359
4,1,y_plants,n_weeds,-0.21880304093641376,0.12257233094729082,-1.7850932526567074,-0.8959520129791178,359
4,1,y_plants,n_planted,0.3289205843685409,0.2213486098058401,1.4859844146166514,2.810246677571422,359
4,1,y_plants,n_empty,0.7413534461498754,0.12985199632135913,5.709218704001792,1.2632193077717033,359
4,1,y_plants,n_animals,0.32882166414663805,0.5508798671684761,0.5969026710610831,1.5394102414413033,359
4,1,y_plants,n_structures,0.17727506987370717,0.5841494015601412,0.30347556532668263,0.7971629719829026,359
4,1,y_plants,n_money,-0.12592723375060008,0.14909611277453944,-0.8446044058910179,-0.2292735902684931,359
4,1,y_plants,n_output_per_day,-0.1264642369021279,0.13275238541940115,-0.9526325007463537,-1.4545635743705623,359
4,1,y_plants,n_revenue_per_day,-0.027280687104292604,0.15535003897147318,-0.17560785491210684,-0.12812560045415142,359
4,1,y_plants,n_shed,-0.018560672624515634,0.2389766933817672,-0.07766729199346988,-0.06528909643302028,359
4,1,y_plants,n_labour,-0.11664279463333709,0.15473524621799142,-0.7538217535066989,-0.8904358003289152,359
4,1,y_plants,n_quadrants,-0.13123933180074562,0.2353931624875929,-0.5575324721152977,-9.123087079653466,359
4,1,y_plants,n_melon_tiles,-0.6384507101038148,0.12357749161782619,-5.166399655353723,-26.768718778004537,359
5,1,y_plants,n_dry_plants,-0.19140080618741,0.29855245041188017,-0.6410960818554838,-0.898436815435854,359
5,1,y_plants,n_unfed,-0.06015048988693134,0.2094027785396586,-0.28724781164037655,-0.04852793063350785,359
5,1,y_plants,n_weeds,0.47943230052334385,0.2030456835937029,2.3612040996778547,1.9521497186453571,359
5,1,y_plants,n_planted,0.5317605151778674,0.22669844114896467,2.3456734527276475,9.358651423749516,359
5,1,y_plants,n_empty,-0.08121182431572836,0.19376661912325144,-0.41912185227358995,-0.16568717023460786,359
5,1,y_plants,n_animals,-0.019617699987841422,1.6548325506301294,-0.011854794601647985,-0.06285365506985645,359
5,1,y_plants,n_structures,-4.806699499661087,1.7361975293612784,-2.7685211033731867,-14.664915060916607,359
5,1,y_plants,n_money,0.030333897037391408,0.24501393104268737,0.12380478492917411,0.06103782180405742,359
5,1,y_plants,n_output_per_day,0.6464803802722088,0.232581415297403,2.7795874379969314,7.177064583769278,359
5,1,y_plants,n_revenue_per_day,0.0997141165514208,0.2019094785149191,0.49385554994662084,0.5316339564393492,359
5,1,y_plants,n_shed,0.30350315212794754,0.1893819036702291,1.60259848615968,3.551746243343558,359
5,1,y_plants,n_labour,0.018052111052988554,0.19288124118089092,0.09359184409259705,0.4113535332912229,359
5,1,y_plants,n_quadrants,1.9375150840720676,0.33108681573088083,5.851985014247589,134.6861385805315,359
5,1,y_plants,n_melon_tiles,2.495430314852347,0.19468168895716562,12.818002187156894,104.62745404030942,359
6,1,y_plants,n_dry_plants,-0.5205856530915555,0.14945766008192277,-3.4831647491751507,-1.745861925435139,359
6,1,y_plants,n_unfed,-0.14323749055597085,0.13431595196566717,-1.0664220329732996,-0.2644115698947428,359
6,1,y_plants,n_weeds,-0.23662933490805046,0.13214245115922096,-1.7907139820112103,-0.9573471048357761,359
6,1,y_plants,n_planted,0.47700280004419454,0.20269543230497267,2.353298219993941,8.905381770300595,359
6,1,y_plants,n_empty,2.591873012289032,0.20560922850781502,12.605820424984072,2.284542532661061,359
6,1,y_plants,n_animals,0.6436894532030476,0.24549611306848604,2.621994479494987,7.431121232661235,359
6,1,y_plants,n_structures,-0.7666135302271608,0.2666733894476295,-2.8747282652201473,-9.046920608661438,359
6,1,y_plants,n_money,-0.0397022532124823,0.15149775668831908,-0.26206495779447714,-0.08164543539219891,359
6,1,y_plants,n_output_per_day,-0.7001757073362344,0.184459691428627,-3.7958195739861864,-7.337758594924588,359
6,1,y_plants,n_revenue_per_day,0.08201448685806534,0.1824906920446663,0.44941736994449843,0.3460943326663604,359
6,1,y_plants,n_shed,0.37267307223546686,0.16428028194181862,2.2685197993965733,1.6810465301998676,359
6,1,y_plants,n_labour,1.0501182961497177,0.17403397313705055,6.033984498663125,11.837749939841537,359
6,1,y_plants,n_quadrants,-0.25578288926904863,0.2818348530612742,-0.9075630160384686,-17.780718175476363,359
6,1,y_plants,n_melon_tiles,-1.9328575692034522,0.16324884128494116,-11.839946636005607,-81.04011772425076,359
7,1,y_plants,n_dry_plants,-0.0068171623118747126,0.5709271096546648,-0.01194051253932957,-0.0158591338799314,359
7,1,y_plants,n_unfed,0.9628517377983764,0.6407613442418639,1.50266826557336,0.62233733677379,359
7,1,y_plants,n_weeds,1.1991908603383,0.5212193848687751,2.300741098952439,4.777468930799754,359
7,1,y_plants,n_planted,1.1164472871456024,0.5232735935734067,2.133582318804671,30.74972330209469,359
7,1,y_plants,n_empty,-1.416692274332768,0.4909832904262278,-2.8854185100737793,-2.673692193671478,359
7,1,y_plants,n_animals,-4.123387958335167,1.0784516269945352,-3.8234333883165084,-30.75936880685805,359
7,1,y_plants,n_structures,1.0073161792788796,0.8638522945675857,1.1660745541957573,9.99574435454761,359
7,1,y_plants,n_money,0.6512959220615002,0.5352485914486554,1.2168101560038889,1.32932782917432,359
7,1,y_plants,n_output_per_day,0.6249617649638343,0.5695115026982995,1.0973646045827272,6.774621324073637,359
7,1,y_plants,n_revenue_per_day,-1.0925496677569602,0.521011779345292,-2.0969769035354013,-6.989330134244075,359
7,1,y_plants,n_shed,1.1922663354168095,0.529938340005934,2.249820866713397,6.714022545494789,359
7,1,y_plants,n_labour,0.376386798541299,0.6093594944910786,0.6176761040798217,13.062977883849252,359
7,1,y_plants,n_quadrants,1.576142803009397,0.8205625122590563,1.9208077135649106,109.56538595956286,359
7,1,y_plants,n_melon_tiles,-0.48702462166799354,0.5932954300064862,-0.8208804535417863,-20.419783280176315,359
8,1,y_plants,n_dry_plants,-0.8385342587932383,0.39883634227234677,-2.1024519832263486,-2.0012570285075952,359
8,1,y_plants,n_unfed,-3.7029539737682993,0.5419795304555961,-6.832276434232748,-2.9308523560600666,359
8,1,y_plants,n_weeds,0.08624924051050581,0.3794570736978775,0.22729643611592593,0.29102213645947383,359
8,1,y_plants,n_planted,3.3675173352160814,0.4325204887833836,7.785798413130466,77.04693605715445,359
8,1,y_plants,n_empty,-2.341160123746632,0.5415305605354437,-4.323228076789954,-1.756926537479164,359
8,1,y_plants,n_animals,-0.18603061939382554,0.9959925362589925,-0.1867791299848166,-2.005264885967304,359
8,1,y_plants,n_structures,0.0038900830356138477,1.0457204658454344,0.0037200027757598006,0.04357965702508952,359
8,1,y_plants,n_money,-0.8814639516019089,0.49344041269301303,-1.7863635181220945,-1.6265054401841854,359
8,1,y_plants,n_output_per_day,0.8464751194296609,0.44727680573597256,1.8925084166544845,9.39126604699371,359
8,1,y_plants,n_revenue_per_day,1.2329686524442438,0.452567493166235,2.7243862430732633,5.382874574311004,359
8,1,y_plants,n_shed,0.26535917009971965,0.43363929583214184,0.6119352481432817,1.0869336343917237,359
8,1,y_plants,n_labour,-1.6590688996730552,0.5269233824671447,-3.1485960860286997,-22.96554533313445,359
8,1,y_plants,n_quadrants,-2.0529985869036618,0.4422661438267506,-4.641998071884709,-42.747308591470166,359
8,1,y_plants,n_melon_tiles,0.3343781949698414,0.45395081637408347,0.7365956462875775,14.019681903382963,359
9,1,y_plants,n_dry_plants,-0.4723680685375555,0.26583720805090044,-1.7769072734434908,-1.399108904191365,359
9,1,y_plants,n_unfed,1.7387849218420388,0.31430978655298364,5.532073757267273,1.2652189275850392,359
9,1,y_plants,n_weeds,-0.7345324249413027,0.24502655991290637,-2.9977665490728396,-2.449239698602097,359
9,1,y_plants,n_planted,0.6155354799208799,0.8078014033753337,0.7619886241208718,4.359067274691182,359
9,1,y_plants,n_empty,0.49374894594951446,0.3485754852281212,1.4164763928432493,0.4553711576600234,359
9,1,y_plants,n_animals,-0.8500273126218465,0.5914228242974906,-1.4372582147662865,-11.390431174127292,359
9,1,y_plants,n_structures,-0.20350175245694882,0.614304325495744,-0.33127188595444573,-2.832235691078868,359
9,1,y_plants,n_money,0.27415886717955423,0.33025102850391846,0.830152954925018,0.41355928738824826,359
9,1,y_plants,n_output_per_day,2.625337909472331,0.26619555632384595,9.86244077748022,30.598730343290782,359
9,1,y_plants,n_revenue_per_day,1.4205064666117764,0.3155913457341715,4.501094487579185,4.949165332709432,359
9,1,y_plants,n_shed,0.7009874274293602,0.2520664570241497,2.7809627496854956,4.640872815770236,359
9,1,y_plants,n_labour,0.5233543034905725,0.3072238943247248,1.7034947904716211,22.434547748397964,359
9,1,y_plants,n_quadrants,-1.14656766170651,0.9445731558688868,-1.213847391896093,-6.195103469218443,359
9,1,y_plants,n_melon_tiles,-1.5040168347116385,0.2709192056908287,-5.551532719418987,-63.05984635718212,359
10,1,y_plants,n_dry_plants,0.20732610701902987,0.2502621018381438,0.828435889798118,0.3541838850507471,359
10,1,y_plants,n_unfed,-0.4062125599208539,0.2987713838139077,-1.359609995895279,-0.322405005085394,359
10,1,y_plants,n_weeds,-1.17996062982821,0.24613541271702988,-4.793949057565131,-3.5749657386942553,359
10,1,y_plants,n_planted,8.439134011772603,0.8190128476863885,10.304031292808324,37.56057967855676,359
10,1,y_plants,n_empty,2.9323805319181027,0.35621460733974736,8.232061435709968,3.1070024300522174,359
10,1,y_plants,n_animals,2.350518061919228,0.6810026990152395,3.4515546932753467,33.39734244915783,359
10,1,y_plants,n_structures,-3.3426911430766335,0.6542254030540082,-5.10938757112231,-40.6899664967782,359
10,1,y_plants,n_money,0.7864481229063832,0.35042917386505185,2.2442427216668883,2.35758524962283,359
10,1,y_plants,n_output_per_day,0.7551239888515094,0.5109995982955928,1.4777389089349156,4.144329392822871,359
10,1,y_plants,n_revenue_per_day,0.6058424751174316,0.29379199333321543,2.062147672044596,1.6213573541434265,359
10,1,y_plants,n_shed,-0.4045397914730198,0.24533035954150834,-1.648959355169307,-1.272718741898333,359
10,1,y_plants,n_labour,-0.6469007298695295,0.2473992755231739,-2.614804463357995,-10.187454777062094,359
10,1,y_plants,n_quadrants,2.1170959210180995,0.7632751952774486,2.7736993604889,12.55539048068669,359
10,1,y_plants,n_melon_tiles,0.055357394867652156,0.2519654022180624,0.21970236540548266,2.321003817591772,359
11,1,y_plants,n_dry_plants,-0.36949195248146244,0.17306137400468152,-2.135034201632233,-0.8327911034885923,359
11,1,y_plants,n_unfed,0.25690424032558773,0.16337122304958146,1.5725183146092991,0.3029777384233037,359
11,1,y_plants,n_weeds,-0.09411363882512565,0.19035989104060508,-0.4943984697125644,-0.3264526189491499,359
11,1,y_plants,n_planted,0.2511089303783186,0.1705532554727615,1.4723197729780209,4.440914679878838,359
11,1,y_plants,n_empty,2.7158946399119763,0.23929417652703197,11.349606076206264,3.6371563435718492,359
11,1,y_plants,n_animals,0.03677072748615048,0.40657431615551276,0.09044035991709286,0.5472368213065341,359
11,1,y_plants,n_structures,-0.19748353448112294,0.4010086011097877,-0.49246707909653065,-2.6450891137625065,359
11,1,y_plants,n_money,0.24173121388168084,0.2752313207212336,0.8782838132238477,0.8732797210115751,359
11,1,y_plants,n_output_per_day,0.8181590513014148,0.19195566946574294,4.262229157276473,7.207355106561007,359
11,1,y_plants,n_revenue_per_day,-0.1491034326606412,0.1580851774511,-0.9431841432873292,-0.46467429898852464,359
11,1,y_plants,n_shed,0.1751005132763314,0.1673653397253135,1.0462172966261303,7.844442360540193,359
11,1,y_plants,n_labour,-0.10074098970360006,0.1842122482220475,-0.5468745464860075,-1.9040889660352833,359
11,1,y_plants,n_quadrants,-0.47809915630063143,0.1803724745315596,-2.6506214850258587,-15.289987045772472,359
11,1,y_plants,n_melon_tiles,-0.15639979970533932,0.20692314375445447,-0.7558352191426749,-6.55747137405126,359
12,1,y_plants,n_dry_plants,-0.07210421492707395,0.1244370437775491,-0.5794433292386119,-0.1558993393697882,359
12,1,y_plants,n_unfed,-0.15961053407325415,0.16067504795833226,-0.9933747405175558,-0.1147042522360678,359
12,1,y_plants,n_weeds,-0.3173038979595923,0.1429231461125265,-2.220101548210897,-1.0933340027470884,359
12,1,y_plants,n_planted,0.3366731407572472,0.14435540107026285,2.3322517776343994,6.5741353054742735,359
12,1,y_plants,n_empty,0.97775689842567,0.1341931190120316,7.286192508410252,2.196008235735746,359
12,1,y_plants,n_animals,0.5149703803232079,0.33312300133960693,1.5458865891947644,8.033537903632507,359
12,1,y_plants,n_structures,-0.5509394898745382,0.31612028203675024,-1.7428160139705597,-7.72406272353159,359
12,1,y_plants,n_money,0.2528494581017647,0.17943337965840744,1.4091550779633175,1.0225779751842277,359
12,1,y_plants,n_output_per_day,0.3691433520074454,0.1275125252308987,2.8949575842765523,4.1606510978860936,359
12,1,y_plants,n_revenue_per_day,-0.009617700813263753,0.1256447727906411,-0.0765467643392495,-0.03532015132376342,359
12,1,y_plants,n_shed,0.1041967294884556,0.12083334223060192,0.8623176977891043,3.8567077772210903,359
12,1,y_plants,n_labour,0.022704531194283596,0.1477476678909176,0.15367099540986595,0.41852935069887975,359
12,1,y_plants,n_quadrants,-0.373190461645361,0.13967465842219537,-2.671855194500037,-11.93492447950568,359
12,1,y_plants,n_melon_tiles,0.00995801431019825,0.14889427543262349,0.06687976607068669,0.4175158402027581,359
13,1,y_plants,n_dry_plants,-0.12114280209820504,0.06970790980146561,-1.7378630695315727,-0.29287543701078594,359
13,1,y_plants,n_unfed,0.08465996559772912,0.07280496858273706,1.1628322523279409,0.0850803081153258,359
13,1,y_plants,n_weeds,-0.00910404056718462,0.08721377463747688,-0.10438764524328357,-0.037871818662563735,359
13,1,y_plants,n_planted,0.28243774868386695,0.08235841839351186,3.429373149619847,6.129665623220987,359
13,1,y_plants,n_empty,0.5055764603976427,0.07274136427050719,6.950329643495942,1.3946461296157318,359
13,1,y_plants,n_animals,-0.23953906955018847,0.20386727448794711,-1.174975582284298,-3.862345778064795,359
13,1,y_plants,n_structures,0.10912094497465288,0.194118808821724,0.5621348370979756,1.6108716583950116,359
13,1,y_plants,n_money,-0.0034368255070118684,0.12987084040604596,-0.026463411619317367,-0.014241926125311073,359
13,1,y_plants,n_output_per_day,0.23988421172620952,0.07328904681573972,3.273125005013593,2.967807927214207,359
13,1,y_plants,n_revenue_per_day,-0.0537034368061605,0.09177820328689329,-0.5851436929778054,-0.13544048111558935,359
13,1,y_plants,n_shed,-0.1591243353272458,0.07762183996138128,-2.0499943753770067,-7.128715120691631,359
13,1,y_plants,n_labour,0.018794447970026974,0.08157989348702484,0.2303808839002248,0.7589781944994827,359
13,1,y_plants,n_quadrants,0.2400241898637834,0.10158154856037137,2.3628719316198805,16.68525399592237,359
13,1,y_plants,n_melon_tiles,-0.10040480808767979,0.08227772822164021,-1.2203157556466404,-4.209734642195923,359
14,1,y_plants,n_dry_plants,-0.05205875214394017,0.09387572052774372,-0.5545496945459385,-0.10516559191685647,359
14,1,y_plants,n_unfed,-0.06529739808107175,0.09079048465675273,-0.7192097093427634,-0.09311954534122191,359
14,1,y_plants,n_weeds,0.14170225062410158,0.10065202007823909,1.407843086645983,0.6165514428568015,359
14,1,y_plants,n_planted,0.040691169637410936,0.0955425878720831,0.42589561936390274,0.9506868266458486,359
14,1,y_plants,n_empty,0.4235552518493926,0.09294006870691264,4.557294369827485,1.2803459996079931,359
14,1,y_plants,n_animals,-0.3079961673449085,0.24899184838281263,-1.236972894274754,-5.079224080133863,359
14,1,y_plants,n_structures,0.22550722108586005,0.2408631701322608,0.9362461723061745,3.374205421081134,359
14,1,y_plants,n_money,0.035132990712349474,0.15386342725031082,0.2283388024055502,0.1733456395121275,359
14,1,y_plants,n_output_per_day,0.17519318391102015,0.0941167279659186,1.8614457567464608,2.2837059812052334,359
14,1,y_plants,n_revenue_per_day,-0.20619179799461707,0.1144287379474241,-1.8019232029750674,-0.5135814818723217,359
14,1,y_plants,n_shed,-0.03576229957315572,0.10013771230340761,-0.3571311821544255,-1.6021386370196986,359
14,1,y_plants,n_labour,0.034772497431612384,0.09769653904547826,0.3559235339485834,0.762818670462627,359
14,1,y_plants,n_quadrants,-0.14298879764412542,0.13626364141903927,-1.0493540034234436,-9.939849848541312,359
14,1,y_plants,n_melon_tiles,0.018198937016995254,0.09960766893504995,0.18270618328456245,0.7630381161097747,359
15,1,y_plants,n_dry_plants,-0.24746473619543852,0.11161394465777061,-2.217148914091443,-0.38619198840171476,359
15,1,y_plants,n_unfed,0.10620740590394112,0.0929555857564527,1.1425607728642442,0.1150139070367652,359
15,1,y_plants,n_weeds,-0.2865457068980716,0.12040811142952514,-2.379787403822763,-1.0993000066886978,359
15,1,y_plants,n_planted,0.21993657078764078,0.11373601289614893,1.9337460949019056,5.027511250228275,359
15,1,y_plants,n_empty,0.33245929233000976,0.10259748891965068,3.2404232874585808,0.9794405242243024,359
15,1,y_plants,n_animals,-0.9602898209282208,0.25953604253333035,-3.700024904266997,-16.41413540966144,359
15,1,y_plants,n_structures,0.8667334480992215,0.2761356963085816,3.1387953809877844,12.562270611630387,359
15,1,y_plants,n_money,-0.38038782923791187,0.1471652246874631,-2.5847670877800577,-2.3441703847389057,359
15,1,y_plants,n_output_per_day,0.3017326187167877,0.10241485683795623,2.946180154254356,4.02601705622041,359
15,1,y_plants,n_revenue_per_day,0.14999877134699574,0.11632430556133845,1.289487786951804,0.48022124272540323,359
15,1,y_plants,n_shed,0.0415373461449257,0.11062592357836332,0.3754757004627598,1.8608587236375622,359
15,1,y_plants,n_labour,-0.11432297155797884,0.10180094079191215,-1.1230050593703504,-4.319044136766204,359
15,1,y_plants,n_quadrants,-0.09915052525416512,0.16966261241470135,-0.5843981997154116,-6.892437377389856,359
15,1,y_plants,n_melon_tiles,-0.16814606060385814,0.10863790040944638,-1.5477661108152028,-7.049964137720351,359
16,1,y_plants,n_dry_plants,-0.17071852123246165,0.08248131289915724,-2.0697842363540504,-0.35208312606520553,359
16,1,y_plants,n_unfed,0.010426579093934562,0.08027473076431493,0.12988619201410712,0.010212297138669339,359
16,1,y_plants,n_weeds,0.38441782175925215,0.08582840196577203,4.47891156021472,1.6425410162640977,359
16,1,y_plants,n_planted,0.17054932601557735,0.08958328616067905,1.9038074324453267,4.370693854101111,359
16,1,y_plants,n_empty,0.21006008702391826,0.08320102436470446,2.5247295766833124,0.636162803642352,359
16,1,y_plants,n_animals,-0.8365784760900047,0.22066213408962998,-3.791219003393658,-14.79164612846859,359
16,1,y_plants,n_structures,0.8500139047588094,0.23935511181456465,3.551266978652789,12.714654804772014,359
16,1,y_plants,n_money,-0.04833870715612836,0.11290445986198164,-0.4281381551731374,-0.32023586249084,359
16,1,y_plants,n_output_per_day,0.18913923868808286,0.08362299281474452,2.261809011154329,2.580114081932957,359
16,1,y_plants,n_revenue_per_day,-0.08342100455295406,0.08550737362885757,-0.9756001267801846,-0.2632835859250919,359
16,1,y_plants,n_shed,0.05709737885532226,0.08996600718113035,0.6346550285416911,2.55794280089666,359
16,1,y_plants,n_labour,-0.09688975223509216,0.087432848404874,-1.1081619094282074,-4.0106949759877955,359
16,1,y_plants,n_quadrants,0.2611777374253179,0.14281883688926988,1.8287345220981872,18.1557404255582,359
16,1,y_plants,n_melon_tiles,0.08693855722605118,0.08871584732172712,0.979966486830356,3.6451267929065345,359
17,1,y_plants,n_dry_plants,-0.11530467196699114,0.16442579201304894,-0.7012566006544794,-0.27278601023376225,359
17,1,y_plants,n_unfed,0.3417322526009624,0.16261182271274194,2.1015215677438253,0.32236468491659653,359
17,1,y_plants,n_weeds,0.2510944303921614,0.1824724914895128,1.3760673093379254,1.1601871426849288,359
17,1,y_plants,n_planted,-0.16354971559284637,0.1954556548907778,-0.8367612371422013,-4.3735259932031,359
17,1,y_plants,n_empty,-0.5510782026234885,0.17571992500350112,-3.1361167642912924,-1.5059854168447482,359
17,1,y_plants,n_animals,1.06026984732495,0.40864306502838355,2.5946111363747377,18.770566142613813,359
17,1,y_plants,n_structures,-1.3861114505276746,0.4300936231959728,-3.222813303363233,-20.299335530606484,359
17,1,y_plants,n_money,-0.032767572007027984,0.23788661152776522,-0.13774449850954928,-0.2348648432075955,359
17,1,y_plants,n_output_per_day,0.07618140981153247,0.1765572133397464,0.4314828511987088,0.9740821877343898,359
17,1,y_plants,n_revenue_per_day,0.034098888444180075,0.1889465993711098,0.1804683892574668,0.10272093194625362,359
17,1,y_plants,n_shed,-0.2904525726223684,0.18786305822475027,-1.5460866833908613,-13.012174674845818,359
17,1,y_plants,n_labour,-0.14681444003885877,0.20060873764798906,-0.7318446931084134,-6.475650586713733,359
17,1,y_plants,n_quadrants,-1.4126863913535952,0.27650637488911084,-5.109055412990511,-98.20273227333698,359
17,1,y_plants,n_melon_tiles,0.645962502507372,0.2012567040333459,3.2096446456777086,27.083670355608508,359
18,1,y_plants,n_dry_plants,-0.08115011688106621,0.10659962063673604,-0.7612608412332427,-0.18432909936166905,359
18,1,y_plants,n_unfed,0.26562640859917597,0.10562871399837115,2.5147178124621687,0.27919638857030143,359
18,1,y_plants,n_weeds,-0.0903046259673658,0.11383059472609403,-0.7933247312347105,-0.4585207027302348,359
18,1,y_plants,n_planted,0.3096157315441713,0.11315048894179182,2.736318105558054,7.7700654698279745,359
18,1,y_plants,n_empty,0.7966903011381853,0.1194217807045829,6.671231130851926,1.666454601762694,359
18,1,y_plants,n_animals,0.6804647215969392,0.17385098026452353,3.9140689374404207,11.254825182197852,359
18,1,y_plants,n_structures,-0.4238997951157186,0.194479099970977,-2.1796676104474932,-6.296444406919395,359
18,1,y_plants,n_money,0.3558931086171455,0.16134599009640224,2.205775974999464,2.369182944891085,359
18,1,y_plants,n_output_per_day,0.2684656663022681,0.11955418992107587,2.245556316173416,3.25500795817253,359
18,1,y_plants,n_revenue_per_day,0.15158517046549053,0.11215350021424812,1.3515866216918386,0.5732986166198603,359
18,1,y_plants,n_shed,-0.1449921524232546,0.1188067074154738,-1.2204037598332627,-6.495598220320127,359
18,1,y_plants,n_labour,-0.021966881839681637,0.11851950593925452,-0.18534402135409211,-0.7720835280923916,359
18,1,y_plants,n_quadrants,0.23585849653899504,0.1777462470752165,1.3269393892698467,16.395676302804613,359
18,1,y_plants,n_melon_tiles,0.09366603904628178,0.11784985511732606,0.7947912956959688,3.9271940943911052,359
19,1,y_plants,n_dry_plants,-0.028105698659752924,0.11652867562382216,-0.24119126480492864,-0.053997074565623374,359
19,1,y_plants,n_unfed,0.10242636691485134,0.11298010413321148,0.9065876483357057,0.1128270365976417,359
19,1,y_plants,n_weeds,-0.18473627882078342,0.11344740288812283,-1.6283870244518752,-0.7349677265694429,359
19,1,y_plants,n_planted,0.1824070502474309,0.11831789064977409,1.5416692204846976,4.390916308755203,359
19,1,y_plants,n_empty,0.9060614774726841,0.12286647409137964,7.374358906065928,1.981756117104095,359
19,1,y_plants,n_animals,0.3506773115499031,0.19285338280765163,1.8183622524250047,5.611976756561837,359
19,1,y_plants,n_structures,-0.38719161300015686,0.20659833417179763,-1.8741274684150464,-5.573325250397016,359
19,1,y_plants,n_money,-0.18875877354179713,0.17849320917216768,-1.0575123525272476,-1.3273961499625018,359
19,1,y_plants,n_output_per_day,0.1103091087846074,0.12013734051184799,0.9181916988892281,1.2085147482205896,359
19,1,y_plants,n_revenue_per_day,0.05091663055108357,0.1188356055557675,0.4284627516555993,0.16304754435172264,359
19,1,y_plants,n_shed,-0.09936294853613356,0.12999881070909958,-0.764337365812366,-4.451425686770847,359
19,1,y_plants,n_labour,0.06045308140411325,0.14227755808463505,0.4248954101964008,2.6805124287756903,359
19,1,y_plants,n_quadrants,0.12556003295964,0.19289147244325017,0.6509361526937408,8.72829127287927,359
19,1,y_plants,n_melon_tiles,0.11489436096630833,0.13368784602705036,0.8594226354956802,4.817247109625029,359
20,1,y_plants,n_dry_plants,0.0667795783641659,0.12799774802799824,0.5217246349487221,0.14837565108895198,359
20,1,y_plants,n_unfed,0.1394019095306695,0.11064682484985787,1.2598816976432068,0.15355667068415443,359
20,1,y_plants,n_weeds,0.09185982328742728,0.11342276126435046,0.8098887936023071,0.37709793946626374,359
20,1,y_plants,n_planted,0.7454720699318398,0.1182592449550509,6.303710718051565,16.53990388332863,359
20,1,y_plants,n_empty,0.5120964810888515,0.12208568301696195,4.194566213121841,1.0316317183770067,359
20,1,y_plants,n_animals,0.4141290572646767,0.19962901398583005,2.0744933263762557,6.308377309756195,359
20,1,y_plants,n_structures,-0.31737734391411954,0.2110763645194214,-1.5036138443862446,-4.368094503176835,359
20,1,y_plants,n_money,0.061212803459043834,0.17713580178405394,0.34556991213819266,0.4370456020387906,359
20,1,y_plants,n_output_per_day,0.2720370746869345,0.13021149580107122,2.0891939917696307,3.0025275593299114,359
20,1,y_plants,n_revenue_per_day,0.28602342587707247,0.11467351017650394,2.494241481200227,0.9302537309228806,359
20,1,y_plants,n_shed,-0.07769374285844799,0.1251337337285852,-0.6208856760157542,-3.480652776076749,359
20,1,y_plants,n_labour,-0.1328791145061845,0.13315455441910404,-0.9979314270238734,-5.038123027761603,359
20,1,y_plants,n_quadrants,0.3544339611769342,0.19434022733912756,1.8237807273861006,24.638436110852822,359
20,1,y_plants,n_melon_tiles,-0.11241627598566692,0.12289114543861276,-0.9147630253135015,-4.713346904166724,359
21,1,y_plants,n_dry_plants,-0.15040449852802684,0.12931382617569193,-1.1630968085630697,-0.3325764752361737,359
21,1,y_plants,n_unfed,0.1866524365019841,0.11923799205686662,1.5653772198123428,0.18197974840670453,359
21,1,y_plants,n_weeds,0.12229451325843414,0.11784705979931777,1.0377391974538013,0.3570134200186008,359
21,1,y_plants,n_planted,0.16737755988399597,0.11712380029341002,1.4290653092257415,3.8312321631386825,359
21,1,y_plants,n_empty,0.39546322566087255,0.1274125180128379,3.1038019798103846,0.7837294776356166,359
21,1,y_plants,n_animals,-0.012288971759224202,0.122306345053594,-0.10047697651204636,-0.18087826643810995,359
21,1,y_plants,n_structures,0.628371967425516,0.180524335448733,3.4808158460384804,7.395094016172788,359
21,1,y_plants,n_money,-0.039314900265169934,0.18042318020061596,-0.21790382045951606,-0.2945523343794772,359
21,1,y_plants,n_output_per_day,0.34112143179010285,0.1280361536593127,2.66425866476575,3.798244658230478,359
21,1,y_plants,n_revenue_per_day,0.16714435783700535,0.11917013527568401,1.402569170961663,0.4629465037575602,359
21,1,y_plants,n_shed,0.1519103263858948,0.13115687576284002,1.158233798284289,6.805530018203991,359
21,1,y_plants,n_labour,-0.511538407490753,0.13763874890424774,-3.7165290411540943,-21.64692893448188,359
21,1,y_plants,n_quadrants,-0.5072124077487534,0.2130560900812305,-2.3806520036830294,-35.25881228043777,359
21,1,y_plants,n_melon_tiles,0.21416806389750812,0.12729805675280784,1.6824142438669565,8.979557204611597,359
22,1,y_plants,n_dry_plants,-0.48785815948310846,0.14154145285543726,-3.4467511081815743,-0.9923664129278986,359
22,1,y_plants,n_unfed,0.13905916202324792,0.13957323001602087,0.9963168582348209,0.14338094272270133,359
22,1,y_plants,n_weeds,0.3473213409280144,0.14346326502900753,2.420977529389059,0.9682305142003493,359
22,1,y_plants,n_planted,0.78496035510171,0.14788103004083109,5.308053067286429,16.869112776487057,359
22,1,y_plants,n_empty,0.6232671341607142,0.14764975334844532,4.221254150623862,1.2621273852752009,359
22,1,y_plants,n_animals,0.7361896183405857,0.1489462160069778,4.9426540537699655,9.971701894617743,359
22,1,y_plants,n_structures,0.3381985134603631,0.2247117699586976,1.5050324846024958,3.980142229157796,359
22,1,y_plants,n_money,0.13399836385618408,0.21228620760517358,0.6312155903477472,1.029155715474595,359
22,1,y_plants,n_output_per_day,0.0897900730051864,0.19262249280628782,0.466145317179985,0.8146152716240725,359
22,1,y_plants,n_revenue_per_day,0.12754603988153207,0.14625771600783316,0.8720636651723801,0.3848670542208056,359
22,1,y_plants,n_shed,-0.1732339881552397,0.16020656562008512,-1.081316408505054,-7.760822681460227,359
22,1,y_plants,n_labour,-0.23610560433903124,0.1488015908405088,-1.586714248183665,-7.17043757572897,359
22,1,y_plants,n_quadrants,0.1185559692384852,0.2435057228158551,0.4868713879391659,8.24140458759386,359
22,1,y_plants,n_melon_tiles,0.05386931010908222,0.1471737042594011,0.3660253737592609,2.258611965269271,359
23,1,y_plants,n_dry_plants,0.0585161566828745,0.17750670499766544,0.32965603571788515,0.24018421210567564,359
23,1,y_plants,n_unfed,0.23935096093482805,0.136730477621268,1.750531155151891,0.23756193841856169,359
23,1,y_plants,n_weeds,0.6572294303238707,0.13915260765722196,4.723083824220097,1.7812335224931295,359
23,1,y_plants,n_planted,0.6153676191067671,0.1384084476947778,4.446026448210683,14.69622951081852,359
23,1,y_plants,n_empty,0.6477031051740453,0.14612282323246298,4.4325936964934725,1.1809773410327855,359
23,1,y_plants,n_animals,0.1099426228241948,0.1588772091190358,0.6919974452838125,1.4711216396156306,359
23,1,y_plants,n_structures,0.5018510380446597,0.21586304863688677,2.324858474915948,5.906112622527318,359
23,1,y_plants,n_money,0.01755091034635623,0.20109490292647572,0.087276753865677,0.13647801940369111,359
23,1,y_plants,n_output_per_day,0.24459128521579462,0.17809781422398427,1.3733536611975765,2.2966913652679923,359
23,1,y_plants,n_revenue_per_day,-0.048197413667941065,0.1539170983021971,-0.3131387883450832,-0.11832543295870408,359
23,1,y_plants,n_shed,0.1025886677365111,0.15315823821491223,0.6698214143241729,4.595936789937726,359
23,1,y_plants,n_labour,0.09445928322888084,0.14390173160423075,0.6564151951184979,2.8752636910661464,359
23,1,y_plants,n_quadrants,-0.21803668572922905,0.2562164620938444,-0.8509862479069309,-15.156795170877967,359
23,1,y_plants,n_melon_tiles,0.0834299974397253,0.1429123657913612,0.5837843140986508,3.4980212313500263,359
24,1,y_plants,n_dry_plants,-0.3438739542434593,0.16520683254601706,-2.0814753781304773,-0.46601914115411514,359
24,1,y_plants,n_unfed,0.06622779516088606,0.12258298048424636,0.5402690887369741,0.07171626825326288,359
24,1,y_plants,n_weeds,0.14186379865466914,0.12713428443643623,1.1158579236397659,0.3351173199298433,359
24,1,y_plants,n_planted,0.4487372307856015,0.13055703899800003,3.437097181657709,10.08940372063996,359
24,1,y_plants,n_empty,0.6591347825183433,0.12827782378238714,5.1383377351062,1.1976976210712225,359
24,1,y_plants,n_animals,0.12013336348552445,0.13676443463395416,0.8783962278428433,1.572579033682025,359
24,1,y_plants,n_structures,0.2519605860984407,0.19070918525796457,1.3211769834663383,2.96523766042894,359
24,1,y_plants,n_money,-0.14044795697519719,0.17599416442904586,-0.7980262154193212,-1.100136415489703,359
24,1,y_plants,n_output_per_day,0.1614948868718127,0.14812374032688902,1.0902701114312627,1.6438331229697687,359
24,1,y_plants,n_revenue_per_day,-0.16732402650262546,0.1448374321774754,-1.1552540250616723,-0.3734549426976095,359
24,1,y_plants,n_shed,-0.20059128232216364,0.13658272147278558,-1.468643179453207,-8.986419986786833,359
24,1,y_plants,n_labour,-0.3095312517845851,0.15730760305650285,-1.9676814455904303,-13.968087954692615,359
24,1,y_plants,n_quadrants,-0.46073571183029305,0.23574506044899035,-1.9543811902264028,-32.027990100678096,359
24,1,y_plants,n_melon_tiles,0.3521860063385175,0.13728903585979835,2.5652886563947845,14.766321051927932,359
25,1,y_plants,n_dry_plants,-0.5723494554948745,0.39074373679303015,-1.464769365703327,-2.651405042327137,359
25,1,y_plants,n_unfed,0.3978338849496725,0.29023256815694876,1.3707417037171936,1.1031403742055335,359
25,1,y_plants,n_weeds,0.3471383426337209,0.24516841530809177,1.415917879134179,0.8103475305988485,359
25,1,y_plants,n_planted,1.1716115258778512,0.24197325179167659,4.841905116382589,25.912885124343003,359
25,1,y_plants,n_empty,0.40472636544224144,0.23846783024935891,1.6971948166720467,0.738131534354458,359
25,1,y_plants,n_animals,-0.15338412993640616,1.6823198819954654,-0.09117417655105593,-1.2691942034148032,359
25,1,y_plants,n_structures,-0.6732296105819993,1.4886809483594912,-0.45223230089959193,-7.923008222538852,359
25,1,y_plants,n_money,0.23865330275251684,0.3132443461222864,0.7618758509350709,1.8498966680482563,359
25,1,y_plants,n_output_per_day,0.27475267278640053,0.2474263785745087,1.1104421216902018,2.9701700014407066,359
25,1,y_plants,n_revenue_per_day,0.7873804678432471,0.26413613878062703,2.9809645566795773,1.7885390980515352,359
25,1,y_plants,n_shed,0.21017234204279095,0.2610871578956334,0.8049891987671217,9.415648144517844,359
25,1,y_plants,n_labour,-0.5892629831798735,0.2648495080798361,-2.224897404764091,-22.495260610747824,359
25,1,y_plants,n_quadrants,-0.49418710310814357,0.5264215553902474,-0.9387668457872935,-34.3533597240676,359
25,1,y_plants,n_melon_tiles,0.10812939563989156,0.2602984580876513,0.4154054404866307,4.533608213935875,359
26,1,y_plants,n_dry_plants,-0.9051607519506213,0.5207768349970734,-1.7380971869758914,-4.193151157562326,359
26,1,y_plants,n_unfed,-1.3947576187479767,0.41900927908650076,-3.3287034162793354,-3.8674771045867606,359
26,1,y_plants,n_weeds,0.2811838837455695,0.3498948708136421,0.8036239087806782,0.6192066460025171,359
26,1,y_plants,n_planted,0.974367991789343,0.4890951627311387,1.992184887596127,12.580654077410978,359
26,1,y_plants,n_empty,-0.8180643712653788,0.4255949513662227,-1.9221665309686387,-1.0090694805235378,359
26,1,y_plants,n_animals,-2.747005635841261,2.4439880375465903,-1.1239848942136625,-22.73040653686296,359
26,1,y_plants,n_structures,-0.14553269217349923,2.164185156444668,-0.06724595247320747,-1.7127243047762646,359
26,1,y_plants,n_money,1.3733375479665049,0.44240419876764225,3.104259751132705,10.61518411924735,359
26,1,y_plants,n_output_per_day,0.6752065586526751,0.36873022587864895,1.8311668294719323,7.688226155940068,359
26,1,y_plants,n_revenue_per_day,0.6011926597438868,0.33482771589281946,1.7955283604309882,1.458463430486454,359
26,1,y_plants,n_shed,0.2709212685460287,0.3714026568244891,0.7294543094075278,12.137179015574155,359
26,1,y_plants,n_labour,-1.0352768501778775,0.41930258345089144,-2.4690447687144497,-42.39398469458615,359
26,1,y_plants,n_quadrants,1.3926067741714023,0.7393413343646488,1.8835775973057636,96.8068999906995,359
26,1,y_plants,n_melon_tiles,-1.2618273684859302,0.38867021523533185,-3.246524480199543,-52.90541844318257,359
27,1,y_plants,n_dry_plants,2.2922442249086057,0.594294050421883,3.8570876206506965,10.618806111928526,359
27,1,y_plants,n_unfed,-0.11488204634785504,0.38608884855892106,-0.2975533916005421,-0.3185526130176222,359
27,1,y_plants,n_weeds,0.47697785306037904,0.34929803834634865,1.365532584490007,0.6065718030600534,359
27,1,y_plants,n_planted,-2.33612027922126,0.4168826888612014,-5.603783370335767,-37.711948391666596,359
27,1,y_plants,n_empty,0.595366106252603,0.3699762731359152,1.6092007771371009,1.581571335579456,359
27,1,y_plants,n_animals,0.6592807421656989,2.1203671114086653,0.3109276401328947,5.455292517724209,359
27,1,y_plants,n_structures,2.0855866887672887,1.9202419737586796,1.086106187276473,24.544553929581163,359
27,1,y_plants,n_money,0.2811631677121433,0.44757728264296326,0.6281890940752457,2.1670592670627125,359
27,1,y_plants,n_output_per_day,-0.7415013955543681,0.5452188363800817,-1.3600069294697925,-8.152461202258262,359
27,1,y_plants,n_revenue_per_day,-1.1217330896161606,0.3038763228969524,-3.6914132661679995,-2.7716127117934164,359
27,1,y_plants,n_shed,0.7480670819512831,0.3469903354341024,2.1558729611745915,33.513146228895415,359
27,1,y_plants,n_labour,-0.6895068912758552,0.4111477800994174,-1.677029342367188,-27.494425569522793,359
27,1,y_plants,n_quadrants,0.24385484254228387,0.8639451381156514,0.28225732373950857,16.951541376986807,359
27,1,y_plants,n_melon_tiles,0.09430842686820694,0.3802795542496851,0.24799762652052973,3.9541278868975516,359
1,1,y_weeds_ct,n_dry_plants,0.007152782264840677,0.005431081260005775,1.3170088832058962,0.03313521622427144,359
1,1,y_weeds_ct,n_unfed,-0.0015155052151254395,0.004582859051737693,-0.33068990296587936,-0.0008509768909902372,359
1,1,y_weeds_ct,n_weeds,-0.010958024295672854,0.0031914080823728292,-3.4336017246423416,-0.0442223576675183,359
1,1,y_weeds_ct,n_planted,0.011476105347290533,0.003834547785003334,2.9928184471120254,0.13913871759147423,359
1,1,y_weeds_ct,n_empty,0.00339334096922245,0.00344353921028653,0.9854224859951853,0.007492831693392501,359
1,1,y_weeds_ct,n_animals,-0.0013950635032750726,0.004942748178792035,-0.2822445030197784,-0.015364349771912748,359
1,1,y_weeds_ct,n_structures,0.012828919496968762,0.0054177846817194735,2.3679271603863694,0.16322729591718224,359
1,1,y_weeds_ct,n_money,0.0002935086269923601,0.0039052197689780875,0.07515803062452617,0.0005007167556498046,359
1,1,y_weeds_ct,n_output_per_day,-0.0017102828223528603,0.004216648017804747,-0.4056024631724562,-0.020986441124204554,359
1,1,y_weeds_ct,n_revenue_per_day,-0.003019444975623751,0.0032216348001916943,-0.9372399923927093,-0.017391911621858686,359
1,1,y_weeds_ct,n_shed,-0.002695131059372425,0.003111995803047129,-0.8660458528682691,-0.07673046867172939,359
1,1,y_weeds_ct,n_labour,-0.004166204464832294,0.0029548129682207803,-1.4099723094626,-0.047905159965653095,359
1,1,y_weeds_ct,n_quadrants,-0.010185035132519884,0.00556835895348207,-1.8290909795157622,-0.7080115476691331,359
1,1,y_weeds_ct,n_melon_tiles,0.00012771024287426896,0.003177806573728544,0.040188173795746664,0.0007649448056727281,359
3,1,y_weeds_ct,n_dry_plants,0.001991310186427478,0.002181522193785857,0.912807668012636,0.006700242663846776,359
3,1,y_weeds_ct,n_unfed,0.0024960286346936353,0.003431680923625598,0.7273486930295843,0.0013969684464429795,359
3,1,y_weeds_ct,n_weeds,-0.00421812038961121,0.001870233263876022,-2.255398014293275,-0.017225681626324537,359
3,1,y_weeds_ct,n_planted,0.0069900119520825916,0.0026948550609087064,2.59383595558774,0.06559212749905946,359
3,1,y_weeds_ct,n_empty,-0.0028323686872263375,0.002307279327823696,-1.2275794495579881,-0.004925413836785146,359
3,1,y_weeds_ct,n_animals,-0.005305381004397866,0.005819235223463922,-0.9116972936591173,-0.030465917083612796,359
3,1,y_weeds_ct,n_structures,0.008201037430366391,0.005546248401775853,1.4786639249227462,0.05274969518790187,359
3,1,y_weeds_ct,n_money,0.0019812283090611038,0.0020343185006932493,0.9739027140469628,0.0046234545079679515,359
3,1,y_weeds_ct,n_output_per_day,-0.006514670273059586,0.002480527963903985,-2.6263240599821565,-0.0780849336141111,359
3,1,y_weeds_ct,n_revenue_per_day,0.00010972213364948303,0.001859818425354252,0.05899615368558547,0.0007282288403562225,359
3,1,y_weeds_ct,n_shed,-0.0021027822867719153,0.0019738558691743584,-1.0653170373840342,-0.06840075841145792,359
3,1,y_weeds_ct,n_labour,0.04219430982078818,0.0017904605878692906,23.566176271436866,0.8260974253608396,359
3,1,y_weeds_ct,n_quadrants,-0.010709013112610098,0.0031833931677297017,-3.3640246580812505,-0.7444358167856632,359
3,1,y_weeds_ct,n_melon_tiles,-0.00018835075087910363,0.001991681899112843,-0.09456869139745704,-0.001306059094789131,359
4,1,y_weeds_ct,n_dry_plants,-0.06512066623118953,0.0038994959371996974,-16.699765118348587,-0.2335806820073948,359
4,1,y_weeds_ct,n_unfed,-0.002037351189522074,0.004932635016005682,-0.41303505791755646,-0.0012876539716705523,359
4,1,y_weeds_ct,n_weeds,-0.0002042962022018607,0.0029641760357209364,-0.0689217508474231,-0.0008365495873521201,359
4,1,y_weeds_ct,n_planted,0.007143658883818342,0.005352890327334657,1.33454235879616,0.06103431830663546,359
4,1,y_weeds_ct,n_empty,0.0018947936570900066,0.0031402207391471922,0.6033950522868614,0.0032286083572012738,359
4,1,y_weeds_ct,n_animals,-0.020814471445165853,0.013321969878537432,-1.5624169424597885,-0.09744494966909098,359
4,1,y_weeds_ct,n_structures,0.011851877296096209,0.01412652956832398,0.8389801075185344,0.05329501624601542,359
4,1,y_weeds_ct,n_money,-0.0010184539204384849,0.003605602676312685,-0.28246426793759194,-0.0018542818730093872,359
4,1,y_weeds_ct,n_output_per_day,-0.004678341605589909,0.00321036107010312,-1.4572633742533003,-0.053809246429247795,359
4,1,y_weeds_ct,n_revenue_per_day,0.0020015568155422,0.0037568418509196363,0.5327764369565462,0.009400447571355018,359
4,1,y_weeds_ct,n_shed,-0.00368687530752567,0.0057791916180714616,-0.6379569239401677,-0.012968967362293879,359
4,1,y_weeds_ct,n_labour,-0.01203158064384555,0.003741974270832666,-3.2153028783835746,-0.09184750908533676,359
4,1,y_weeds_ct,n_quadrants,0.027211419678710703,0.005692530816912798,4.780197166059109,1.8915987142237436,359
4,1,y_weeds_ct,n_melon_tiles,-0.009574833845416695,0.002988483912944315,-3.203910117750433,-0.40144999527434594,359
5,1,y_weeds_ct,n_dry_plants,0.027643146074062343,0.0038169234980747666,7.242258349690629,0.12975713437220798,359
5,1,y_weeds_ct,n_unfed,-0.0036031036749022798,0.002677165720353318,-1.3458650122065516,-0.0029068951147309652,359
5,1,y_weeds_ct,n_weeds,-0.002154870112942411,0.0025958917430497132,-0.8301078497252048,-0.008774187888688141,359
5,1,y_weeds_ct,n_planted,0.011426477886453795,0.0028982867358973478,3.942493937859467,0.20109884146763743,359
5,1,y_weeds_ct,n_empty,0.003564165619402035,0.002477261066367759,1.438752527051148,0.007271558306957425,359
5,1,y_weeds_ct,n_animals,0.10381705404470375,0.021156648485601566,4.907065224218184,0.33262213762768655,359
5,1,y_weeds_ct,n_structures,-0.09975808377544633,0.022196880775809957,-4.494238842971224,-0.30435516622369957,359
5,1,y_weeds_ct,n_money,0.0021014770295870247,0.0031324460055923557,0.670874143029204,0.004228588904984408,359
5,1,y_weeds_ct,n_output_per_day,0.019160470771371077,0.0029734991893029788,6.443745079971757,0.21271478667867838,359
5,1,y_weeds_ct,n_revenue_per_day,-0.0010032099164273803,0.0025813656259206837,-0.3886353433832412,-0.005348695605545909,359
5,1,y_weeds_ct,n_shed,0.0023077145888480972,0.002421203501199818,0.9531270658185147,0.027006034580474462,359
5,1,y_weeds_ct,n_labour,-0.015526359086723684,0.002465941715720291,-6.296320382490671,-0.3537992122209288,359
5,1,y_weeds_ct,n_quadrants,-0.04845943726131201,0.004232867776240037,-11.4483701884866,-3.3686522165258506,359
5,1,y_weeds_ct,n_melon_tiles,-0.011382325772052141,0.002488960020928768,-4.573125191382049,-0.4772338299727996,359
6,1,y_weeds_ct,n_dry_plants,0.054283375357152476,0.009394311126239905,5.778324203626789,0.1820474261196921,359
6,1,y_weeds_ct,n_unfed,0.03266183636817887,0.008442563875889222,3.86871060122583,0.06029264682196278,359
6,1,y_weeds_ct,n_weeds,-0.042132352327578844,0.008305946302740431,-5.072552938811784,-0.17045767185375382,359
6,1,y_weeds_ct,n_planted,-0.023432817231788996,0.012740624695294071,-1.8392204300974533,-0.43747790030462136,359
6,1,y_weeds_ct,n_empty,-0.006774674354226256,0.01292377427807861,-0.5242024665903909,-0.005971369597883707,359
6,1,y_weeds_ct,n_animals,-0.06566206025308413,0.015430904412552595,-4.255230834018383,-0.7580405857186797,359
6,1,y_weeds_ct,n_structures,0.05781922795100771,0.016762023359570742,3.449418170509482,0.6823333326400667,359
6,1,y_weeds_ct,n_money,-0.0030072969345991884,0.00952254344459393,-0.31580816113855265,-0.00618433584272696,359
6,1,y_weeds_ct,n_output_per_day,0.033181641812316254,0.011594398912580893,2.861868222966815,0.34773968141272665,359
6,1,y_weeds_ct,n_revenue_per_day,-0.005861761967138286,0.011470635481451552,-0.5110232974116364,-0.024736149355865558,359
6,1,y_weeds_ct,n_shed,-0.01162213931487281,0.010326001889912638,-1.125521710995071,-0.05242492260460952,359
6,1,y_weeds_ct,n_labour,0.02319964407534044,0.010939079932664348,2.120803963235131,0.2615244265947458,359
6,1,y_weeds_ct,n_quadrants,-0.0506003388743845,0.017715012361524018,-2.856353574118046,-3.5174767463145638,359
6,1,y_weeds_ct,n_melon_tiles,0.01976187241237423,0.010261169652918904,1.9258888685026998,0.8285682774910441,359
7,1,y_weeds_ct,n_dry_plants,0.23780678085589316,0.0155960812420726,15.247854712014213,0.5532227930938002,359
7,1,y_weeds_ct,n_unfed,-0.007310715323102821,0.01750375102632702,-0.4176656370458498,-0.00472526654466492,359
7,1,y_weeds_ct,n_weeds,-0.020657599228161978,0.014238209631126953,-1.450856516608748,-0.08229802424412692,359
7,1,y_weeds_ct,n_planted,0.007392831515862736,0.014294324685577576,0.5171864833406099,0.20361688917081605,359
7,1,y_weeds_ct,n_empty,-0.0235045264243023,0.01341224677633419,-1.7524674885773694,-0.04435957614450899,359
7,1,y_weeds_ct,n_animals,0.0606044399013908,0.029460186608454775,2.0571641553688575,0.4520928753482131,359
7,1,y_weeds_ct,n_structures,-0.05002309720883204,0.023597952066728975,-2.119806713200345,-0.49638643934035037,359
7,1,y_weeds_ct,n_money,-0.026530328161793782,0.014621447074018705,-1.814480333409429,-0.054149738003840035,359
7,1,y_weeds_ct,n_output_per_day,0.03392097481574093,0.015557410944717706,2.1803740311467643,0.36770530967343523,359
7,1,y_weeds_ct,n_revenue_per_day,0.018821247035432812,0.01423253844726514,1.3224097096361203,0.12040451153023975,359
7,1,y_weeds_ct,n_shed,-0.031118259023786645,0.01447638632718079,-2.149587495144362,-0.17523659475733658,359
7,1,y_weeds_ct,n_labour,0.17148389647513415,0.016645943100266482,10.301843244459299,5.9515646026176405,359
7,1,y_weeds_ct,n_quadrants,-0.12702352621411966,0.02241540012547707,-5.66679717975439,-8.830025838408563,359
7,1,y_weeds_ct,n_melon_tiles,-0.035171301233322565,0.016207119210941735,-2.170114304433434,-1.4746489538999892,359
8,1,y_weeds_ct,n_dry_plants,0.09396328363779047,0.020948116565359498,4.485524192335806,0.22425402400660657,359
8,1,y_weeds_ct,n_unfed,0.06649109155162121,0.028466438929153286,2.335771317132534,0.05262705767113819,359
8,1,y_weeds_ct,n_weeds,-0.23676377073192265,0.01993025752388785,-11.87961422215163,-0.7988881755568875,359
8,1,y_weeds_ct,n_planted,0.08284678177943336,0.022717311978940977,3.6468567168612465,1.8954885937926287,359
8,1,y_weeds_ct,n_empty,0.07317451520101856,0.02844285764223217,2.572685069884416,0.054913906280831315,359
8,1,y_weeds_ct,n_animals,0.1084819854917497,0.0523126042850284,2.0737255767401486,1.169351136793776,359
8,1,y_weeds_ct,n_structures,-0.05627944482632762,0.054924468739495406,-1.0246698077911107,-0.6304849743925286,359
8,1,y_weeds_ct,n_money,0.055215128645172716,0.025917014543508973,2.1304586819781517,0.10188471911827254,359
8,1,y_weeds_ct,n_output_per_day,0.015989718786199227,0.023492359322513146,0.6806348637310342,0.17739883865575137,359
8,1,y_weeds_ct,n_revenue_per_day,-0.04725006112967726,0.023770242567476663,-1.9877820344301644,-0.20628355164210632,359
8,1,y_weeds_ct,n_shed,-0.00837027898569581,0.022776075180754536,-0.3675031329703626,-0.03428537161680183,359
8,1,y_weeds_ct,n_labour,-0.12081145408607206,0.027675643533501968,-4.365262688104331,-1.6723241127130628,359
8,1,y_weeds_ct,n_quadrants,-0.08350450842845838,0.02322918388281785,-3.594810254622202,-1.7387216013402143,359
8,1,y_weeds_ct,n_melon_tiles,-0.06900973540142177,0.0238428989749657,-2.894351709239713,-2.893413963945289,359
9,1,y_weeds_ct,n_dry_plants,0.02309153195048195,0.012570761184492837,1.8369239230292138,0.06839490243987584,359
9,1,y_weeds_ct,n_unfed,0.005559526742407875,0.014862905361050687,0.3740538345199328,0.00404536430846083,359
9,1,y_weeds_ct,n_weeds,-0.03560435551536773,0.011586678896857825,-3.0728697871331554,-0.11871987949116028,359
9,1,y_weeds_ct,n_planted,0.025339226959481185,0.03819886087723712,0.6633503297628687,0.17944602481605898,359
9,1,y_weeds_ct,n_empty,0.10729140198173254,0.01648324255170637,6.509119892228096,0.09895192754980406,359
9,1,y_weeds_ct,n_animals,0.011465107522924203,0.02796687167237513,0.4099531637730188,0.15363332001772292,359
9,1,y_weeds_ct,n_structures,-0.01576910316533577,0.02904887930108471,-0.5428472128612183,-0.21946649727558004,359
9,1,y_weeds_ct,n_money,0.03183047173997572,0.015616725892866725,2.0382295212413872,0.04801517946670973,359
9,1,y_weeds_ct,n_output_per_day,-0.027215722809510266,0.012587706557163205,-2.162087484794662,-0.3172035722873218,359
9,1,y_weeds_ct,n_revenue_per_day,-0.002896445405079357,0.014923507014704159,-0.19408610872936796,-0.010091462111465365,359
9,1,y_weeds_ct,n_shed,0.013265508048625549,0.011919577613323042,1.112917628372846,0.08782402263049355,359
9,1,y_weeds_ct,n_labour,0.040766471551724165,0.014527831653221796,2.806094710127199,1.7475300125765332,359
9,1,y_weeds_ct,n_quadrants,0.06486748643501629,0.044666446998784914,1.452264301138188,0.350490253366238,359
9,1,y_weeds_ct,n_melon_tiles,-0.014240441140202472,0.012811075846011034,-1.1115726197684246,-0.5970678051165794,359
10,1,y_weeds_ct,n_dry_plants,0.038942703847573555,0.02198498876427826,1.77133153285248,0.06652745446017694,359
10,1,y_weeds_ct,n_unfed,-0.014898824984220533,0.026246425119872026,-0.567651591261476,-0.011824980856672468,359
10,1,y_weeds_ct,n_weeds,-0.08187437893584859,0.021622467977890733,-3.786541805475964,-0.24805751325376268,359
10,1,y_weeds_ct,n_planted,-0.2851217762051242,0.0719485216576264,-3.9628580217659253,-1.2690092583320343,359
10,1,y_weeds_ct,n_empty,0.11251440169543399,0.03129268907483664,3.595549152914125,0.11921458203615849,359
10,1,y_weeds_ct,n_animals,0.015011561395679638,0.059824626167234045,0.2509261211882252,0.21329181202662828,359
10,1,y_weeds_ct,n_structures,0.030389416358556444,0.05747229816182889,0.5287663331817144,0.3699247942925956,359
10,1,y_weeds_ct,n_money,-0.059322905816379286,0.030784451155457537,-1.9270412039118776,-0.17783602458176204,359
10,1,y_weeds_ct,n_output_per_day,-0.04956162811886109,0.04489021847321123,-1.104062974174153,-0.2720079287661766,359
10,1,y_weeds_ct,n_revenue_per_day,-0.005502133666063072,0.025808996348328443,-0.21318665754390817,-0.014724825758085605,359
10,1,y_weeds_ct,n_shed,-0.0010585529850453321,0.02155174578348539,-0.0491168091754533,-0.003330303351504724,359
10,1,y_weeds_ct,n_labour,-0.06764661428786425,0.021733495614071285,-3.112551035925701,-1.0653053738522917,359
10,1,y_weeds_ct,n_quadrants,0.36431028094800744,0.06705208846635435,5.433242860598032,2.160534054229941,359
10,1,y_weeds_ct,n_melon_tiles,-0.06649925113809983,0.022134620048598407,-3.004309583453214,-2.788155333673669,359
11,1,y_weeds_ct,n_dry_plants,0.12961790290922234,0.02318078284817155,5.591610247082157,0.2921434030449259,359
11,1,y_weeds_ct,n_unfed,0.0449585877763605,0.021882831261065234,2.0545142097929774,0.05302151194516735,359
11,1,y_weeds_ct,n_weeds,-0.17171366835638485,0.025497840419864547,-6.734439683080307,-0.5956243690509835,359
11,1,y_weeds_ct,n_planted,-0.02859770169640275,0.022844831793926837,-1.2518236927446005,-0.505756418471513,359
11,1,y_weeds_ct,n_empty,-0.00799762961873415,0.03205236509190725,-0.24951761268791467,-0.010710514639941923,359
11,1,y_weeds_ct,n_animals,-0.3210141140739437,0.054458777925742344,-5.8946257389702135,-4.777461730843472,359
11,1,y_weeds_ct,n_structures,0.3683231468542831,0.0537132757441506,6.857208795246371,4.933310256223613,359
11,1,y_weeds_ct,n_money,-0.08460563479845108,0.03686598188271512,-2.294951347494668,-0.3056468544809544,359
11,1,y_weeds_ct,n_output_per_day,0.025658060372982548,0.025711587672015205,0.997918164381155,0.22602787582623496,359
11,1,y_weeds_ct,n_revenue_per_day,0.007607985003639715,0.021174789528190647,0.35929448051943896,0.023709951107079293,359
11,1,y_weeds_ct,n_shed,-0.042252373490944524,0.02241782499876606,-1.8847668537545554,-1.892891701137765,359
11,1,y_weeds_ct,n_labour,0.11836294652920581,0.024674391663464117,4.79699553057141,2.2371586891967086,359
11,1,y_weeds_ct,n_quadrants,-0.10897658425358427,0.024160071465688996,-4.510606866720064,-3.4851568750355377,359
11,1,y_weeds_ct,n_melon_tiles,-0.020205024143232084,0.027716412684341916,-0.728991315483143,-0.8471485748759292,359
12,1,y_weeds_ct,n_dry_plants,0.017022146982529095,0.020908853225074707,0.8141119361876564,0.03680424884891553,359
12,1,y_weeds_ct,n_unfed,-0.015925464846915482,0.026997836759110907,-0.5898792925155808,-0.011444849473023138,359
12,1,y_weeds_ct,n_weeds,-0.15152210815206385,0.02401502795160328,-6.309470405673544,-0.5220997096974525,359
12,1,y_weeds_ct,n_planted,0.09222881906398488,0.024255686261886907,3.8023586745061313,1.8009299293284655,359
12,1,y_weeds_ct,n_empty,0.04044639864726564,0.022548142772126644,1.7937796055320483,0.09084121490552562,359
12,1,y_weeds_ct,n_animals,-0.4019600573490909,0.05597384612702338,-7.18121203315043,-6.270576871690209,359
12,1,y_weeds_ct,n_structures,0.42569888741077394,0.05311692063652314,8.014374370905527,5.968214237914245,359
12,1,y_weeds_ct,n_money,-0.05877059491107711,0.030149753522460614,-1.9492893985781634,-0.23768101539831726,359
12,1,y_weeds_ct,n_output_per_day,0.005560943391585162,0.02142561887903448,0.25954645338280935,0.0626779409724127,359
12,1,y_weeds_ct,n_revenue_per_day,0.0342073610524946,0.02111178498802744,1.620296960768296,0.1256234927888879,359
12,1,y_weeds_ct,n_shed,0.0076625510260804,0.020303332036008273,0.37740362086827656,0.2836194598498597,359
12,1,y_weeds_ct,n_labour,0.04376825873535378,0.024825680589140108,1.763023518255529,0.8068125588226308,359
12,1,y_weeds_ct,n_quadrants,-0.00791009794107082,0.023469192481242726,-0.3370417600602494,-0.25297115348539384,359
12,1,y_weeds_ct,n_melon_tiles,0.01465374172571741,0.02501834226020287,0.5857199319327957,0.6143965150222117,359
13,1,y_weeds_ct,n_dry_plants,0.016976526830157223,0.0166972743646415,1.0167244341451964,0.04104253515844091,359
13,1,y_weeds_ct,n_unfed,-0.00998146778517214,0.017439119018162075,-0.5723607812285059,-0.0100310264551823,359
13,1,y_weeds_ct,n_weeds,-0.027422184214890677,0.020890489008283913,-1.3126635859991924,-0.11407330407348099,359
13,1,y_weeds_ct,n_planted,0.00024990398251916135,0.019727475864231004,0.012667813370502018,0.005423594607632634,359
13,1,y_weeds_ct,n_empty,0.024664766763481245,0.01742388375067089,1.4155722751841449,0.06803841594505583,359
13,1,y_weeds_ct,n_animals,0.05646208758426635,0.048832733986600776,1.1562344143942258,0.9103989007359999,359
13,1,y_weeds_ct,n_structures,-0.027526975731653882,0.04649766460456355,-0.5920077054569365,-0.4063603468403668,359
13,1,y_weeds_ct,n_money,0.06212799362880491,0.031108220866216906,1.997156761101534,0.2574533661281341,359
13,1,y_weeds_ct,n_output_per_day,-0.028804884542189504,0.017555071240706356,-1.6408298290124452,-0.35636928362909726,359
13,1,y_weeds_ct,n_revenue_per_day,0.012826867757610919,0.02198381568662212,0.5834686726115745,0.03234945924536388,359
13,1,y_weeds_ct,n_shed,-0.01832340120023201,0.01859291380583365,-0.9855045525184398,-0.8208820286976403,359
13,1,y_weeds_ct,n_labour,0.02467445802095892,0.01954099424399101,1.2627022818220461,0.9964312667691405,359
13,1,y_weeds_ct,n_quadrants,0.003361875189814517,0.02433203049020433,0.1381666520255246,0.23370036776909364,359
13,1,y_weeds_ct,n_melon_tiles,0.0342220375418574,0.01970814798677623,1.7364410681723976,1.4348485865405896,359
14,1,y_weeds_ct,n_dry_plants,0.0786785011275769,0.022894092265529187,3.4366289877341107,0.15894101954911802,359
14,1,y_weeds_ct,n_unfed,-0.017986667098899827,0.022141675407428875,-0.8123444485535644,-0.02565049009110496,359
14,1,y_weeds_ct,n_weeds,-0.2909833586039349,0.02454667321250638,-11.854289014434784,-1.266078758837015,359
14,1,y_weeds_ct,n_planted,0.10031483652286691,0.023300602218914047,4.305246515965037,2.343702440829848,359
14,1,y_weeds_ct,n_empty,0.021061906453265597,0.022665908673498207,0.929232829650105,0.06366708370114867,359
14,1,y_weeds_ct,n_animals,-0.007160503960252082,0.060723287322796915,-0.1179202292225682,-0.11808524909362805,359
14,1,y_weeds_ct,n_structures,0.016875131860093324,0.05874089284615548,0.28728081992709753,0.2524981733605167,359
14,1,y_weeds_ct,n_money,-0.098860788974421,0.03752369068334455,-2.6346232786291948,-0.48777762268387514,359
14,1,y_weeds_ct,n_output_per_day,0.05340799341705118,0.022952868341976174,2.32685486717051,0.6961923477150607,359
14,1,y_weeds_ct,n_revenue_per_day,-0.002893262798145954,0.027906492431364702,-0.10367704953468657,-0.007206524264154538,359
14,1,y_weeds_ct,n_shed,-0.04473593860540206,0.02442124557707863,-1.831845081947436,-2.004154558250383,359
14,1,y_weeds_ct,n_labour,0.06288102706458132,0.023825900524183298,2.639187845208917,1.3794471207328574,359
14,1,y_weeds_ct,n_quadrants,-0.0055898431694543045,0.03323151461897439,-0.16820910011313897,-0.38857730603172735,359
14,1,y_weeds_ct,n_melon_tiles,-0.0819224259094466,0.024291980398481936,-3.3724062248364945,-3.434812345067803,359
15,1,y_weeds_ct,n_dry_plants,0.09880007058350984,0.03154716865600067,3.131820533907623,0.15418679970119617,359
15,1,y_weeds_ct,n_unfed,-0.016241265532183323,0.026273469236910322,-0.6181621995075838,-0.017587958091806057,359
15,1,y_weeds_ct,n_weeds,-0.2769365010870266,0.03403279948992732,-8.137341189607143,-1.0624353817508259,359
15,1,y_weeds_ct,n_planted,0.030872070890836833,0.03214696149390215,0.9603418007855222,0.7057020265692392,359
15,1,y_weeds_ct,n_empty,0.06075436610843536,0.02899870886702007,2.0950714180771914,0.1789851857444678,359
15,1,y_weeds_ct,n_animals,0.037782456978679484,0.07335667000404604,0.5150514189997387,0.6458116616901105,359
15,1,y_weeds_ct,n_structures,0.013659768114978883,0.07804848587781295,0.17501643960606264,0.19798209464375138,359
15,1,y_weeds_ct,n_money,0.07846169175309614,0.04159557461882438,1.8862990227231466,0.48352644329501965,359
15,1,y_weeds_ct,n_output_per_day,-0.06973319967262497,0.028947088748217917,-2.408988353860558,-0.9304497884941185,359
15,1,y_weeds_ct,n_revenue_per_day,-0.03676317468711969,0.03287853052401024,-1.1181513924496294,-0.1176973469598576,359
15,1,y_weeds_ct,n_shed,-0.03321404543759636,0.03126790903729159,-1.062240695339868,-1.4879777341623932,359
15,1,y_weeds_ct,n_labour,-0.0003609476939819632,0.0287735681983927,-0.012544418943568,-0.013636358468704252,359
15,1,y_weeds_ct,n_quadrants,0.06014642044652643,0.04795435789744415,1.2542430570159315,4.1810715106063405,359
15,1,y_weeds_ct,n_melon_tiles,0.04108194053077156,0.0307060034224138,1.3379123282707597,1.7224679924690078,359
16,1,y_weeds_ct,n_dry_plants,0.03848882523561908,0.026714145922504623,1.440765703207273,0.07937783088620967,359
16,1,y_weeds_ct,n_unfed,0.040334992607149754,0.025999475470880773,1.5513771672941885,0.03950604756164616,359
16,1,y_weeds_ct,n_weeds,-0.23345568836517738,0.027798205118440156,-8.398228855801655,-0.9975097977120355,359
16,1,y_weeds_ct,n_planted,0.08238232476117803,0.02901434148653472,2.839365656443069,2.111224529186092,359
16,1,y_weeds_ct,n_empty,0.03891900042933475,0.026947246929713793,1.4442662929852073,0.11786542021790347,359
16,1,y_weeds_ct,n_animals,0.11136330561334298,0.07146831497273473,1.5582192703973536,1.9690281968859158,359
16,1,y_weeds_ct,n_structures,-0.08290838802790765,0.07752261887646339,-1.069473519206398,-1.2401579883496765,359
16,1,y_weeds_ct,n_money,-0.0027691233973240544,0.03656763101894516,-0.07572608124079494,-0.018344980072004448,359
16,1,y_weeds_ct,n_output_per_day,-0.018968126274127143,0.027083914574212192,-0.7003465552275647,-0.25875080203990225,359
16,1,y_weeds_ct,n_revenue_per_day,0.05164691224851297,0.027694230078080685,1.864897926495897,0.1630019241750491,359
16,1,y_weeds_ct,n_shed,-0.049085839275279465,0.029138297626763066,-1.6845815738457863,-2.1990286019665124,359
16,1,y_weeds_ct,n_labour,-0.053675818082039584,0.02831785514330598,-1.8954761160549243,-2.221879290095867,359
16,1,y_weeds_ct,n_quadrants,0.02516973809149403,0.046256335102315346,0.544136020197462,1.749671453138763,359
16,1,y_weeds_ct,n_melon_tiles,0.030229055942724223,0.02873339436156665,1.0520530767210068,1.2674323712848141,359
17,1,y_weeds_ct,n_dry_plants,-0.002847965626545532,0.027836770382262666,-0.10230948444939682,-0.006737673047373619,359
17,1,y_weeds_ct,n_unfed,-0.02137451118702569,0.027529671074575508,-0.7764172382998685,-0.020163117503859507,359
17,1,y_weeds_ct,n_weeds,-0.39653434003038734,0.030892019947027765,-12.836141524909879,-1.832195330727937,359
17,1,y_weeds_ct,n_planted,0.07308040883361124,0.03309002875094904,2.2085326484195105,1.954262448388435,359
17,1,y_weeds_ct,n_empty,0.07480653607378554,0.029748831640249516,2.514604169280179,0.20443115310217103,359
17,1,y_weeds_ct,n_animals,-0.23027934727379776,0.06918198799733555,-3.32860263111645,-4.076767560811348,359
17,1,y_weeds_ct,n_structures,0.3305815107951151,0.07281350015228484,4.540112892577953,4.841302627786689,359
17,1,y_weeds_ct,n_money,-0.0021786526033021033,0.04027345649998385,-0.054096489167821414,-0.015615710006485107,359
17,1,y_weeds_ct,n_output_per_day,-0.08912395064714922,0.029890581926956098,-2.9816733198752123,-1.1395700478722939,359
17,1,y_weeds_ct,n_revenue_per_day,0.032245604356384565,0.03198806608628377,1.008051073466152,0.09713802067419984,359
17,1,y_weeds_ct,n_shed,0.021620051917325515,0.03180462597192172,0.679776958748469,0.9685708392510533,359
17,1,y_weeds_ct,n_labour,0.052995357882265254,0.03396242948393078,1.560411274680448,2.3375045416006945,359
17,1,y_weeds_ct,n_quadrants,0.01921067146939446,0.046811661192479925,0.410382177859575,1.3354276211950684,359
17,1,y_weeds_ct,n_melon_tiles,-0.05995979297437214,0.03407212815871759,-1.7597900751917377,-2.513971416614687,359
18,1,y_weeds_ct,n_dry_plants,0.09167810648838862,0.029277112947009677,3.131391631897656,0.2082429878068443,359
18,1,y_weeds_ct,n_unfed,-0.016566760176142607,0.02901045774558756,-0.5710616606407178,-0.017413101490480552,359
18,1,y_weeds_ct,n_weeds,-0.0909782554475042,0.03126306790507149,-2.9100872545123995,-0.46194104869041275,359
18,1,y_weeds_ct,n_planted,-0.07797370646484487,0.031076279868266145,-2.5091068427552843,-1.956815311467978,359
18,1,y_weeds_ct,n_empty,0.11186256421691282,0.032798662332351694,3.4105831232810577,0.23398538257329166,359
18,1,y_weeds_ct,n_animals,0.013480129324544813,0.04774740055124319,0.28232174252245934,0.22296012440603374,359
18,1,y_weeds_ct,n_structures,-0.054311472667741896,0.053412822125193424,-1.0168246220063442,-0.8067217117125672,359
18,1,y_weeds_ct,n_money,-0.03292740928532801,0.0443129604719399,-0.7430649844796193,-0.2191979968405862,359
18,1,y_weeds_ct,n_output_per_day,-0.006438678165414518,0.03283502793631289,-0.19609175231716064,-0.07806565717397623,359
18,1,y_weeds_ct,n_revenue_per_day,-0.01615308772809843,0.030802461336747536,-0.5244089928887498,-0.06109135095616956,359
18,1,y_weeds_ct,n_shed,-0.05207511195161538,0.03262973518187617,-1.5959403795756189,-2.3329469827336147,359
18,1,y_weeds_ct,n_labour,0.030111957019961288,0.03255085657041775,0.9250741821438598,1.0583635029957037,359
18,1,y_weeds_ct,n_quadrants,0.03622244168638456,0.04881721830194629,0.7420013459664991,2.517998874333484,359
18,1,y_weeds_ct,n_melon_tiles,-0.025838237914246547,0.032366939942651614,-0.7982910327645198,-1.0833358213873299,359
19,1,y_weeds_ct,n_dry_plants,0.04179596891929486,0.038892058110314584,1.074665907387661,0.08029901969700692,359
19,1,y_weeds_ct,n_unfed,-0.009853351954905571,0.03770770371958106,-0.26130872429096946,-0.010853889824577783,359
19,1,y_weeds_ct,n_weeds,-0.19852050888624795,0.03786366713574104,-5.243034388997585,-0.7898078711170815,359
19,1,y_weeds_ct,n_planted,0.03171131970718198,0.039489218031584165,0.8030374185130411,0.7633572862755986,359
19,1,y_weeds_ct,n_empty,0.013133805758585288,0.04100733166827921,0.32027945307021294,0.028726527448815497,359
19,1,y_weeds_ct,n_animals,-0.022349338800738007,0.06436583039130153,-0.3472236536819126,-0.3576620606560651,359
19,1,y_weeds_ct,n_structures,-0.027332223731888348,0.06895328016978791,-0.39638757814837133,-0.3934263231945888,359
19,1,y_weeds_ct,n_money,0.005377407225645053,0.059573046945376275,0.0902657745637168,0.03781519403929171,359
19,1,y_weeds_ct,n_output_per_day,-0.09856115045584236,0.04009646898836167,-2.4581004996836637,-1.0798075085535912,359
19,1,y_weeds_ct,n_revenue_per_day,-0.05426822464230669,0.03966200810321831,-1.3682671966854645,-0.17378017100676832,359
19,1,y_weeds_ct,n_shed,0.09325625813722825,0.04338778651094954,2.1493665760914924,4.177848071539766,359
19,1,y_weeds_ct,n_labour,-0.0407156956472936,0.04748588300003015,-0.8574273673560571,-1.8053493005468686,359
19,1,y_weeds_ct,n_quadrants,-0.046423459791604185,0.06437854300742944,-0.7211014357104478,-3.2271214765144824,359
19,1,y_weeds_ct,n_melon_tiles,0.07676578150691654,0.04461902144251186,1.7204720996811478,3.218606517953831,359
20,1,y_weeds_ct,n_dry_plants,0.1498284802189176,0.0558411670101324,2.683118714043551,0.3328996505925713,359
20,1,y_weeds_ct,n_unfed,0.004426949408288753,0.048271535404124946,0.09170931422062156,0.004876458397970867,359
20,1,y_weeds_ct,n_weeds,-0.08115977737432893,0.049482584280526126,-1.6401685270562831,-0.3331726942216861,359
20,1,y_weeds_ct,n_planted,-0.1596000140302728,0.0515925815084079,-3.093468273229616,-3.541070146437509,359
20,1,y_weeds_ct,n_empty,0.15496209037606523,0.05326192936929654,2.909434416121526,0.31217517300263575,359
20,1,y_weeds_ct,n_animals,0.10523067732289126,0.08709150966946999,1.2082771067152598,1.6029660451711198,359
20,1,y_weeds_ct,n_structures,-0.13713286652208106,0.09208560857213177,-1.489188904199544,-1.8873726557560244,359
20,1,y_weeds_ct,n_money,0.033768769150349466,0.07727846812377825,0.4369751364152489,0.24110139071310482,359
20,1,y_weeds_ct,n_output_per_day,0.01700997065093694,0.056806951651026526,0.2994346670004702,0.18774244547956118,359
20,1,y_weeds_ct,n_revenue_per_day,-0.04091363488897253,0.05002824449695452,-0.817810724728971,-0.13306623883821578,359
20,1,y_weeds_ct,n_shed,-0.024202821708830792,0.05459169267736564,-0.44334257689843654,-1.0842780315425689,359
20,1,y_weeds_ct,n_labour,0.02286775564148047,0.05809091039516186,0.39365462661754097,0.867032917240022,359
20,1,y_weeds_ct,n_quadrants,0.136722196644964,0.08478418768162635,1.6125907481518889,9.504227799690952,359
20,1,y_weeds_ct,n_melon_tiles,0.02292135219738519,0.05361332587666282,0.42753087637419923,0.9610377453940501,359
21,1,y_weeds_ct,n_dry_plants,0.1603547758921372,0.04414993398715514,3.6320501846908853,0.35457866403880084,359
21,1,y_weeds_ct,n_unfed,-0.03479593206798818,0.04070987328856231,-0.8547295596167899,-0.03392484492556817,359
21,1,y_weeds_ct,n_weeds,-0.19576824021158415,0.040234985419511454,-4.865622248160398,-0.5715046988352152,359
21,1,y_weeds_ct,n_planted,-0.03691802627593514,0.0399880523545349,-0.9232264164460714,-0.8450447584848907,359
21,1,y_weeds_ct,n_empty,0.05667247503869774,0.04350079512581485,1.302791704721424,0.11231357652578478,359
21,1,y_weeds_ct,n_animals,-0.05793548938149767,0.04175746105439603,-1.3874284479611219,-0.8527378115832189,359
21,1,y_weeds_ct,n_structures,-0.15049807200486603,0.06163407060825812,-2.44179997393684,-1.771160155804769,359
21,1,y_weeds_ct,n_money,0.03798325837367501,0.06159953449051341,0.616615996984922,0.2845755005314507,359
21,1,y_weeds_ct,n_output_per_day,-0.08264516535999102,0.04371371491512254,-1.890600364678691,-0.9202193958024656,359
21,1,y_weeds_ct,n_revenue_per_day,-0.0675484026336878,0.04068670583231736,-1.6602081995056543,-0.18709154911569711,359
21,1,y_weeds_ct,n_shed,0.041989825901925695,0.04477918238242795,0.9377086330723885,1.8811296600653509,359
21,1,y_weeds_ct,n_labour,0.02047815527552441,0.04699220383395823,0.4357777164033786,0.8665804277200349,359
21,1,y_weeds_ct,n_quadrants,0.16268342706373337,0.07274096352131523,2.2364761090367242,11.308919751071612,359
21,1,y_weeds_ct,n_melon_tiles,0.03388162229611957,0.04346171610987461,0.7795739636802236,1.4205757854665342,359
22,1,y_weeds_ct,n_dry_plants,0.3326544305876101,0.08791606823125034,3.7837728333415837,0.6766620125336432,359
22,1,y_weeds_ct,n_unfed,0.053710721377823026,0.08669354006050188,0.6195469851656683,0.05537998182515398,359
22,1,y_weeds_ct,n_weeds,-0.2691155684756046,0.08910976920556361,-3.0200456232222206,-0.7502156491399089,359
22,1,y_weeds_ct,n_planted,-0.21275730864741205,0.09185378887170195,-2.3162605621482175,-4.572239872076108,359
22,1,y_weeds_ct,n_empty,0.13589905199376395,0.09171013528430481,1.481832423128282,0.2751980743942767,359
22,1,y_weeds_ct,n_animals,-0.3103127932212348,0.09251541103389897,-3.354174074928249,-4.20319248057742,359
22,1,y_weeds_ct,n_structures,-0.34969301936637637,0.13957589738909468,-2.5053968909226483,-4.115417124046383,359
22,1,y_weeds_ct,n_money,-0.24053111366068422,0.1318579704804328,-1.8241681772007714,-1.8473656188745946,359
22,1,y_weeds_ct,n_output_per_day,0.05274596818689842,0.11964418817805425,0.4408569190874693,0.4785347618457006,359
22,1,y_weeds_ct,n_revenue_per_day,-0.07024206008986593,0.09084549494503473,-0.7732035598723445,-0.21195369745934275,359
22,1,y_weeds_ct,n_shed,0.1670790915821324,0.09950958584927815,1.6790250924689627,7.485085446317852,359
22,1,y_weeds_ct,n_labour,0.15743861350779023,0.09242557956935812,1.7034095349074327,4.781350926960219,359
22,1,y_weeds_ct,n_quadrants,0.2668378054102562,0.15124944184120878,1.7642234057987427,18.54919940157424,359
22,1,y_weeds_ct,n_melon_tiles,0.0774356571040637,0.0914144454821337,0.8470833761081877,3.246692807455121,359
23,1,y_weeds_ct,n_dry_plants,-0.06557963474093949,0.09464496715942605,-0.6929014474744647,-0.26917681873389904,359
23,1,y_weeds_ct,n_unfed,-0.1994660926547971,0.07290345209398005,-2.736030831539565,-0.19797518854646443,359
23,1,y_weeds_ct,n_weeds,-0.5341672875492394,0.07419490988827426,-7.1995139336864264,-1.4477085707088035,359
23,1,y_weeds_ct,n_planted,-0.1651601480733493,0.07379813053727559,-2.237999077631466,-3.9443600325443593,359
23,1,y_weeds_ct,n_empty,0.011824572120598818,0.07791136569326193,0.15176953985317512,0.021560112388349227,359
23,1,y_weeds_ct,n_animals,-0.09207057921412874,0.08471188871231751,-1.0868672699153412,-1.2319791721763653,359
23,1,y_weeds_ct,n_structures,-0.22776730474379206,0.11509622213673808,-1.9789294601971996,-2.6805152357314155,359
23,1,y_weeds_ct,n_money,0.07804298251464448,0.10722198062126488,0.7278636531655949,0.6068717503401113,359
23,1,y_weeds_ct,n_output_per_day,-0.009709423892119094,0.09496014124433354,-0.10224736152336415,-0.09117066454384311,359
23,1,y_weeds_ct,n_revenue_per_day,0.01908738317854343,0.08206720255596649,0.23258235426663426,0.04685983555487155,359
23,1,y_weeds_ct,n_shed,-0.18556297322850115,0.08166258523156389,-2.2723132350306505,-8.313156943430851,359
23,1,y_weeds_ct,n_labour,0.014631362087480957,0.07672709975685756,0.1906935376659179,0.4453667519267519,359
23,1,y_weeds_ct,n_quadrants,0.26758042608858096,0.1366122966504007,1.9586847791113255,18.600822592751364,359
23,1,y_weeds_ct,n_melon_tiles,0.07960076671547678,0.07619957886761043,1.0446352578112745,3.3374707005551967,359
24,1,y_weeds_ct,n_dry_plants,0.2548118640472569,0.07698940618873304,3.309700342701788,0.3453218965083642,359
24,1,y_weeds_ct,n_unfed,-0.010477422840418431,0.0571259113856469,-0.18340928987000676,-0.011345714668606201,359
24,1,y_weeds_ct,n_weeds,-0.2556827378782071,0.059246902286951966,-4.315546096230528,-0.603985757343523,359
24,1,y_weeds_ct,n_planted,-0.13079006415903077,0.0608419685270312,-2.1496685154248856,-2.940682585304231,359
24,1,y_weeds_ct,n_empty,0.1112130015913925,0.05977981254157893,1.8603772220603736,0.20208241314361833,359
24,1,y_weeds_ct,n_animals,0.028696373422713722,0.06373472844879488,0.4502470493110938,0.37564348385789875,359
24,1,y_weeds_ct,n_structures,-0.0698193533453713,0.08887396908150305,-0.7855995863236686,-0.8216800062752813,359
24,1,y_weeds_ct,n_money,0.03226649378641935,0.0820165001850049,0.39341466306945194,0.2527451846158285,359
24,1,y_weeds_ct,n_output_per_day,0.0020825240245803418,0.06902837270392428,0.030169102109833593,0.021197711192570152,359
24,1,y_weeds_ct,n_revenue_per_day,0.023621196717282893,0.06749689298799866,0.34995976365138587,0.052720776871595466,359
24,1,y_weeds_ct,n_shed,0.08784595137139001,0.0636500467915084,1.3801396196791107,3.935468201924641,359
24,1,y_weeds_ct,n_labour,0.022152946681621377,0.0733082207415341,0.30218911954945626,0.9996868035795323,359
24,1,y_weeds_ct,n_quadrants,0.3723443168929404,0.1098615107873292,3.389215333236474,25.88347243176897,359
24,1,y_weeds_ct,n_melon_tiles,0.009937342344851646,0.06397920221686602,0.15532144822887445,0.4166491138945331,359
25,1,y_weeds_ct,n_dry_plants,-0.06518534766750436,0.11930100686869897,-0.5463939440112726,-0.3019706891168979,359
25,1,y_weeds_ct,n_unfed,0.005736335146469746,0.08861316086955616,0.06473457317377462,0.0159060933204458,359
25,1,y_weeds_ct,n_weeds,-0.18819945035264402,0.07485427415603409,-2.514211145249253,-0.4393261738137687,359
25,1,y_weeds_ct,n_planted,-0.13050601532548353,0.0738787339522499,-1.7664896018634209,-2.8864408624105473,359
25,1,y_weeds_ct,n_empty,0.13041947323349856,0.07280846645946797,1.791267960658151,0.2378563249329026,359
25,1,y_weeds_ct,n_animals,-0.7518953542791581,0.5136421569914973,-1.463850550513915,-6.221642523390689,359
25,1,y_weeds_ct,n_structures,0.3875731498211112,0.4545207493360516,0.8527072754924057,4.561215378232283,359
25,1,y_weeds_ct,n_money,-0.24653220779495924,0.09563906563167875,-2.577735428160643,-1.9109691946706815,359
25,1,y_weeds_ct,n_output_per_day,0.14677031373867455,0.07554367046822312,1.9428538860898,1.5866370963661447,359
25,1,y_weeds_ct,n_revenue_per_day,-0.03830297110097239,0.08064545721338175,-0.47495509883000153,-0.08700541121279824,359
25,1,y_weeds_ct,n_shed,0.13218585528937005,0.07971454916482658,1.6582400160859974,5.92188054331839,359
25,1,y_weeds_ct,n_labour,0.10855498789824926,0.08086326153793305,1.3424512669121809,4.144113601349836,359
25,1,y_weeds_ct,n_quadrants,0.04129870661192077,0.16072585605820858,0.25695123127522185,2.870874847714463,359
25,1,y_weeds_ct,n_melon_tiles,-0.04335120937238041,0.07947374509722548,-0.5454783755232123,-1.817613034194841,359
26,1,y_weeds_ct,n_dry_plants,-0.2782443915882104,0.11542475801380231,-2.4106127348773683,-1.288965291699896,359
26,1,y_weeds_ct,n_unfed,-0.07160322429121944,0.09286903985345064,-0.7710128628896227,-0.1985462038984711,359
26,1,y_weeds_ct,n_weeds,0.018951663772299048,0.07755055156046298,0.24437819449321665,0.04173424167948106,359
26,1,y_weeds_ct,n_planted,-0.15806043001595935,0.10840284553801283,-1.4580837729073584,-2.0408137481054727,359
26,1,y_weeds_ct,n_empty,0.13808297467957814,0.09432868547929608,1.4638492413835826,0.17032316822885638,359
26,1,y_weeds_ct,n_animals,0.8111240271013667,0.5416844776208759,1.4974105048457214,6.7117368261915455,359
26,1,y_weeds_ct,n_structures,-1.0832180120336692,0.4796690850911072,-2.2582610505905865,-12.748021003897335,359
26,1,y_weeds_ct,n_money,-0.33762863425111433,0.09805427998219653,-3.443282988895709,-2.609693532236412,359
26,1,y_weeds_ct,n_output_per_day,0.09396012297174675,0.08172521171118699,1.1497079175982725,1.0698750860598836,359
26,1,y_weeds_ct,n_revenue_per_day,-0.10584694389891111,0.07421107370004278,-1.4262958157260848,-0.2567794107317906,359
26,1,y_weeds_ct,n_shed,0.017234259615247847,0.08231752817863111,0.20936318177398464,0.7720888628409955,359
26,1,y_weeds_ct,n_labour,0.2796871111338725,0.0929340477090408,3.009522538063991,11.453024480017275,359
26,1,y_weeds_ct,n_quadrants,0.07124698531383761,0.16386730144999798,0.4347846378343987,4.952726002657377,359
26,1,y_weeds_ct,n_melon_tiles,0.03340832003767637,0.086144702540317,0.3878163027150831,1.4007313482174935,359
27,1,y_weeds_ct,n_dry_plants,-1.1203158086726117,0.2831320555740222,-3.956866722142367,-5.189855525493668,359
27,1,y_weeds_ct,n_unfed,0.06789008875419701,0.18393946439324732,0.3690893032560627,0.18825017361863466,359
27,1,y_weeds_ct,n_weeds,-0.07230210132021676,0.16641168043793989,-0.4344773223246218,-0.09194644087024918,359
27,1,y_weeds_ct,n_planted,-0.36385351170704133,0.19861018724099158,-1.8319982311156335,-5.873680810731488,359
27,1,y_weeds_ct,n_empty,-0.5521603004935965,0.17626315231024967,-3.132590636537076,-1.466796471506045,359
27,1,y_weeds_ct,n_animals,-4.909989220155591,1.0101798905752286,-4.860509762632165,-40.62825704089695,359
27,1,y_weeds_ct,n_structures,3.4819302123224087,0.9148367829761352,3.8060671336312453,40.97764160831835,359
27,1,y_weeds_ct,n_money,-0.6279200020269302,0.21323362731458892,-2.9447513036981925,-4.8396803551439245,359
27,1,y_weeds_ct,n_output_per_day,-0.9614369125688698,0.2597517672815068,-3.701368127851502,-10.570549394956574,359
27,1,y_weeds_ct,n_revenue_per_day,0.06648197902989553,0.1447719826254572,0.459218543700493,0.16426572407478277,359
27,1,y_weeds_ct,n_shed,-0.33618330270444124,0.16531225050298662,-2.033626072366413,-15.060895546772196,359
27,1,y_weeds_ct,n_labour,0.05760498143252716,0.1958779766373339,0.29408605511165864,2.2970268962790015,359
27,1,y_weeds_ct,n_quadrants,2.6971034722194256,0.4115985389458644,6.5527527846112275,187.48883815753885,359
27,1,y_weeds_ct,n_melon_tiles,0.15009547889437347,0.18117181521681552,0.8284703595575738,6.29314620657259,359
1,1,y_animals_ct,n_dry_plants,0.21705349925168865,0.061473369476301304,3.5308541096867203,1.0054988903118305,359
1,1,y_animals_ct,n_unfed,1.3836808147239799,0.051872504618902256,26.67464825324376,0.776955688495727,359
1,1,y_animals_ct,n_weeds,-0.0772935126751436,0.03612293736830418,-2.1397349802168706,-0.3119267917893568,359
1,1,y_animals_ct,n_planted,-0.1732853093698653,0.0434025125895082,-3.9925179219175893,-2.1009475770329504,359
1,1,y_animals_ct,n_empty,0.1262866107620326,0.03897676135669706,3.2400488487567425,0.2788532977237777,359
1,1,y_animals_ct,n_animals,0.007362671381612198,0.055946020778719685,0.13160312885760686,0.08108782008645012,359
1,1,y_animals_ct,n_structures,0.23872161981529477,0.06132286805114614,3.8928645610017747,3.037347337679305,359
1,1,y_animals_ct,n_money,-0.004963705234455638,0.04420243525214548,-0.11229483638494128,-0.008467929568091616,359
1,1,y_animals_ct,n_output_per_day,-0.01447035798672747,0.0477274320049023,-0.3031874412442965,-0.17756204527438363,359
1,1,y_animals_ct,n_revenue_per_day,-0.0186471492764695,0.03646506780303331,-0.5113702071580504,-0.10740701514157198,359
1,1,y_animals_ct,n_shed,-0.03958778545902997,0.03522408497515497,-1.1238839983196978,-1.1270655359723254,359
1,1,y_animals_ct,n_labour,0.054478511505601894,0.03344496254666782,1.6289003591971338,0.6264219220147147,359
1,1,y_animals_ct,n_quadrants,0.3143952779858525,0.06302718941894635,4.988248419202767,21.855151646546975,359
1,1,y_animals_ct,n_melon_tiles,-0.051683223114635725,0.035968984494779255,-1.4368830213190291,-0.3095665012624507,359
2,1,y_animals_ct,n_dry_plants,-0.007487339324227743,0.01540177455271264,-0.4861348475529421,-0.02715963876289641,359
2,1,y_animals_ct,n_unfed,-0.012991539700111536,0.01438341536390707,-0.9032305173298251,-0.018981766916474074,359
2,1,y_animals_ct,n_weeds,0.010444546817912539,0.013964352019178634,0.7479435353368351,0.04265275089343416,359
2,1,y_animals_ct,n_planted,-0.013968429084218532,0.020580160819119248,-0.6787327468909607,-0.1605847977312962,359
2,1,y_animals_ct,n_empty,-0.016939331149539782,0.014729944913208453,-1.1499928376751873,-0.031337055989363094,359
2,1,y_animals_ct,n_animals,-0.026336438150347932,0.03072904976031125,-0.8570534512382909,-0.2514209106942494,359
2,1,y_animals_ct,n_structures,0.01806131834268818,0.030466531211453023,0.5928249007848502,0.23326774530464847,359
2,1,y_animals_ct,n_money,-0.00041637295907367213,0.012889394209458768,-0.032303532059568825,-0.00102038071208669,359
2,1,y_animals_ct,n_output_per_day,0.005572013748969621,0.019246197508614147,0.2895124476653489,0.06735971057846904,359
2,1,y_animals_ct,n_revenue_per_day,0.02256567657290967,0.013598374664299372,1.6594392440261772,0.15489130384124683,359
2,1,y_animals_ct,n_shed,0.013041146643471788,0.016265896652967283,0.8017477869006856,0.22395236829206133,359
2,1,y_animals_ct,n_labour,0.009551501827334457,0.015302959485832858,0.6241604335538512,0.2137759700385802,359
2,1,y_animals_ct,n_quadrants,0.0168147025467111,0.02269881353610307,0.7407745131685789,1.168872116668646,359
2,1,y_animals_ct,n_melon_tiles,-0.0386350503494385,0.013924465638940522,-2.774616373169358,-0.2552829680657544,359
3,1,y_animals_ct,n_dry_plants,0.047588624136276694,0.03518872044749395,1.3523829093838458,0.1601233860625671,359
3,1,y_animals_ct,n_unfed,0.24979543255870634,0.05535422056692251,4.512671843273576,0.13980462102868432,359
3,1,y_animals_ct,n_weeds,0.04640530292525552,0.030167520496285943,1.5382537961967635,0.18950691306306613,359
3,1,y_animals_ct,n_planted,-0.03356239854682148,0.04346896018521062,-0.7721003309906723,-0.3149392504259556,359
3,1,y_animals_ct,n_empty,0.09892042736272684,0.037217227261012044,2.65792039447156,0.1720199929728076,359
3,1,y_animals_ct,n_animals,0.10689992025591825,0.09386631136734735,1.1388528929997437,0.6138680905408896,359
3,1,y_animals_ct,n_structures,-0.09824742793834773,0.0894629378964771,-1.098191387946992,-0.6319349132042263,359
3,1,y_animals_ct,n_money,-0.030152560725205873,0.03281427309150114,-0.9188855301205912,-0.07036493077256495,359
3,1,y_animals_ct,n_output_per_day,0.1093547626142077,0.0400117887100336,2.733063583003107,1.3107277914630364,359
3,1,y_animals_ct,n_revenue_per_day,0.03400414685400525,0.029999525486979005,1.1334894903175854,0.22568646459156425,359
3,1,y_animals_ct,n_shed,0.015394235781287796,0.031838989574286124,0.4835026483918486,0.5007543620796641,359
3,1,y_animals_ct,n_labour,0.01758823107036915,0.028880759168188757,0.6089947624971725,0.34434956906736935,359
3,1,y_animals_ct,n_quadrants,0.013667362019375698,0.05134925171643648,0.2661647748023733,0.9500851013263428,359
3,1,y_animals_ct,n_melon_tiles,-0.04291375406416083,0.03212652970840935,-1.3357730963680101,-0.29757194237583184,359
4,1,y_animals_ct,n_dry_plants,-0.0001881270147905034,0.007395508314771213,-0.025438010043846906,-0.0006747909528870056,359
4,1,y_animals_ct,n_unfed,-0.014307221428709976,0.00935488685258079,-1.5293847647941305,-0.009042501160818563,359
4,1,y_animals_ct,n_weeds,-0.013727796188001393,0.005621646713231882,-2.441952845540749,-0.056212411746056325,359
4,1,y_animals_ct,n_planted,0.0077852666865087525,0.010151913365574703,0.7668767853071633,0.0665161162891976,359
4,1,y_animals_ct,n_empty,0.0003893190228007089,0.0059555206520505635,0.06537111455849982,0.0006633749516357463,359
4,1,y_animals_ct,n_animals,-0.024104836496904775,0.025265506258382277,-0.9540610922414258,-0.1128491100727942,359
4,1,y_animals_ct,n_structures,0.020691096794929847,0.026791377286682176,0.7723043340968984,0.09304284142368598,359
4,1,y_animals_ct,n_money,-0.003944549978975483,0.006838131133322999,-0.576846202868681,-0.00718177560752547,359
4,1,y_animals_ct,n_output_per_day,0.01870757965448967,0.006088543845083527,3.0725868336475823,0.21517042759776966,359
4,1,y_animals_ct,n_revenue_per_day,0.01737298961946765,0.007124960659840741,2.438327795603011,0.08159342608081832,359
4,1,y_animals_ct,n_shed,0.02351453442014184,0.01096040625568546,2.145407193090513,0.0827148205451568,359
4,1,y_animals_ct,n_labour,0.008897247504725076,0.007096763858529883,1.2537048832519797,0.06792042086695725,359
4,1,y_animals_ct,n_quadrants,0.0003957761476843931,0.010796051506801204,0.0366593423007537,0.027512333458512738,359
4,1,y_animals_ct,n_melon_tiles,0.009914995059105862,0.0056677473146980895,1.7493714007668346,0.415712145389191,359
5,1,y_animals_ct,n_dry_plants,0.4562374927323889,0.12152400728990459,3.754299277211953,2.141582202384101,359
5,1,y_animals_ct,n_unfed,0.24483393573032894,0.08523616118599149,2.872418611111351,0.1975259764664281,359
5,1,y_animals_ct,n_weeds,0.08693964646315643,0.08264854332692134,1.0519198882823786,0.3540003587512016,359
5,1,y_animals_ct,n_planted,0.18896276875597018,0.09227625824805669,2.047794008378636,3.3256261688820397,359
5,1,y_animals_ct,n_empty,-0.048129238253583576,0.07887155507311544,-0.6102230165104118,-0.09819256443225959,359
5,1,y_animals_ct,n_animals,3.6336747606956177,0.6735897919072812,5.39449202519356,11.642024303886592,359
5,1,y_animals_ct,n_structures,-3.3687002357396687,0.706708924759234,-4.766743588086621,-10.277676569191653,359
5,1,y_animals_ct,n_money,0.09026629341209108,0.09973146996811551,0.9050933816672864,0.18163369927076756,359
5,1,y_animals_ct,n_output_per_day,0.3733646692045875,0.09467088804364147,3.943817121821795,4.1450018066297245,359
5,1,y_animals_ct,n_revenue_per_day,0.1518795677686452,0.08218605777677275,1.8479967512393456,0.8097583201622679,359
5,1,y_animals_ct,n_shed,0.0968384225376199,0.07708678260870548,1.2562260255324738,1.133251832963866,359
5,1,y_animals_ct,n_labour,0.04213210815055952,0.07851116722376668,0.5366384126028558,0.9600645321684625,359
5,1,y_animals_ct,n_quadrants,0.057751676910464074,0.13476692806561472,0.42853003878181595,4.014601188690164,359
5,1,y_animals_ct,n_melon_tiles,0.28467199747983646,0.07924402883112328,3.5923463468332755,11.935619342128172,359
6,1,y_animals_ct,n_dry_plants,-0.04993970702830872,0.043283386418058456,-1.153784654138641,-0.1674802840806988,359
6,1,y_animals_ct,n_unfed,0.08881024791578926,0.03889830235434366,2.2831394312989106,0.16394071819471906,359
6,1,y_animals_ct,n_weeds,-0.0389677399605871,0.03826885000487019,-1.0182626328104443,-0.15765438823448363,359
6,1,y_animals_ct,n_planted,-0.039070585409532524,0.05870120485509124,-0.6655840456082883,-0.7294264918964557,359
6,1,y_animals_ct,n_empty,-0.030578106117722603,0.059545048970688706,-0.5135289439895296,-0.02695231736390741,359
6,1,y_animals_ct,n_animals,0.0857738100933533,0.07109641031614061,1.206443612440452,0.9902221921133576,359
6,1,y_animals_ct,n_structures,-0.06848923884492504,0.07722941304278612,-0.8868284264569134,-0.8082517226040672,359
6,1,y_animals_ct,n_money,-0.03667584388397232,0.04387420451126572,-0.8359318258307099,-0.0754217959937296,359
6,1,y_animals_ct,n_output_per_day,0.14130841098799202,0.053420079628469806,2.6452302574383064,1.4808954329578683,359
6,1,y_animals_ct,n_revenue_per_day,0.02539286171460211,0.05284985150402189,0.48047177034489313,0.10715577047764144,359
6,1,y_animals_ct,n_shed,0.06452314939802413,0.04757606214534446,1.3562103816181017,0.29104978195093084,359
6,1,y_animals_ct,n_labour,0.04808570833915894,0.0504007603560232,0.9540671211999365,0.5420594928078089,359
6,1,y_animals_ct,n_quadrants,0.25942080289322383,0.0816202183577697,3.1783889839168595,18.033607323311994,359
6,1,y_animals_ct,n_melon_tiles,0.0095470877656315,0.04727735383896222,0.20193786221942803,0.40028666818392544,359
7,1,y_animals_ct,n_dry_plants,-0.07222549065028705,0.057582155768746486,-1.2543033459940107,-0.1680220703813113,359
7,1,y_animals_ct,n_unfed,0.20942939635518834,0.06462544677033089,3.2406645806174295,0.13536428055668423,359
7,1,y_animals_ct,n_weeds,0.0372335737747817,0.05256876981609418,0.7082831480561386,0.1483352215021705,359
7,1,y_animals_ct,n_planted,0.0020810938382498085,0.05277595172007342,0.03943261600071271,0.05731847838108465,359
7,1,y_animals_ct,n_empty,0.015890743582970747,0.04951923955104441,0.32090039602871073,0.029990251121708472,359
7,1,y_animals_ct,n_animals,0.19995661693444844,0.10876969848606317,1.83834854483916,1.4916227596836753,359
7,1,y_animals_ct,n_structures,-0.09809385346753921,0.08712579337328615,-1.1258876352179767,-0.9733995166402605,359
7,1,y_animals_ct,n_money,-0.22863445436251623,0.05398371744239138,-4.235248426648332,-0.4666544539848654,359
7,1,y_animals_ct,n_output_per_day,-0.08396078682263049,0.05743938150056005,-1.461728602036076,-0.9101397376326041,359
7,1,y_animals_ct,n_revenue_per_day,-0.0420191241248825,0.05254783128753335,-0.7996357431948153,-0.26880748686101325,359
7,1,y_animals_ct,n_shed,0.0025980170339143303,0.05344813992194232,0.04860818426438361,0.014630241935986802,359
7,1,y_animals_ct,n_labour,0.044726912945263646,0.06145834159490803,0.727759841618788,1.5523038450901492,359
7,1,y_animals_ct,n_quadrants,0.24447288384887897,0.0827597036467138,2.954008691143814,16.99450444744385,359
7,1,y_animals_ct,n_melon_tiles,-0.02720880350820567,0.05983816373369123,-0.454706525241951,-1.140800374830359,359
8,1,y_animals_ct,n_dry_plants,-0.09863710785562921,0.090156653909543,-1.0940635391658935,-0.23540863512460639,359
8,1,y_animals_ct,n_unfed,-0.48986675270883334,0.12251406347512707,-3.998453229071833,-0.3877248101118349,359
8,1,y_animals_ct,n_weeds,-0.12709198323711648,0.0857759848864191,-1.4816732609413492,-0.4288336948779512,359
8,1,y_animals_ct,n_planted,0.4270532080668373,0.09777092978503522,4.367895539152394,9.770741451229089,359
8,1,y_animals_ct,n_empty,0.458208058275678,0.12241257416380615,3.743145354189904,0.3438628093421524,359
8,1,y_animals_ct,n_animals,0.7005489316871357,0.2251433604981586,3.1115682476137922,7.551370726988755,359
8,1,y_animals_ct,n_structures,-0.7887664152196693,0.236384321419171,-3.3367966643649805,-8.836358898636815,359
8,1,y_animals_ct,n_money,0.06075586728815156,0.1115418325689287,0.5446913134640019,0.112108667050648,359
8,1,y_animals_ct,n_output_per_day,0.31656903018028315,0.10110658408598062,3.131042681761201,3.5121929947154986,359
8,1,y_animals_ct,n_revenue_per_day,-0.19824570038022052,0.1023025399832695,-1.9378375200913047,-0.8654978680339347,359
8,1,y_animals_ct,n_shed,-0.13984202204330018,0.09802383527331586,-1.4266124321027063,-0.5728047657184483,359
8,1,y_animals_ct,n_labour,-0.40111165979371266,0.11911063259500239,-3.3675554487025905,-5.552360127090941,359
8,1,y_animals_ct,n_quadrants,-0.23790836400222867,0.0999739277462056,-2.3797040825102345,-4.953701535583332,359
8,1,y_animals_ct,n_melon_tiles,-0.1529553552261701,0.10261523914951015,-1.4905715417503878,-6.41305401473101,359
9,1,y_animals_ct,n_dry_plants,-0.1991927015237673,0.06181038150651838,-3.22264151537005,-0.5899896731264306,359
9,1,y_animals_ct,n_unfed,0.3342223726310806,0.07308084508001765,4.573323861610166,0.2431953869413865,359
9,1,y_animals_ct,n_weeds,-0.2531212948635372,0.05697165290927461,-4.442934019601364,-0.8440127391120735,359
9,1,y_animals_ct,n_planted,0.21582535348744158,0.1878236432372176,1.1490851192512457,1.5284208077764938,359
9,1,y_animals_ct,n_empty,-0.023897047604282014,0.08104803644207904,-0.29485042023639935,-0.0220395938492419,359
9,1,y_animals_ct,n_animals,0.3272421593733933,0.13751299402185643,2.3797180891965826,4.385070030418728,359
9,1,y_animals_ct,n_structures,-0.5109024969262969,0.1428332211220263,-3.5769164408174974,-7.110485629661025,359
9,1,y_animals_ct,n_money,0.1026754715940505,0.07678737756243197,1.337139968226812,0.15488244207282215,359
9,1,y_animals_ct,n_output_per_day,0.11698100475198771,0.0618937018348703,1.8900308316359544,1.3634321916346115,359
9,1,y_animals_ct,n_revenue_per_day,-0.00785203564379812,0.07337882316402324,-0.10700683528606764,-0.02735715993759368,359
9,1,y_animals_ct,n_shed,-0.016680316317458782,0.05860851454125982,-0.2846056831165035,-0.11043169039425323,359
9,1,y_animals_ct,n_labour,-0.16698068921531703,0.07143328902436237,-2.3375752607214846,-7.157935303629183,359
9,1,y_animals_ct,n_quadrants,0.413189326746215,0.21962473783539335,1.8813423789076824,2.232533427429541,359
9,1,y_animals_ct,n_melon_tiles,-0.039739420439169046,0.06299200771769588,-0.6308644839082553,-1.6661793201922002,359
10,1,y_animals_ct,n_dry_plants,-0.1263172903672868,0.04914681036153578,-2.570203222509587,-0.2157931255963941,359
10,1,y_animals_ct,n_unfed,0.2725582332703295,0.05867312882736177,4.645367286825585,0.21632550849906734,359
10,1,y_animals_ct,n_weeds,-0.1243207110067946,0.04833640556525716,-2.57198915709514,-0.3766585691287909,359
10,1,y_animals_ct,n_planted,0.025329038497053733,0.16083885180080956,0.1574808462847174,0.11273353016111028,359
10,1,y_animals_ct,n_empty,0.4654776419864556,0.06995390682948058,6.654062125809533,0.4931966192808175,359
10,1,y_animals_ct,n_animals,0.5314097783235476,0.13373623196788317,3.973566254290505,7.550537319849978,359
10,1,y_animals_ct,n_structures,-0.47865433011440417,0.12847767033615645,-3.725583822169449,-5.826571412747004,359
10,1,y_animals_ct,n_money,-0.19643460759332948,0.06881775557145257,-2.8544175258574658,-0.5888644398641535,359
10,1,y_animals_ct,n_output_per_day,0.054003423217525305,0.10035079289990483,0.5381464526283432,0.2963857293076325,359
10,1,y_animals_ct,n_revenue_per_day,-0.13732475246406792,0.057695269383709794,-2.3801735208266734,-0.3675088929187162,359
10,1,y_animals_ct,n_shed,-0.04454995711979272,0.048178308132774565,-0.9246891152137913,-0.140158191041409,359
10,1,y_animals_ct,n_labour,0.22658634825166515,0.048584604654133716,4.663747906660933,3.5683035577638624,359
10,1,y_animals_ct,n_quadrants,0.09496375505574418,0.1498930161636142,0.6335435598419573,0.5631804465731431,359
10,1,y_animals_ct,n_melon_tiles,-0.0611957930336181,0.04948130679605678,-1.236745692385288,-2.565793957449784,359
11,1,y_animals_ct,n_dry_plants,-0.003495227587219279,0.025658517361565804,-0.13622094908939755,-0.00787782905623675,359
11,1,y_animals_ct,n_unfed,0.01864904778377036,0.02422183105332638,0.7699272504507576,0.021993589183713066,359
11,1,y_animals_ct,n_weeds,-0.001583406876204956,0.028223239283186395,-0.056102946239351366,-0.005492374198384526,359
11,1,y_animals_ct,n_planted,0.007683638656540119,0.025286657359492825,0.30386138220264275,0.13588677891027226,359
11,1,y_animals_ct,n_empty,-0.02587441758434067,0.035478360311494754,-0.7293013926564563,-0.034651308143589035,359
11,1,y_animals_ct,n_animals,0.03299551712548496,0.06027973723102862,0.5473732740245045,0.4910526155871281,359
11,1,y_animals_ct,n_structures,-0.0749034735535668,0.059454550230453894,-1.2598442552038622,-1.003255096684913,359
11,1,y_animals_ct,n_money,0.042724340311524965,0.04080649227355274,1.0469986007401868,0.15434622359491493,359
11,1,y_animals_ct,n_output_per_day,0.020203051989400776,0.028459833431719532,0.7098794881520188,0.1779734266733442,359
11,1,y_animals_ct,n_revenue_per_day,0.004296799623793338,0.023438108552897165,0.1833253572529518,0.013390787304170303,359
11,1,y_animals_ct,n_shed,0.0002628194213646662,0.02481400890154812,0.010591574396842792,0.011774219067376825,359
11,1,y_animals_ct,n_labour,-0.011347651103459451,0.027311774198040373,-0.41548568105376504,-0.21448009712915406,359
11,1,y_animals_ct,n_quadrants,0.014430949487322549,0.02674247963148272,0.5396264552197186,0.461513114615524,359
11,1,y_animals_ct,n_melon_tiles,0.003455419981525192,0.030678949055320818,0.11263162813349042,0.1448775360126157,359
12,1,y_animals_ct,n_dry_plants,-0.0007184821333125208,0.0151297556686282,-0.047488019572074484,-0.0015534582832044655,359
12,1,y_animals_ct,n_unfed,-0.03660961370394115,0.01953577603467048,-1.8739779591539867,-0.026309531441293135,359
12,1,y_animals_ct,n_weeds,-0.03628023674091629,0.01737739996411191,-2.08778279925897,-0.12501080734157696,359
12,1,y_animals_ct,n_planted,0.0028623092342808997,0.017551541577476418,0.1630802184324396,0.05589162280646244,359
12,1,y_animals_ct,n_empty,-0.02257098676744543,0.016315954167897804,-1.383369095989165,-0.05069365699163182,359
12,1,y_animals_ct,n_animals,0.0002101373064377265,0.040502968126422866,0.005188195239959205,0.0032781419684277642,359
12,1,y_animals_ct,n_structures,0.03295088307500929,0.03843568188315305,0.8572992974388252,0.46196486609643134,359
12,1,y_animals_ct,n_money,0.05254274653957182,0.021816519507494973,2.40839271000679,0.2124942476460797,359
12,1,y_animals_ct,n_output_per_day,0.04468647500969514,0.015503690001524753,2.8823122111768438,0.5036656634845684,359
12,1,y_animals_ct,n_revenue_per_day,0.008796335165500458,0.015276598154814712,0.5758045787653402,0.032303758993162755,359
12,1,y_animals_ct,n_shed,0.004264345536215018,0.014691597365820581,0.2902574464867822,0.15783925920727349,359
12,1,y_animals_ct,n_labour,0.001328384922035134,0.017963992457063777,0.07394708749795696,0.024487097933892806,359
12,1,y_animals_ct,n_quadrants,-0.004110194621537879,0.016982430559863468,-0.24202628752399993,-0.1314472566845541,359
12,1,y_animals_ct,n_melon_tiles,0.015102192517076679,0.018103403450986367,0.8342184141211212,0.6331989894022901,359
13,1,y_animals_ct,n_dry_plants,-0.00168783153181374,0.00414001883334568,-0.40768692118478844,-0.004080509852164446,359
13,1,y_animals_ct,n_unfed,0.0011519821235812806,0.004323956089805676,0.2664185527455373,0.0011577017935886294,359
13,1,y_animals_ct,n_weeds,-0.007571133729581393,0.005179708738286235,-1.461691016257101,-0.03149509292722726,359
13,1,y_animals_ct,n_planted,-0.00142137677535687,0.004891344528975298,-0.29059019804001385,-0.030847733343540042,359
13,1,y_animals_ct,n_empty,0.007999588753818922,0.0043201785694171905,1.851680115828661,0.02206707860816202,359
13,1,y_animals_ct,n_animals,-0.007326663553677291,0.012107870660399702,-0.6051157762727064,-0.11813566821055738,359
13,1,y_animals_ct,n_structures,0.017463349267264255,0.011528900044735956,1.5147454830470095,0.25779848590775795,359
13,1,y_animals_ct,n_money,0.0008314694846381025,0.007713152305309215,0.10779891952422292,0.003445542100262768,359
13,1,y_animals_ct,n_output_per_day,0.0007247698323235135,0.004352705954880551,0.16651017547161717,0.008966732901248378,359
13,1,y_animals_ct,n_revenue_per_day,-0.0025879888379816704,0.005450794482011249,-0.4747911238485637,-0.006526927775650353,359
13,1,y_animals_ct,n_shed,0.014857586314129085,0.004610034646488658,3.2228795342017045,0.6656147219511925,359
13,1,y_animals_ct,n_labour,-8.754316825476929e-05,0.004845107196881068,-0.018068365610388,-0.0035352650893887287,359
13,1,y_animals_ct,n_quadrants,-0.007355591782908743,0.006033024449565608,-1.2192212785476715,-0.5113231181315622,359
13,1,y_animals_ct,n_melon_tiles,0.004280540620566308,0.004886552263188446,0.875983800032721,0.17947288064122063,359
14,1,y_animals_ct,n_dry_plants,0.0044741809678037845,0.004402432598188256,1.0162974373861067,0.009038439656049077,359
14,1,y_animals_ct,n_unfed,0.009222065153776653,0.0042577461670728085,2.1659499631742496,0.013151435424128197,359
14,1,y_animals_ct,n_weeds,0.002169980544321553,0.004720216598870016,0.45972054435828846,0.009441661156968822,359
14,1,y_animals_ct,n_planted,-0.000560431338290755,0.004480602662740853,-0.1250794548133243,-0.01309361945847532,359
14,1,y_animals_ct,n_empty,0.0010248789867459782,0.0043585539035329805,0.235141978149043,0.0030980603003574548,359
14,1,y_animals_ct,n_animals,0.0048503228343389675,0.0116768193505336,0.41538048065437616,0.0799876074724307,359
14,1,y_animals_ct,n_structures,-0.010632512648048778,0.011295613668071358,-0.9412957065009289,-0.1590914989063712,359
14,1,y_animals_ct,n_money,0.003199331243252466,0.007215639613605384,0.44338844711978076,0.015785451483860912,359
14,1,y_animals_ct,n_output_per_day,-0.005929895065098651,0.004413734977507021,-1.3435095435766269,-0.07729830879130081,359
14,1,y_animals_ct,n_revenue_per_day,-0.0006848885104221524,0.005366294961862908,-0.12762781682511048,-0.001705916818811187,359
14,1,y_animals_ct,n_shed,0.008105829650912059,0.004696097419803363,1.7260778315053502,0.36313836145409095,359
14,1,y_animals_ct,n_labour,-0.0022571607437070493,0.004581615201524597,-0.49265611458508063,-0.04951626960132344,359
14,1,y_animals_ct,n_quadrants,-0.006843877144036485,0.006390273156451822,-1.0709835051615422,-0.47575133377157425,359
14,1,y_animals_ct,n_melon_tiles,0.0035220858299306575,0.004671240298172838,0.7539937158249654,0.14767267637321269,359
15,1,y_animals_ct,n_dry_plants,-0.014898808711734211,0.0033053846190518447,-4.507435723473524,-0.023250991836902716,359
15,1,y_animals_ct,n_unfed,0.0067628247022347475,0.002752827743490583,2.456682848473291,0.007323584311175644,359
15,1,y_animals_ct,n_weeds,-0.007617788372016722,0.003565818955226079,-2.136336271602365,-0.02922477847937154,359
15,1,y_animals_ct,n_planted,0.004783270184563109,0.0033682284844597124,1.4201145221092029,0.10934036381331026,359
15,1,y_animals_ct,n_empty,-0.00023805378464264082,0.0030383673193181545,-0.07834924471741057,-0.0007013175116565119,359
15,1,y_animals_ct,n_animals,-0.006315114939942063,0.007686014912470262,-0.8216370917646846,-0.10794361191040168,359
15,1,y_animals_ct,n_structures,0.00620149184803169,0.00817760438579761,0.7583506801578811,0.08988324952918578,359
15,1,y_animals_ct,n_money,-0.006432060034171534,0.004358215916772397,-1.4758470339704928,-0.03963808378195311,359
15,1,y_animals_ct,n_output_per_day,-0.0009391731723442799,0.003032958772244317,-0.309655766157782,-0.012531383669034946,359
15,1,y_animals_ct,n_revenue_per_day,-0.0011538270108583692,0.0034448793258160886,-0.3349397472972522,-0.0036939785310824216,359
15,1,y_animals_ct,n_shed,-0.0012733688947791115,0.0032761249267330627,-0.3886814218799981,-0.057046485540769236,359
15,1,y_animals_ct,n_labour,-0.0014369281616003835,0.0030147779914986394,-0.4766281847792347,-0.05428616897144707,359
15,1,y_animals_ct,n_quadrants,-0.008357922627354705,0.00502446348637912,-1.6634457887916392,-0.5810000316835645,359
15,1,y_animals_ct,n_melon_tiles,-0.0012244576347307705,0.003217250731174387,-0.3805912989205566,-0.05133859444585611,359
16,1,y_animals_ct,n_dry_plants,0.0012764702687627647,0.0030144171840653404,0.4234550796453713,0.0026325417963486354,359
16,1,y_animals_ct,n_unfed,0.0008173123316028994,0.0029337739586907333,0.27858735646002003,0.0008005153282041404,359
16,1,y_animals_ct,n_weeds,0.005021035983738852,0.003136742137977464,1.6007168466121857,0.021453889701799504,359
16,1,y_animals_ct,n_planted,-0.0016128206407088506,0.0032739706451805637,-0.4926191513302043,-0.041332003044501894,359
16,1,y_animals_ct,n_empty,-0.005131685999740079,0.0030407202402735617,-1.687654764082605,-0.015541209180948003,359
16,1,y_animals_ct,n_animals,0.011853790392853994,0.008064465822525813,1.4698791778302005,0.2095883145256453,359
16,1,y_animals_ct,n_structures,-0.020158045095566336,0.008747631879112303,-2.304400250735282,-0.30152752030789315,359
16,1,y_animals_ct,n_money,0.007730049965096216,0.004126281844975948,1.8733693566056622,0.05121029012369933,359
16,1,y_animals_ct,n_output_per_day,-0.00447368133391626,0.0030561417812532657,-1.4638330464111153,-0.06102704170631319,359
16,1,y_animals_ct,n_revenue_per_day,0.006371856030615959,0.003125009621831049,2.038987651782804,0.020110104328389857,359
16,1,y_animals_ct,n_shed,0.0018813256190082588,0.0032879578233691786,0.5721866642074076,0.08428273626147469,359
16,1,y_animals_ct,n_labour,0.0023064886727812515,0.003195379309803943,0.7218199935464843,0.09547575794859008,359
16,1,y_animals_ct,n_quadrants,-0.006983682578776171,0.005219552659807856,-1.3379848875848408,-0.48546989251336536,359
16,1,y_animals_ct,n_melon_tiles,0.0020433728379662397,0.003242268645656631,0.6302293428718679,0.08567375991991158,359
17,1,y_animals_ct,n_dry_plants,-0.0038900047573776136,0.004148740207012546,-0.9376351767706265,-0.009202913112307984,359
17,1,y_animals_ct,n_unfed,0.0008648481339908705,0.004102970700426421,0.21078584204878356,0.0008158331386420863,359
17,1,y_animals_ct,n_weeds,0.0022294880984789203,0.004604088889267555,0.484240889370318,0.010301397058407482,359
17,1,y_animals_ct,n_planted,-0.006197345844852147,0.004931676011443418,-1.2566409128401543,-0.16572485646386306,359
17,1,y_animals_ct,n_empty,0.0030323834087686054,0.004433710241623158,0.6839381113138476,0.00828689135252841,359
17,1,y_animals_ct,n_animals,0.002183298805802767,0.010310754130748251,0.2117496720527779,0.038652192879772194,359
17,1,y_animals_ct,n_structures,-0.008907549619480738,0.01085198791191609,-0.8208219260638643,-0.13044935052843754,359
17,1,y_animals_ct,n_money,-0.001296577389208836,0.006002280651182086,-0.21601412272408302,-0.009293347861041803,359
17,1,y_animals_ct,n_output_per_day,-0.002213865476767162,0.004454836439301242,-0.49695774624543004,-0.028307259373303726,359
17,1,y_animals_ct,n_revenue_per_day,-0.0006907697593576568,0.004767441556413514,-0.14489317827680182,-0.0020809040024182533,359
17,1,y_animals_ct,n_shed,0.001108395123550265,0.004740101984775643,0.23383360254910784,0.049655717717243045,359
17,1,y_animals_ct,n_labour,0.0007582648968053707,0.005061696985423029,0.14980448236808055,0.03344533768328566,359
17,1,y_animals_ct,n_quadrants,-0.007220555341092752,0.006976722453048604,-1.034949489489524,-0.5019360753852288,359
17,1,y_animals_ct,n_melon_tiles,6.012182101065229e-05,0.005078046270792499,0.011839557539374185,0.002520764866553258,359
18,1,y_animals_ct,n_dry_plants,-0.0015679324898723007,0.0031896228577046547,-0.49157300402613446,-0.0035614931293523867,359
18,1,y_animals_ct,n_unfed,-0.00222283339879887,0.0031605718536961225,-0.7033010169344459,-0.0023363906496005624,359
18,1,y_animals_ct,n_weeds,-0.002411311064126244,0.003405984605533784,-0.7079629955486381,-0.012243404275035804,359
18,1,y_animals_ct,n_planted,-0.009774332974088073,0.0033856348055784934,-2.887001562597051,-0.24529505252780637,359
18,1,y_animals_ct,n_empty,0.0007684026878238269,0.003573281397887659,0.21504119106826217,0.0016072847796709101,359
18,1,y_animals_ct,n_animals,0.0742756945613257,0.0052018858713929455,14.278609027121231,1.228513295461054,359
18,1,y_animals_ct,n_structures,-0.07091434884734857,0.005819110601970434,-12.186458326352476,-1.0533344444017207,359
18,1,y_animals_ct,n_money,0.01970741549125476,0.0048277175372341075,4.082139300665366,0.13119240451489253,359
18,1,y_animals_ct,n_output_per_day,0.009110143049221076,0.0035772432831267815,2.5466937326270194,0.1104557932257807,359
18,1,y_animals_ct,n_revenue_per_day,0.004636095872514537,0.00335580338577369,1.3815159410615088,0.017533821692899118,359
18,1,y_animals_ct,n_shed,-0.006082351233197318,0.0035548774691458165,-1.710987589864473,-0.2724872290355891,359
18,1,y_animals_ct,n_labour,-0.0022957793709824544,0.0035462839639546742,-0.6473760686728236,-0.0806911718015393,359
18,1,y_animals_ct,n_quadrants,-0.015482655974395538,0.005318438181635999,-2.911128313544285,-1.0762750521557056,359
18,1,y_animals_ct,n_melon_tiles,0.005801529990843572,0.0035262469923824915,1.6452420954562224,0.24324434502046124,359
19,1,y_animals_ct,n_dry_plants,0.004089243260433353,0.007851070309060515,0.5208516927576319,0.007856313266703675,359
19,1,y_animals_ct,n_unfed,-0.004953021031168804,0.007611986803473873,-0.6506870228556361,-0.00545596511899265,359
19,1,y_animals_ct,n_weeds,-0.010646012670536326,0.007643470859741611,-1.3928243942956848,-0.04235484107095313,359
19,1,y_animals_ct,n_planted,0.012425537007163574,0.007971617915832632,1.5587220986200179,0.29910846656303675,359
19,1,y_animals_ct,n_empty,-0.006358697363576624,0.008278076804303628,-0.768137033987272,-0.013907872379952895,359
19,1,y_animals_ct,n_animals,0.009528751067228742,0.01299341522296941,0.7333523098980222,0.15249098743230705,359
19,1,y_animals_ct,n_structures,-0.001257137412495072,0.013919475516513728,-0.09031499865089274,-0.018095525442785646,359
19,1,y_animals_ct,n_money,0.008673551698057998,0.012025904588707526,0.7212390248133659,0.06099445824145235,359
19,1,y_animals_ct,n_output_per_day,0.0029303324277253234,0.008094202581920028,0.3620285504431023,0.0321038760544248,359
19,1,y_animals_ct,n_revenue_per_day,-0.005716652620612357,0.008006498738988337,-0.7140015638514527,-0.01830612437654417,359
19,1,y_animals_ct,n_shed,-0.017249937481792568,0.008758614971873418,-1.969482336783541,-0.7727912258332286,359
19,1,y_animals_ct,n_labour,-0.0031864186910825457,0.009585890390876067,-0.33240716940759163,-0.14128700649076892,359
19,1,y_animals_ct,n_quadrants,0.002204288810071184,0.012995981496082271,0.16961310776994276,0.15323088350919872,359
19,1,y_animals_ct,n_melon_tiles,0.004106706410033116,0.009007162168507978,0.45593787845760364,0.17218442591461722,359
20,1,y_animals_ct,n_dry_plants,0.003339494425550261,0.0066272029383554025,0.5039070715976876,0.007419927945589308,359
20,1,y_animals_ct,n_unfed,-0.00360597582394499,0.005728842687171935,-0.6294422836953643,-0.003972123796272104,359
20,1,y_animals_ct,n_weeds,0.004238078524170456,0.005872569387416606,0.721673639693651,0.017397928948331018,359
20,1,y_animals_ct,n_planted,-0.012478745433826084,0.006122982847185499,-2.038017375724331,-0.2768678511039063,359
20,1,y_animals_ct,n_empty,0.0007318442591344549,0.006321100251265021,0.11577798643329433,0.0014743193490217123,359
20,1,y_animals_ct,n_animals,-0.008077622304661374,0.010335978628143484,-0.7815053218731598,-0.12304543322817142,359
20,1,y_animals_ct,n_structures,0.007733001866705037,0.01092867589244228,0.7075881783677738,0.10643003854790195,359
20,1,y_animals_ct,n_money,-0.019248785552510257,0.009171371560493706,-2.0987902873138062,-0.13743198473079424,359
20,1,y_animals_ct,n_output_per_day,-0.0025309852517043283,0.0067418217966753,-0.37541562622620384,-0.027934990034888738,359
20,1,y_animals_ct,n_revenue_per_day,0.0017783765346481043,0.005937328080389511,0.29952472064360575,0.00578393675717005,359
20,1,y_animals_ct,n_shed,0.0013439645489201997,0.0064789159233650286,0.20743663983559915,0.060209146400252,359
20,1,y_animals_ct,n_labour,0.009326377119002138,0.006894201405079917,1.352785706569306,0.3536103886863777,359
20,1,y_animals_ct,n_quadrants,-0.0229319370411844,0.010062146760432072,-2.2790302693020643,-1.5941109700976661,359
20,1,y_animals_ct,n_melon_tiles,-0.008259058249344291,0.006362803820349154,-1.2980218285106708,-0.3462826560438887,359
21,1,y_animals_ct,n_dry_plants,0.007419864809296676,0.009716433156810337,0.7636408020875464,0.016406906104241146,359
21,1,y_animals_ct,n_unfed,0.004205195944124313,0.00895935116790018,0.46936389313445026,0.0040999223704454675,359
21,1,y_animals_ct,n_weeds,-0.017412137658784962,0.008854838752593849,-1.9663980502958818,-0.05083111784631741,359
21,1,y_animals_ct,n_planted,0.001497110534354532,0.00880049419523281,0.17011664358184686,0.03426850071758787,359
21,1,y_animals_ct,n_empty,-0.013400121178099975,0.009573571915895779,-1.3996992236357118,-0.0265563756367381,359
21,1,y_animals_ct,n_animals,0.01606150836966745,0.00918990228278015,1.747734401894912,0.23640527842420928,359
21,1,y_animals_ct,n_structures,-0.001978248302429311,0.013564308554153224,-0.14584217798728824,-0.023281325301216686,359
21,1,y_animals_ct,n_money,0.007556893968293919,0.013556707911315122,0.5574283976411817,0.05661723021058117,359
21,1,y_animals_ct,n_output_per_day,-0.006951192667793973,0.00962043089650427,-0.722544836356529,-0.07739862687673367,359
21,1,y_animals_ct,n_revenue_per_day,-0.004213283191786536,0.008954252518373708,-0.4705343280347607,-0.011669701258358776,359
21,1,y_animals_ct,n_shed,0.0015391817201410188,0.009854916941938472,0.1561841392686827,0.06895480807065911,359
21,1,y_animals_ct,n_labour,-0.0007359436238760595,0.010341954476686253,-0.0711609807928558,-0.03114315385227082,359
21,1,y_animals_ct,n_quadrants,-0.002845343486412861,0.016008692335133908,-0.17773740833086357,-0.19779372572149775,359
21,1,y_animals_ct,n_melon_tiles,0.0041831905447225915,0.009564971480698575,0.43734480057404973,0.1753912236518281,359
22,1,y_animals_ct,n_dry_plants,0.0027276672698042393,0.007015214807101465,0.3888216319538834,0.005548426999897681,359
22,1,y_animals_ct,n_unfed,-0.005104299636433233,0.006917663837203965,-0.7378646543912328,-0.005262934733409269,359
22,1,y_animals_ct,n_weeds,-0.008996267608274508,0.007110465526551601,-1.2652149953728098,-0.025078968050076998,359
22,1,y_animals_ct,n_planted,0.014790605408780133,0.007329423082094659,2.0179767552118384,0.3178560408199244,359
22,1,y_animals_ct,n_empty,0.0031946732485675184,0.0073179603222866246,0.43655241458992866,0.006469271959049664,359
22,1,y_animals_ct,n_animals,0.0022670947451995083,0.007382216862370894,0.30710216015943503,0.030707839940667586,359
22,1,y_animals_ct,n_structures,-0.012029931471823333,0.011137382753547713,-1.0801398980376522,-0.1415761346050094,359
22,1,y_animals_ct,n_money,-0.0066964356248695915,0.010521534977150838,-0.6364504456252772,-0.051431038397146654,359
22,1,y_animals_ct,n_output_per_day,-0.010290205412096865,0.009546942866946533,-1.077853461103623,-0.09335729659512139,359
22,1,y_animals_ct,n_revenue_per_day,0.0016947862683852604,0.007248966817084482,0.23379694115731925,0.005113976092500786,359
22,1,y_animals_ct,n_shed,-0.003442662322252811,0.007940313234461194,-0.4335675710262354,-0.15423007990328966,359
22,1,y_animals_ct,n_labour,-0.0011415186280300648,0.007375048809557921,-0.15478116247185764,-0.03466748740139178,359
22,1,y_animals_ct,n_quadrants,-0.017079774615035945,0.012068866878570481,-1.4151928915019227,-1.1872985710594908,359
22,1,y_animals_ct,n_melon_tiles,0.004209568518553725,0.007294365915482132,0.5770986220500685,0.1764971893156526,359
23,1,y_animals_ct,n_dry_plants,-0.005639387912566469,0.008387467012430951,-0.6723588783369768,-0.023147315533360337,359
23,1,y_animals_ct,n_unfed,-0.010699444020579785,0.00646072705060576,-1.6560742988788857,-0.010619471305243327,359
23,1,y_animals_ct,n_weeds,0.005360910491684786,0.006575176450005343,0.8153257228070936,0.014529223796579645,359
23,1,y_animals_ct,n_planted,-0.005398690400640795,0.00654001373805565,-0.8254860948114504,-0.12893169988508,359
23,1,y_animals_ct,n_empty,-0.001065780390053754,0.006904529942357283,-0.15435958695978727,-0.001943270737960026,359
23,1,y_animals_ct,n_animals,0.0001631089957046378,0.007507194449530977,0.02172702423004752,0.0021825309150643596,359
23,1,y_animals_ct,n_structures,0.0028938337092073644,0.010199863715956407,0.2837129779175701,0.034056535708358364,359
23,1,y_animals_ct,n_money,-0.0022053756398975944,0.00950204593503103,-0.2320948198921112,-0.017149269948658792,359
23,1,y_animals_ct,n_output_per_day,0.004017594842253728,0.008415397839813264,0.4774099714271949,0.03772487386543038,359
23,1,y_animals_ct,n_revenue_per_day,-0.010460051515457593,0.0072728215234221655,-1.438238444566656,-0.02567959627178354,359
23,1,y_animals_ct,n_shed,-0.0058508675893987755,0.0072369642077830965,-0.808469880658851,-0.26211684195214396,359
23,1,y_animals_ct,n_labour,0.002626342152017872,0.006799579919406716,0.3862506482969655,0.07994371724921867,359
23,1,y_animals_ct,n_quadrants,-0.0024104399024180894,0.012106625064569526,-0.19910089637386463,-0.16756145302095093,359
23,1,y_animals_ct,n_melon_tiles,-0.0031862080893398825,0.006752830850864324,-0.47183294824156097,-0.13359012209082488,359
24,1,y_animals_ct,n_dry_plants,-0.019035074472076658,0.008632756283512767,-2.204982261393237,-0.025796397045533184,359
24,1,y_animals_ct,n_unfed,0.0036946468852017762,0.006405479596204589,0.5767947317154752,0.004000832074758561,359
24,1,y_animals_ct,n_weeds,-0.00010881179080931002,0.006643304492341979,-0.01637916656307746,-0.0002570403165471882,359
24,1,y_animals_ct,n_planted,0.0020607729579226533,0.006822157905926018,0.30207054517641374,0.04633440000656656,359
24,1,y_animals_ct,n_empty,0.0008185657460185544,0.006703059263510126,0.12211823196531071,0.0014873957082814533,359
24,1,y_animals_ct,n_animals,0.00493524050286316,0.007146520602399886,0.6905794830012592,0.06460366642374175,359
24,1,y_animals_ct,n_structures,-0.0010568799856770844,0.009965362158376333,-0.10605535141427143,-0.012438057811386731,359
24,1,y_animals_ct,n_money,-0.004132598329402515,0.009196440034725754,-0.44936935529376865,-0.03237086541294799,359
24,1,y_animals_ct,n_output_per_day,-0.0031301941454530947,0.0077400924062156345,-0.40441302004862517,-0.03186179400036439,359
24,1,y_animals_ct,n_revenue_per_day,0.010220419627570681,0.007568368895213101,1.3504124559830808,0.022811226254467656,359
24,1,y_animals_ct,n_shed,-0.020919184516758768,0.007137025320578306,-2.9310789267402666,-0.9371722224037625,359
24,1,y_animals_ct,n_labour,0.0027926574103341816,0.008219988107042107,0.33973983586931195,0.1260230884925933,359
24,1,y_animals_ct,n_quadrants,-0.002783098042561807,0.012318677263733927,-0.22592507157852262,-0.1934667408399607,359
24,1,y_animals_ct,n_melon_tiles,-0.003906816595932372,0.007173933236968031,-0.5445850228714334,-0.1638035217421082,359
25,1,y_animals_ct,n_dry_plants,0.017044007017366528,0.01429389712154316,1.1923974877137262,0.0789562490423465,359
25,1,y_animals_ct,n_unfed,-0.00815660558266923,0.010617072213633724,-0.7682537538169016,-0.022617180876513182,359
25,1,y_animals_ct,n_weeds,-0.006443530101889149,0.008968568849311728,-0.7184568920807964,-0.015041549910015628,359
25,1,y_animals_ct,n_planted,-0.009747262275927471,0.008851685751031032,-1.1011758155549212,-0.21558313660639414,359
25,1,y_animals_ct,n_empty,-0.00843047401801955,0.008723453024117048,-0.9664147895004969,-0.015375323313707417,359
25,1,y_animals_ct,n_animals,-0.05434129797868358,0.06154137623837852,-0.8830042696509472,-0.4496531709582793,359
25,1,y_animals_ct,n_structures,0.04509038451862966,0.0544578206097338,0.82798731226806,0.5306532595761816,359
25,1,y_animals_ct,n_money,0.02086815978027982,0.011458871981225539,1.8211356069315252,0.16175740624830365,359
25,1,y_animals_ct,n_output_per_day,0.005384902941789233,0.009051167984231409,0.5949401172501273,0.058212635444701864,359
25,1,y_animals_ct,n_revenue_per_day,0.012819726048213326,0.009662432019509917,1.3267597663122859,0.029120078792840832,359
25,1,y_animals_ct,n_shed,-0.00470697663929083,0.009550896465662422,-0.4928308726006453,-0.21087092349669959,359
25,1,y_animals_ct,n_labour,0.008029432756556683,0.009688527965298455,0.8287567301571325,0.3065255880159064,359
25,1,y_animals_ct,n_quadrants,0.02256451553640773,0.01925716229533983,1.1717466566643762,1.5685697063848636,359
25,1,y_animals_ct,n_melon_tiles,0.014866916601899573,0.009522044835160028,1.5613155429602341,0.6233344302296807,359
26,1,y_animals_ct,n_dry_plants,0.04918031149101449,0.02476480453084976,1.9858954036867156,0.2278274655782612,359
26,1,y_animals_ct,n_unfed,0.016569422837997064,0.0199253925978635,0.8315732177730703,0.04594480259566146,359
26,1,y_animals_ct,n_weeds,-0.019292642103984306,0.016638754836503955,-1.159500352854407,-0.04248512414937898,359
26,1,y_animals_ct,n_planted,-0.03587831533344725,0.02325822749410287,-1.5426074640702612,-0.46324661513301857,359
26,1,y_animals_ct,n_empty,-0.02478902150367878,0.02023856491228195,-1.2248408724195334,-0.03057686647899436,359
26,1,y_animals_ct,n_animals,0.023297389642427033,0.11622038838558661,0.20045871439641758,0.19277686616681847,359
26,1,y_animals_ct,n_structures,-0.048022597228495834,0.10291475881069077,-0.4666249795797729,-0.5651614645709365,359
26,1,y_animals_ct,n_money,-0.01207458796254948,0.021037904856442847,-0.573944413426304,-0.0933302774516703,359
26,1,y_animals_ct,n_output_per_day,0.02196661894866869,0.01753444345993642,1.2527696700986906,0.25012247318171726,359
26,1,y_animals_ct,n_revenue_per_day,-0.016634708944732388,0.015922257631991583,-1.0447456214569297,-0.04035497486448611,359
26,1,y_animals_ct,n_shed,-0.0038722264122884485,0.017661527127158863,-0.2192464096909245,-0.17347440238636913,359
26,1,y_animals_ct,n_labour,0.0018259716052608456,0.019939340271346747,0.09157633002957502,0.07477247489198358,359
26,1,y_animals_ct,n_quadrants,0.08244093335574522,0.03515832962735575,2.3448478420203487,5.730872015367107,359
26,1,y_animals_ct,n_melon_tiles,-0.011293576914690061,0.018482661402019526,-0.6110362933693119,-0.4735128016036582,359
27,1,y_animals_ct,n_dry_plants,0.010688223983342762,0.027658851229206655,0.3864305098852558,0.049513126449039865,359
27,1,y_animals_ct,n_unfed,0.011281828516027286,0.017968838853369216,0.6278551779605895,0.03128300781233704,359
27,1,y_animals_ct,n_weeds,-0.0014432648105321313,0.016256569404349594,-0.08878040468648771,-0.001835397037410837,359
27,1,y_animals_ct,n_planted,0.007495127966445279,0.019402005224616062,0.3863068729069264,0.12099371833446179,359
27,1,y_animals_ct,n_empty,0.02523136320464891,0.017218948582336007,1.465325428204856,0.06702632276674458,359
27,1,y_animals_ct,n_animals,-0.08521452535340361,0.09868333435968626,-0.8635148569545611,-0.7051171569713552,359
27,1,y_animals_ct,n_structures,0.06975162196155049,0.08936937369399214,0.7804868611968302,0.8208828988657122,359
27,1,y_animals_ct,n_money,0.000561772555643888,0.02083055259497591,0.026968682327677712,0.004329850287986396,359
27,1,y_animals_ct,n_output_per_day,-0.0025979508064515196,0.02537485723118484,-0.10238287383381713,-0.02856325461011037,359
27,1,y_animals_ct,n_revenue_per_day,-0.020515329518341938,0.014142611727508702,-1.4506040265842626,-0.0506899088615849,359
27,1,y_animals_ct,n_shed,0.005908750314238652,0.01614916733379931,0.3658857569623399,0.2647099679811971,359
27,1,y_animals_ct,n_labour,0.010416505432546798,0.019135098651779512,0.5443664347964097,0.41536326457846473,359
27,1,y_animals_ct,n_quadrants,-0.01813265232615308,0.04020859712186901,-0.45096456041961563,-1.2604892442437416,359
27,1,y_animals_ct,n_melon_tiles,-0.009017899657723122,0.017698470326321422,-0.5095298910839526,-0.3780990702737277,359
0,1,y_dry_ct,n_dry_plants,-0.8441462768819903,0.26503731546949816,-3.1850091576223307,-3.9105020079933173,359
0,1,y_dry_ct,n_unfed,-0.6602254358942764,0.17623766554269996,-3.7462220908408077,-1.830717196210069,359
0,1,y_dry_ct,n_weeds,-0.068446808116701,0.1592678431025448,-0.4297591201296763,-0.2762249058830807,359
0,1,y_dry_ct,n_planted,-1.2563699089871387,0.1840526524838204,-6.826143997558432,-20.28155724257481,359
0,1,y_dry_ct,n_empty,-4.754112457886011,0.20506207398374626,-23.183772433038172,-2.263302720442486,359
0,1,y_dry_ct,n_animals,1.3456162466382275,1.0496780663734069,1.2819323273918397,11.134452703562651,359
0,1,y_dry_ct,n_structures,-1.9631250716661235,0.957748349189276,-2.0497295279369454,-23.103345188927058,359
0,1,y_dry_ct,n_money,1.2412993174327391,0.17446183079797267,7.115019438665455,2.437431859062668,359
0,1,y_dry_ct,n_output_per_day,-0.6230753627277296,0.2300417861455449,-2.708531233249583,-6.850422333896153,359
0,1,y_dry_ct,n_revenue_per_day,0.15296906590421808,0.13889238814267693,1.1013495264195536,1.0565884671251657,359
0,1,y_dry_ct,n_shed,0.1612551822695993,0.1556603770094063,1.035942385388511,7.224176325834111,359
0,1,y_dry_ct,n_labour,0.5911806623761204,0.15046362042091146,3.929060464731168,18.5097474239818,359
0,1,y_dry_ct,n_quadrants,1.5674346792714682,0.36904467612197694,4.247276226126613,108.96004173789204,359
0,1,y_dry_ct,n_melon_tiles,0.4950289346447684,0.16460262200544692,3.0074182817597355,2.81672012951269,359
1,1,y_dry_ct,n_dry_plants,-1.1465578861691388,0.41489856555586135,-2.763465534360272,-5.311421774797202,359
1,1,y_dry_ct,n_unfed,5.204314513636382,0.35010001796744283,14.865222069541144,2.92229372776067,359
1,1,y_dry_ct,n_weeds,0.8716916867594073,0.24380239810266827,3.5754024305877703,3.51781128673888,359
1,1,y_dry_ct,n_planted,-0.569918263541092,0.2929340032654192,-1.9455517529137962,-6.90980902678706,359
1,1,y_dry_ct,n_empty,0.5520489659981518,0.2630635430377865,2.098538473340851,1.2189785896120329,359
1,1,y_dry_ct,n_animals,0.6577166841616501,0.3775931589140835,1.7418659968659684,7.243676838049802,359
1,1,y_dry_ct,n_structures,0.5719495560823183,0.4138827952159085,1.3819118907418024,7.277135027810279,359
1,1,y_dry_ct,n_money,-1.3740498165091692,0.2983328738350856,-4.605760668764668,-2.344087031695968,359
1,1,y_dry_ct,n_output_per_day,-0.20605428432566683,0.322123925289841,-0.6396739520054683,-2.52843918553871,359
1,1,y_dry_ct,n_revenue_per_day,-1.1731884877732854,0.24611151874810222,-4.766897923920645,-6.757530161953027,359
1,1,y_dry_ct,n_shed,0.45769594777208833,0.23773582697209392,1.925229165504844,13.030618477559827,359
1,1,y_dry_ct,n_labour,1.1552788063200021,0.22572810151607917,5.118010555888668,13.283989417431597,359
1,1,y_dry_ct,n_quadrants,1.3268751263872813,0.4253856703107756,3.119228547162628,92.23757204308313,359
1,1,y_dry_ct,n_melon_tiles,0.4005910562270522,0.24276333310699857,1.6501299891548724,2.3994163722757653,359
2,1,y_dry_ct,n_dry_plants,0.5889554175987397,0.3774896302962962,1.5601896590813937,2.136381923772689,359
2,1,y_dry_ct,n_unfed,0.551060164515908,0.3525301665425987,1.563157473643662,0.8051467217319145,359
2,1,y_dry_ct,n_weeds,-1.611880119557076,0.3422591379328204,-4.709531290508481,-6.582489638673239,359
2,1,y_dry_ct,n_planted,-3.0591102209834933,0.5044092336541417,-6.064738741640549,-35.16834950534153,359
2,1,y_dry_ct,n_empty,4.263349082110425,0.3610234288614841,11.809064845334923,7.887017953003646,359
2,1,y_dry_ct,n_animals,-0.1825840013236698,0.7531533196824615,-0.2424260725567132,-1.7430388888935855,359
2,1,y_dry_ct,n_structures,-3.073797717385942,0.7467191240892687,-4.11640417156167,-39.69908782143062,359
2,1,y_dry_ct,n_money,-0.35318793823272254,0.3159124708791984,-1.1179930227185553,-0.8655368992167652,359
2,1,y_dry_ct,n_output_per_day,0.24444472721498273,0.47171447402186906,0.5182048477987768,2.955076354698317,359
2,1,y_dry_ct,n_revenue_per_day,-0.7162957504560761,0.3332892198290746,-2.1491716738495894,-4.916669897559385,359
2,1,y_dry_ct,n_shed,-0.29890794013154753,0.39866882176151164,-0.749765027550506,-5.133071724737604,359
2,1,y_dry_ct,n_labour,0.23250824391051744,0.3750677234610489,0.6199100305538918,5.203859694785693,359
2,1,y_dry_ct,n_quadrants,0.8519495337328068,0.556336329984714,1.531357000820376,59.2231740063645,359
2,1,y_dry_ct,n_melon_tiles,0.3861098188203672,0.3412815431187677,1.1313527690127652,2.551239345006484,359
3,1,y_dry_ct,n_dry_plants,0.3701617808294171,0.2879902149461333,1.2853276313525217,1.245498452899661,359
3,1,y_dry_ct,n_unfed,3.1231349752513906,0.45302794976675537,6.893912344391463,1.7479450971699997,359
3,1,y_dry_ct,n_weeds,0.19215764347243486,0.2468958973680444,0.7782941941152957,0.7847207008773956,359
3,1,y_dry_ct,n_planted,1.2180251484607965,0.35575704453087786,3.4237555297519293,11.429574281500084,359
3,1,y_dry_ct,n_empty,-0.09240822072044165,0.3045918448382022,-0.3033837651481722,-0.16069543877597167,359
3,1,y_dry_ct,n_animals,-3.6777093316750844,0.7682171685446503,-4.787330304843778,-21.119084089071688,359
3,1,y_dry_ct,n_structures,1.1240469911264097,0.7321792434300888,1.5352073979323861,7.2299555589453455,359
3,1,y_dry_ct,n_money,-0.08848394321189963,0.268557351354205,-0.3294787603680102,-0.20648881517330486,359
3,1,y_dry_ct,n_output_per_day,-0.9688033410236337,0.3274629905391313,-2.9585124701530607,-11.612091080310545,359
3,1,y_dry_ct,n_revenue_per_day,-0.20063831625988454,0.24552099887145445,-0.8171941185565607,-1.3316420627375318,359
3,1,y_dry_ct,n_shed,-0.126970012888245,0.2605754723263708,-0.4872677069513859,-4.130168506603257,359
3,1,y_dry_ct,n_labour,0.7180800580630173,0.23636483324435664,3.038015631202879,14.058864564637638,359
3,1,y_dry_ct,n_quadrants,0.5342484306022944,0.4202506329039542,1.2712614539343092,37.13821830450102,359
3,1,y_dry_ct,n_melon_tiles,-1.0556976818713868,0.2629287475798814,-4.015147417650295,-7.320403833382845,359
4,1,y_dry_ct,n_dry_plants,-1.560356197489846,0.4096310875345505,-3.8091742667314943,-5.5968264128351475,359
4,1,y_dry_ct,n_unfed,3.0177321001911666,0.5181594438250438,5.823944996378571,1.9072778145629425,359
4,1,y_dry_ct,n_weeds,-0.3284955985707981,0.3113783608730141,-1.0549724703084447,-1.3451197548932505,359
4,1,y_dry_ct,n_planted,-0.6493014394949304,0.562306083030285,-1.1547117470183228,-5.547531227290042,359
4,1,y_dry_ct,n_empty,0.5750784879669288,0.3298713621430656,1.7433416597028408,0.9798973124853042,359
4,1,y_dry_ct,n_animals,-1.831780507662628,1.3994354904666613,-1.308942441535333,-8.575656597586228,359
4,1,y_dry_ct,n_structures,6.562851334250539,1.4839522244295638,4.4225489380382985,29.51154992081072,359
4,1,y_dry_ct,n_money,-0.25191551464985706,0.37875842655091707,-0.6651086734726196,-0.4586583280507634,359
4,1,y_dry_ct,n_output_per_day,0.6928141194870955,0.3372394067601714,2.054368812182711,7.968594178885897,359
4,1,y_dry_ct,n_revenue_per_day,-0.08571872977460832,0.394645676741659,-0.21720427924697902,-0.40258383817652105,359
4,1,y_dry_ct,n_shed,3.1983845265902957,0.6070878353783339,5.268404899922068,11.250650232934817,359
4,1,y_dry_ct,n_labour,1.0047254108152859,0.39308387924318383,2.556007671313598,7.669942049162921,359
4,1,y_dry_ct,n_quadrants,-0.6332035987224022,0.5979843618020205,-1.0588965852121095,-44.01707545315013,359
4,1,y_dry_ct,n_melon_tiles,-1.5909788495885455,0.31393183505096633,-5.067911794706174,-66.70595667356042,359
5,1,y_dry_ct,n_dry_plants,3.878015133001836,0.5632627802738847,6.884912813014494,18.20343203201931,359
5,1,y_dry_ct,n_unfed,-0.7307879613092381,0.39506891025213026,-1.8497733998933357,-0.5895816902053588,359
5,1,y_dry_ct,n_weeds,-0.1550550842720145,0.38307532263030986,-0.40476395923224673,-0.6313524116037464,359
5,1,y_dry_ct,n_planted,0.48348040646022544,0.42769970257876105,1.1304202540828103,8.50895180278761,359
5,1,y_dry_ct,n_empty,-0.60234937654374,0.365569012952541,-1.647703594128035,-1.2289043440781802,359
5,1,y_dry_ct,n_animals,11.591910854085462,3.1220831785829475,3.712877009044584,37.1396222225224,359
5,1,y_dry_ct,n_structures,-22.719905425729166,3.2755900885875584,-6.936125953270923,-69.31689473907595,359
5,1,y_dry_ct,n_money,1.2150973193482002,0.46225454795143855,2.6286324812446202,2.4450169907790174,359
5,1,y_dry_ct,n_output_per_day,1.0611627909172907,0.4387987921040933,2.4183357156223853,11.780765691759157,359
5,1,y_dry_ct,n_revenue_per_day,0.21686156073774684,0.3809317058864039,0.5692924936062326,1.1562151230128692,359
5,1,y_dry_ct,n_shed,1.1883701798679374,0.3572966071713391,3.3260046583595537,13.906904401006354,359
5,1,y_dry_ct,n_labour,0.5032061477148094,0.36389861821714636,1.3828196165739084,11.466560682501642,359
5,1,y_dry_ct,n_quadrants,4.4752688099831115,0.6246436098023143,7.164515476912402,311.0977974218938,359
5,1,y_dry_ct,n_melon_tiles,3.1613164968256595,0.36729542577576246,8.607012979126168,132.54647685806827,359
6,1,y_dry_ct,n_dry_plants,-2.06715059092703,0.5333777691348202,-3.8755844554228562,-6.932498983420009,359
6,1,y_dry_ct,n_unfed,-0.16682390564238855,0.4793407228468472,-0.34802781756493906,-0.3079512955418617,359
6,1,y_dry_ct,n_weeds,-2.769135672031555,0.47158403101372487,-5.87198778991514,-11.203277140372375,359
6,1,y_dry_ct,n_planted,1.8408334574878034,0.7233703340289404,2.544800872929019,34.3673553131186,359
6,1,y_dry_ct,n_empty,8.839759311691447,0.7337689587466943,12.047060871572022,7.791587793960084,359
6,1,y_dry_ct,n_animals,-1.3725456174584951,0.876115476770912,-1.5666263795695856,-15.84545595696527,359
6,1,y_dry_ct,n_structures,-0.34469137417918266,0.9516919873710888,-0.3621879544571376,-4.067754316526926,359
6,1,y_dry_ct,n_money,-1.7789146893590957,0.5406583740642881,-3.290274921641314,-3.658237318698034,359
6,1,y_dry_ct,n_output_per_day,-2.766440924445135,0.6582914429114529,-4.202456152566532,-28.9919736689041,359
6,1,y_dry_ct,n_revenue_per_day,-1.3269362733187413,0.6512645665488153,-2.037476536379753,-5.5995610238933615,359
6,1,y_dry_ct,n_shed,0.8490248971580857,0.5862760747554668,1.4481656914145955,3.8297651849638243,359
6,1,y_dry_ct,n_labour,2.823247824504962,0.6210846088091322,4.545673462941318,31.82584465695898,359
6,1,y_dry_ct,n_quadrants,-5.467171565972482,1.005799536188807,-5.435647332557721,-380.04980360231446,359
6,1,y_dry_ct,n_melon_tiles,-4.757239013084901,0.582595115771774,-8.1656005762817,-199.45970970932854,359
7,1,y_dry_ct,n_dry_plants,1.7078579713763924,0.9102024119020934,1.8763496438197742,3.9730824904648436,359
7,1,y_dry_ct,n_unfed,-0.381835847921752,1.0215358688000373,-0.37378604078805505,-0.24679885318973743,359
7,1,y_dry_ct,n_weeds,2.991136270077908,0.8309557090827984,3.5996338160784744,11.9164188710162,359
7,1,y_dry_ct,n_planted,-0.5987086949132775,0.8342306380288717,-0.7176776632513908,-16.48992023099478,359
7,1,y_dry_ct,n_empty,-2.5688670489902217,0.7827517166243696,-3.2818414759516665,-4.848166323699262,359
7,1,y_dry_ct,n_animals,-11.68611806386788,1.71932503363504,-6.79692195207604,-87.17530804259573,359
7,1,y_dry_ct,n_structures,0.4251301729173265,1.3771993460218934,0.3086918202113118,4.218628285041897,359
7,1,y_dry_ct,n_money,4.769573415755916,0.8533218175581931,5.589419276075934,9.734939925288918,359
7,1,y_dry_ct,n_output_per_day,0.8602647434723729,0.9079455758818729,0.9474849223609154,9.325319087022757,359
7,1,y_dry_ct,n_revenue_per_day,-2.303422500453234,0.8306247332979687,-2.773120529781926,-14.735604951824454,359
7,1,y_dry_ct,n_shed,2.369526478374997,0.8448559318273592,2.804651525911514,13.343540554128692,359
7,1,y_dry_ct,n_labour,1.2496471715273405,0.9714733671286061,1.2863421827208044,43.3705789563851,359
7,1,y_dry_ct,n_quadrants,4.125142377749551,1.3081844689883377,3.153333857372317,286.75879869089744,359
7,1,y_dry_ct,n_melon_tiles,2.8269101399071648,0.9458631797832008,2.9887093612789903,118.525614191203,359
8,1,y_dry_ct,n_dry_plants,-1.0152392513696895,0.6776167656809903,-1.49824989992595,-2.4229835169100236,359
8,1,y_dry_ct,n_unfed,-1.064604551482014,0.9208148244470707,-1.1561548785026194,-0.8426242346210074,359
8,1,y_dry_ct,n_weeds,-1.2339376396261292,0.6446916886484463,-1.9139965061640523,-4.163551655831856,359
8,1,y_dry_ct,n_planted,2.807058679151391,0.73484560867832,3.8199298546535725,64.22395166300757,359
8,1,y_dry_ct,n_empty,-12.63023396758976,0.920052031509375,-13.727738796325959,-9.478374848071997,359
8,1,y_dry_ct,n_animals,-1.0917814498991618,1.6921758865228143,-0.6451938351057706,-11.76855192853228,359
8,1,y_dry_ct,n_structures,4.028508763777286,1.7766628683720438,2.2674581855074223,45.13040689381539,359
8,1,y_dry_ct,n_money,-3.106805953628144,0.838347615466324,-3.7058684205835175,-5.732777586638007,359
8,1,y_dry_ct,n_output_per_day,-0.6238449339418934,0.7599163625364249,-0.8209389410429898,-6.921282873222566,359
8,1,y_dry_ct,n_revenue_per_day,2.9704531834383276,0.7689051585029556,3.863224417978605,12.96835640031361,359
8,1,y_dry_ct,n_shed,0.30884018712128264,0.7367464445186079,0.4191946760232818,1.2650355625841263,359
8,1,y_dry_ct,n_labour,0.6459704944437806,0.89523466230482,0.7215655533049871,8.941801438710229,359
8,1,y_dry_ct,n_quadrants,-3.460814663406159,0.7514033255912375,-4.6058016321434785,-72.06069859874201,359
8,1,y_dry_ct,n_melon_tiles,-3.160731417174157,0.7712554031989458,-4.0981643746861955,-132.52194586075566,359
9,1,y_dry_ct,n_dry_plants,2.2944033326410946,0.7760707400750164,2.9564358172030984,6.795802566509167,359
9,1,y_dry_ct,n_unfed,-5.280115540781061,0.9175789591361088,-5.754399104522009,-3.842052020416018,359
9,1,y_dry_ct,n_weeds,1.58061343210609,0.7153172615822636,2.209667677541869,5.270429234444356,359
9,1,y_dry_ct,n_planted,3.040657016584706,2.358251644108059,1.2893691918678793,21.53316734277969,359
9,1,y_dry_ct,n_empty,-4.295077353981437,1.0176123830686599,-4.220740063155896,-3.9612324501485863,359
9,1,y_dry_ct,n_animals,-6.643839897338031,1.7265677454072825,-3.8480041776587264,-89.02796411227318,359
9,1,y_dry_ct,n_structures,7.87272974981546,1.793366760109377,4.389916176061669,109.56871827608865,359
9,1,y_dry_ct,n_money,0.9794283172831695,0.9641169570683172,1.0158812269638022,1.4774341647619194,359
9,1,y_dry_ct,n_output_per_day,1.149403431781069,0.7771168826049821,1.4790612036739454,13.396479568525663,359
9,1,y_dry_ct,n_revenue_per_day,0.21157608737861258,0.9213202735649151,0.2296444498718666,0.7371490813288285,359
9,1,y_dry_ct,n_shed,1.8443230587909725,0.7358691557329443,2.506319288452823,12.210302798767056,359
9,1,y_dry_ct,n_labour,3.323117227325775,0.8968927893331831,3.7051443236559276,142.4515507233369,359
9,1,y_dry_ct,n_quadrants,-13.446670622234487,2.7575356869900656,-4.876336029185515,-72.65468807768104,359
9,1,y_dry_ct,n_melon_tiles,2.0440989186404575,0.7909068486032231,2.5845002129522934,85.70420275452777,359
10,1,y_dry_ct,n_dry_plants,0.9287409627500225,0.7915529279207815,1.1733150494302396,1.5866071433173692,359
10,1,y_dry_ct,n_unfed,1.8971796751857217,0.9449827277075836,2.007634234530461,1.5057639353774142,359
10,1,y_dry_ct,n_weeds,-4.488508550318206,0.7785006406090207,-5.765581062087306,-13.598982779247454,359
10,1,y_dry_ct,n_planted,16.646636263968645,2.5904522212083814,6.426150664999875,74.09022144932311,359
10,1,y_dry_ct,n_empty,5.9257005955511515,1.1266696528837072,5.259483629814951,6.278573312617224,359
10,1,y_dry_ct,n_animals,9.183673569269443,2.1539405142377333,4.2636616510830105,130.48625156436293,359
10,1,y_dry_ct,n_structures,-10.622653299351807,2.069246719754931,-5.13358469917492,-129.3076112499234,359
10,1,y_dry_ct,n_money,2.889505308253764,1.108370930174394,2.6069840245621756,8.662052708919562,359
10,1,y_dry_ct,n_output_per_day,-5.403258450272494,1.6162384365285074,-3.343107259519249,-29.654577450970475,359
10,1,y_dry_ct,n_revenue_per_day,-0.727303763610068,0.9292334349249233,-0.782692202276202,-1.946412399686578,359
10,1,y_dry_ct,n_shed,-1.8499743577409629,0.7759543413749955,-2.384127852758447,-5.820186510095842,359
10,1,y_dry_ct,n_labour,1.4554298781876611,0.7824981068547909,1.8599787851726355,22.920249399335514,359
10,1,y_dry_ct,n_quadrants,11.872544160339526,2.4141598395985553,4.9178782471643565,70.40986024883321,359
10,1,y_dry_ct,n_melon_tiles,-1.695682271194545,0.7969402893828261,-2.1277406774197987,-71.09592194998731,359
11,1,y_dry_ct,n_dry_plants,4.336055764037323,1.062834082502724,4.079710874369904,9.772956190979235,359
11,1,y_dry_ct,n_unfed,-1.814093038727025,1.0033232716189617,-1.8080842835428363,-2.1394345436509696,359
11,1,y_dry_ct,n_weeds,-2.1916538434236643,1.1690706912680988,-1.8746974496866076,-7.602204589550044,359
11,1,y_dry_ct,n_planted,1.0466562506195882,1.0474307963910054,0.9992605279756085,18.510337729369756,359
11,1,y_dry_ct,n_empty,-6.242085523618628,1.4695942871138477,-4.247488969134147,-8.359470439576159,359
11,1,y_dry_ct,n_animals,9.639724038267712,2.496923665176884,3.8606402641407245,143.46226745066963,359
11,1,y_dry_ct,n_structures,-11.019170436123265,2.462742544877129,-4.474349322077851,-147.59047046562443,359
11,1,y_dry_ct,n_money,-2.3004782319619617,1.6902976179239864,-1.3609900455207382,-8.310722294987775,359
11,1,y_dry_ct,n_output_per_day,-11.522865779131111,1.178870958416753,-9.774492871218532,-101.50762908915347,359
11,1,y_dry_ct,n_revenue_per_day,3.736314745549414,0.9708597051181108,3.8484600049343576,11.64406079865496,359
11,1,y_dry_ct,n_shed,1.0889143725737964,1.0278526234565684,1.0594071053804224,48.78298681933995,359
11,1,y_dry_ct,n_labour,2.2578551256927453,1.13131573669089,1.9957780595335786,42.67535036519629,359
11,1,y_dry_ct,n_quadrants,5.330012813643147,1.1077342623681599,4.811634879152718,170.45800186093606,359
11,1,y_dry_ct,n_melon_tiles,1.100905509978464,1.2707917691378992,0.8663146368388226,46.15834790594445,359
12,1,y_dry_ct,n_dry_plants,2.856972855435099,0.6493341297170497,4.3998501305946105,6.177172599552275,359
12,1,y_dry_ct,n_unfed,9.445688156728323,0.8384303360643836,11.265918884885128,6.788152192858045,359
12,1,y_dry_ct,n_weeds,-1.2710900802981255,0.7457978257929649,-1.7043359960813065,-4.379794935646977,359
12,1,y_dry_ct,n_planted,-2.144674620803956,0.7532715811818924,-2.847146599422927,-41.87854460759633,359
12,1,y_dry_ct,n_empty,1.5452416869161523,0.700243026533672,2.206721992742112,3.470559477651217,359
12,1,y_dry_ct,n_animals,-2.871608825265805,1.738293739525589,-1.651969836840992,-44.79709751015134,359
12,1,y_dry_ct,n_structures,4.453890269718079,1.6495705940201375,2.700030108359041,62.44266101684532,359
12,1,y_dry_ct,n_money,0.05752421395303928,0.9363145722986235,0.06143684575133665,0.232640380840716,359
12,1,y_dry_ct,n_output_per_day,0.7206089116704486,0.6653825266601793,1.0829994518904376,8.122054056191383,359
12,1,y_dry_ct,n_revenue_per_day,-1.1577832998302158,0.6556362696895488,-1.7658926959279408,-4.251856253807959,359
12,1,y_dry_ct,n_shed,-2.6350170983554166,0.6305293884863752,-4.17905516613736,-97.53176502016632,359
12,1,y_dry_ct,n_labour,7.0452584405787375,0.7709730192496079,9.138138773566842,129.87043931493344,359
12,1,y_dry_ct,n_quadrants,-0.21466967284845007,0.7288466522254822,-0.29453338667739126,-6.865304976420183,359
12,1,y_dry_ct,n_melon_tiles,-2.059719245185325,0.7769562167575106,-2.6510107014539366,-86.35912587056936,359
13,1,y_dry_ct,n_dry_plants,-3.12730402218742,0.6490667210718741,-4.818154930240398,-7.560585658413627,359
13,1,y_dry_ct,n_unfed,1.0332209531498888,0.6779041628177526,1.5241401511022428,1.038350965826061,359
13,1,y_dry_ct,n_weeds,1.0097812057767113,0.8120679403165567,1.2434688720540832,4.200579998718832,359
13,1,y_dry_ct,n_planted,1.9099421668044338,0.7668585779087348,2.4906054673248232,41.45092820190034,359
13,1,y_dry_ct,n_empty,1.0391783102341285,0.6773119281272754,1.5342684324302258,2.8666010423206028,359
13,1,y_dry_ct,n_animals,2.5261395032152856,1.8982560768587189,1.3307685585790952,40.731661283346504,359
13,1,y_dry_ct,n_structures,-2.6388921714029476,1.807485823332567,-1.4599794572869558,-38.95600986099325,359
13,1,y_dry_ct,n_money,-8.979212504382266,1.209257898928259,-7.425390822206216,-37.209128275490315,359
13,1,y_dry_ct,n_output_per_day,0.3808209304339809,0.6824115289449563,0.5580517243352408,4.711453780380552,359
13,1,y_dry_ct,n_revenue_per_day,-0.045896709514173864,0.8545684075588112,-0.05370747281108126,-0.11575185477718003,359
13,1,y_dry_ct,n_shed,0.14715974005498267,0.7227551836052932,0.2036093872352615,6.59270539562393,359
13,1,y_dry_ct,n_labour,2.258959978571199,0.7596095496454358,2.973843574801841,91.22382145603919,359
13,1,y_dry_ct,n_quadrants,7.6919876840027825,0.9458496579981709,8.132357631002767,534.7076405670992,359
13,1,y_dry_ct,n_melon_tiles,-2.3142521005628365,0.7661072527660266,-3.0207938799786063,-97.03108271474798,359
14,1,y_dry_ct,n_dry_plants,-0.1205296210872697,0.6056166522473172,-0.19901966143105443,-0.24348583904027798,359
14,1,y_dry_ct,n_unfed,-1.1333755936784884,0.5857129944210032,-1.935035767473228,-1.616288291505015,359
14,1,y_dry_ct,n_weeds,-2.1653662417583712,0.6493323204235542,-3.3347581410177156,-9.421584165315004,359
14,1,y_dry_ct,n_planted,-0.9907306489747407,0.6163700463639659,-1.6073633928500726,-23.146903495952376,359
14,1,y_dry_ct,n_empty,1.4130295015697916,0.5995805193663626,2.356696817073181,4.271382922920906,359
14,1,y_dry_ct,n_animals,-1.652371961270889,1.6063110760348893,-1.0286749471650902,-27.24958406909819,359
14,1,y_dry_ct,n_structures,1.8098193259582238,1.5538708616576278,1.1647166895372225,27.07985203941902,359
14,1,y_dry_ct,n_money,7.442178697932214,0.9926129268652921,7.497563749683259,36.719596015010595,359
14,1,y_dry_ct,n_output_per_day,-0.32638168830711367,0.6071714538195836,-0.5375445209980104,-4.25450235621828,359
14,1,y_dry_ct,n_revenue_per_day,-0.3409278091086358,0.7382095051523344,-0.4618306953908472,-0.849181253165406,359
14,1,y_dry_ct,n_shed,0.4814362656387682,0.6460143874045884,0.7452407795017921,21.568177987674254,359
14,1,y_dry_ct,n_labour,2.0191404960641353,0.6302657447554391,3.2036335670560976,44.29472089872472,359
14,1,y_dry_ct,n_quadrants,-3.219146816549104,0.8790721378787042,-3.6619825357191416,-223.77862129133348,359
14,1,y_dry_ct,n_melon_tiles,0.8365062325548813,0.6425949399853189,1.3017628688050245,35.072715467210635,359
15,1,y_dry_ct,n_dry_plants,1.5942355410003881,0.5784521186330603,2.7560371716983676,2.4879544577752735,359
15,1,y_dry_ct,n_unfed,0.5765998737745284,0.48175302543483467,1.1968785733189409,0.6244103574066606,359
15,1,y_dry_ct,n_weeds,-0.2937514761148262,0.624028900426156,-0.47073376876330597,-1.1269441205507607,359
15,1,y_dry_ct,n_planted,-0.5550956736032123,0.58944998159846,-0.9417180268594016,-12.688884499739673,359
15,1,y_dry_ct,n_empty,-0.5152911030717846,0.5317232986789885,-0.9690963408072808,-1.5180715346640674,359
15,1,y_dry_ct,n_animals,-0.933661059287928,1.345075421582575,-0.6941328674264307,-15.958972718326367,359
15,1,y_dry_ct,n_structures,-0.3149109100062964,1.431105038440139,-0.2200473770601351,-4.564259148795428,359
15,1,y_dry_ct,n_money,-0.4746313174869219,0.7627007205111511,-0.6223034864433205,-2.9249534096596195,359
15,1,y_dry_ct,n_output_per_day,-1.866645132383017,0.5307767868886344,-3.5168175747193513,-24.906638111733944,359
15,1,y_dry_ct,n_revenue_per_day,-0.38245214854214893,0.6028641063336084,-0.6343919708009792,-1.2244210029630336,359
15,1,y_dry_ct,n_shed,-0.8521625355559127,0.5733315856352376,-1.4863345346859569,-38.176586503951306,359
15,1,y_dry_ct,n_labour,1.2692600612358131,0.5275950962980376,2.4057465092867547,47.95178213795696,359
15,1,y_dry_ct,n_quadrants,-3.954403810671104,0.8792960225984727,-4.4972383691503035,-274.8899268066908,359
15,1,y_dry_ct,n_melon_tiles,0.14675309678495474,0.5630284266753275,0.2606495335440327,6.153008079510103,359
16,1,y_dry_ct,n_dry_plants,-2.276848981529742,0.6286505844132071,-3.6218036505207274,-4.695683287367542,359
16,1,y_dry_ct,n_unfed,0.5319670575605092,0.6118326034685982,0.8694650375685838,0.5210343307088935,359
16,1,y_dry_ct,n_weeds,1.680431661036491,0.6541612052296217,2.5688341766562433,7.180150794387076,359
16,1,y_dry_ct,n_planted,1.6709843610316994,0.6827799318303757,2.447324947808843,42.82257366641988,359
16,1,y_dry_ct,n_empty,0.5696775582159944,0.6341360333897326,0.898352290707753,1.725257176369498,359
16,1,y_dry_ct,n_animals,5.365568003684144,1.681827976270353,3.190319152368311,94.86926266579064,359
16,1,y_dry_ct,n_structures,-1.7568169781463785,1.8243008705315125,-0.9630083537889929,-26.278771802717856,359
16,1,y_dry_ct,n_money,-2.860896047774771,0.8605277023399256,-3.3245833225304584,-18.95295855548422,359
16,1,y_dry_ct,n_output_per_day,2.57581399767115,0.6373521644550314,4.041429748455632,35.13757385262277,359
16,1,y_dry_ct,n_revenue_per_day,-1.0529687730187995,0.6517144128045155,-1.6156904808773072,-3.323256485739796,359
16,1,y_dry_ct,n_shed,0.32989569224085324,0.6856969294473764,0.4811100620017739,14.77921277529278,359
16,1,y_dry_ct,n_labour,1.869050298413796,0.6663898683794715,2.804739968449636,77.36825070548258,359
16,1,y_dry_ct,n_quadrants,6.7562160795235515,1.0885271114127888,6.206750395729441,469.6575849382533,359
16,1,y_dry_ct,n_melon_tiles,1.4628191101986434,0.6761685441853152,2.163394205155059,61.332523817901446,359
17,1,y_dry_ct,n_dry_plants,-1.2149819243864468,0.6710776644095813,-1.8104937607413834,-2.874385452086431,359
17,1,y_dry_ct,n_unfed,1.7377833008928076,0.6636742378153879,2.618428141211353,1.6392949801544583,359
17,1,y_dry_ct,n_weeds,0.5600045044800057,0.744732392093702,0.7519540044520396,2.587512693645274,359
17,1,y_dry_ct,n_planted,-2.166409868867849,0.7977211042981559,-2.7157484704806465,-57.93253653227193,359
17,1,y_dry_ct,n_empty,-1.4006048761989491,0.7171728681849253,-1.9529529606212022,-3.8275702219316146,359
17,1,y_dry_ct,n_animals,-5.932362205198956,1.6678115416020443,-3.5569739489274226,-105.02401575935959,359
17,1,y_dry_ct,n_structures,1.73530248365774,1.7553585760371606,0.9885743615844583,25.413171032858397,359
17,1,y_dry_ct,n_money,1.8435417630842768,0.97089629129287,1.8988040016399383,13.2137696085806,359
17,1,y_dry_ct,n_output_per_day,-2.662069200887885,0.7205901270847959,-3.6942904167414774,-34.038149169414105,359
17,1,y_dry_ct,n_revenue_per_day,-2.4852896664178115,0.7711554315884607,-3.2228128916870884,-7.486791574122527,359
17,1,y_dry_ct,n_shed,-1.3560874726196963,0.766733131091146,-1.76865641724629,-60.75224918403341,359
17,1,y_dry_ct,n_labour,0.3908813649463424,0.8187525902887735,0.4774108437427707,17.24088679274523,359
17,1,y_dry_ct,n_quadrants,-10.122332537936135,1.1285167003496548,-8.969590378945988,-703.6527840069082,359
17,1,y_dry_ct,n_melon_tiles,-2.1131259118844863,0.8213971618196599,-2.572599480625463,-88.59834029874034,359
18,1,y_dry_ct,n_dry_plants,-1.06309914287333,0.6293439982199269,-1.6892178933623923,-2.4147852778228627,359
18,1,y_dry_ct,n_unfed,0.533355413637763,0.6236119490621811,0.8552681109459971,0.5606027883198383,359
18,1,y_dry_ct,n_weeds,1.4268479573813557,0.6720343015928544,2.1231772753257436,7.244804140422748,359
18,1,y_dry_ct,n_planted,4.822969805326103,0.6680190856760565,7.21980839880511,121.03645689928699,359
18,1,y_dry_ct,n_empty,-1.3243916753125078,0.7050436061051516,-1.878453564920331,-2.7702591567986508,359
18,1,y_dry_ct,n_animals,6.7390243972848936,1.0263833056871459,6.5657969687778905,111.4628563138561,359
18,1,y_dry_ct,n_structures,-2.1282608481235474,1.1481678228765515,-1.853614781497298,-31.612367517127247,359
18,1,y_dry_ct,n_money,-5.834031391422878,0.9525562089010791,-6.1246059150182175,-38.83718829573426,359
18,1,y_dry_ct,n_output_per_day,3.606638447488333,0.7058253250757363,5.109817286736395,43.72863394609191,359
18,1,y_dry_ct,n_revenue_per_day,0.028287729559053374,0.6621330527969084,0.042722122750953925,0.10698484669523804,359
18,1,y_dry_ct,n_shed,0.8709711321513799,0.7014123297398698,1.2417391243669664,39.01920511834082,359
18,1,y_dry_ct,n_labour,1.2368568888492608,0.6997167465449308,1.7676536898060917,43.472571002911,359
18,1,y_dry_ct,n_quadrants,9.810790205004967,1.0493802241952226,9.349128160413862,681.9959545082282,359
18,1,y_dry_ct,n_melon_tiles,2.5609045127581203,0.6957632547485586,3.6807125056979384,107.37263133155257,359
19,1,y_dry_ct,n_dry_plants,1.5865632888147914,0.5973370889576936,2.6560602349055875,3.048128326085385,359
19,1,y_dry_ct,n_unfed,0.5460988355681422,0.5791467735455246,0.9429368521297916,0.6015512915516918,359
19,1,y_dry_ct,n_weeds,-0.4761889493144387,0.5815421914668043,-0.818838179416292,-1.8945034063106312,359
19,1,y_dry_ct,n_planted,-3.6842601429221995,0.6065087755781754,-6.074537238822392,-88.68778879604577,359
19,1,y_dry_ct,n_empty,3.4632581159587987,0.6298252474881538,5.498760378010947,7.574908686721722,359
19,1,y_dry_ct,n_animals,-6.5332440585428655,0.9885848068320111,-6.608683456788195,-104.55313929333222,359
19,1,y_dry_ct,n_structures,3.155257208773435,1.0590427365370458,2.979348330257929,45.417498940368496,359
19,1,y_dry_ct,n_money,3.6028266093696146,0.914973189172869,3.9376307983696783,25.335925215686526,359
19,1,y_dry_ct,n_output_per_day,-2.265028906551844,0.6158354488480595,-3.677977470749134,-24.815002757921167,359
19,1,y_dry_ct,n_revenue_per_day,-0.25281523375925985,0.6091626314913279,-0.41502091673011454,-0.809576411341634,359
19,1,y_dry_ct,n_shed,-1.1084263933140828,0.6663862842448799,-1.6633391465583713,-49.65711859183391,359
19,1,y_dry_ct,n_labour,-1.0093313182234451,0.7293283126690824,-1.3839190124535976,-44.75413130994529,359
19,1,y_dry_ct,n_quadrants,-6.812879478446419,0.988780057931589,-6.890186977170796,-473.59653460760484,359
19,1,y_dry_ct,n_melon_tiles,-0.8295038271328754,0.6852966306131892,-1.2104303305718176,-34.779121273414894,359
20,1,y_dry_ct,n_dry_plants,-2.829959408248026,0.6022499678023693,-4.698978098039,-6.287806542657419,359
20,1,y_dry_ct,n_unfed,0.35667500864981194,0.5206110867566601,0.6851083615446056,0.3928915108042858,359
20,1,y_dry_ct,n_weeds,0.640497446274869,0.5336723135517119,1.2001698982887297,2.629335204226492,359
20,1,y_dry_ct,n_planted,2.503362130193344,0.5564287463161688,4.4989805914357035,55.54248199043663,359
20,1,y_dry_ct,n_empty,-1.2020927629319431,0.5744327521294554,-2.0926605568288292,-2.4216472256072334,359
20,1,y_dry_ct,n_animals,3.3769494630291685,0.939286581972415,3.595228046309239,51.44065840120808,359
20,1,y_dry_ct,n_structures,-0.19487423476909352,0.9931482052938644,-0.19621868491564343,-2.682072586554909,359
20,1,y_dry_ct,n_money,-4.259899403126377,0.833452404941985,-5.111148972475399,-30.414720353556792,359
20,1,y_dry_ct,n_output_per_day,1.7350930395340793,0.612666006721774,2.8320373914951444,19.150568631860047,359
20,1,y_dry_ct,n_revenue_per_day,-0.5887702724919868,0.5395572881210186,-1.0912099335037249,-1.9148981974558457,359
20,1,y_dry_ct,n_shed,0.38195756651653456,0.5887743204087157,0.6487333996689717,17.111566714728525,359
20,1,y_dry_ct,n_labour,0.6948879234137643,0.6265135703333075,1.109134672125428,26.34673523882781,359
20,1,y_dry_ct,n_quadrants,3.5678174605596684,0.9144019911357587,3.90180412460406,248.01642107117937,359
20,1,y_dry_ct,n_melon_tiles,1.1375903344773846,0.5782225822239592,1.96739174402699,47.696455288223625,359
21,1,y_dry_ct,n_dry_plants,-0.8624506302498038,0.5187274548086556,-1.6626276906201898,-1.9070625777875077,359
21,1,y_dry_ct,n_unfed,1.4331117931418365,0.47830941180348346,2.996202369797063,1.3972350344961093,359
21,1,y_dry_ct,n_weeds,0.5788008965890244,0.47272984795399,1.224379842089764,1.6896889492041791,359
21,1,y_dry_ct,n_planted,-0.6558489238756673,0.46982857611198325,-1.3959323830471866,-15.012224416784594,359
21,1,y_dry_ct,n_empty,1.7586692905382053,0.5111005770548088,3.44094561714731,3.4853328324117805,359
21,1,y_dry_ct,n_animals,-1.2184115616099527,0.49061775490582454,-2.483423295277665,-17.933491539415126,359
21,1,y_dry_ct,n_structures,-0.5470957929680585,0.7241524887765479,-0.7554980497165372,-6.438582614414554,359
21,1,y_dry_ct,n_money,2.5535852494607343,0.7237467162002652,3.528285783274133,19.13179204811618,359
21,1,y_dry_ct,n_output_per_day,-0.18929932095125807,0.5136022193090896,-0.36857185158955935,-2.107768869392491,359
21,1,y_dry_ct,n_revenue_per_day,-0.13407915054388764,0.4780372121753746,-0.2804784797688487,-0.37136445868909784,359
21,1,y_dry_ct,n_shed,-0.6828066961462808,0.5261206350253522,-1.2978139435899112,-30.589503543359356,359
21,1,y_dry_ct,n_labour,-0.7209573199901138,0.5521219193154543,-1.3057936929654763,-30.508973797637328,359
21,1,y_dry_ct,n_quadrants,-0.7197374307265697,0.8546498592437073,-0.8421430401491862,-50.03246484806655,359
21,1,y_dry_ct,n_melon_tiles,-0.29691321435640367,0.5106414289509632,-0.581451479497791,-12.44886443197404,359
22,1,y_dry_ct,n_dry_plants,0.6785087343724471,0.43530243871477786,1.5587064854856572,1.3801742694697043,359
22,1,y_dry_ct,n_unfed,0.341177822835816,0.4292492847825009,0.7948244410207685,0.35178119271350056,359
22,1,y_dry_ct,n_weeds,0.1975568621398172,0.4412128593656193,0.44775862250222404,0.5507308641109026,359
22,1,y_dry_ct,n_planted,0.6666170293969469,0.45479943661574646,1.4657384678340357,14.325867254998885,359
22,1,y_dry_ct,n_empty,-0.287797873454985,0.45408815870964614,-0.633792949529453,-0.5827959755982252,359
22,1,y_dry_ct,n_animals,0.29626397460715154,0.4580753535955021,0.6467581638735443,4.0129009745562305,359
22,1,y_dry_ct,n_structures,-2.106212924926012,0.691087872122104,-3.047677451578659,-24.787297023641326,359
22,1,y_dry_ct,n_money,-2.3981417155215348,0.6528737836994291,-3.6732087815393037,-18.41859245159086,359
22,1,y_dry_ct,n_output_per_day,2.965508006386171,0.5923991818533592,5.005928598868735,26.904400779205243,359
22,1,y_dry_ct,n_revenue_per_day,0.8312022644811449,0.4498070294932504,1.8479085696316746,2.508132493095469,359
22,1,y_dry_ct,n_shed,-0.18360598622513719,0.4927058985594069,-0.3726482405872787,-8.225484603350452,359
22,1,y_dry_ct,n_labour,1.533846606793491,0.4576305673763881,3.3517136225997466,46.582339184814764,359
22,1,y_dry_ct,n_quadrants,1.9435599711665932,0.7488875721164717,2.595262684989942,135.10634821276093,359
22,1,y_dry_ct,n_melon_tiles,-0.25320379808363097,0.4526240976503002,-0.5594129861801074,-10.616232634969172,359
23,1,y_dry_ct,n_dry_plants,-0.641964060190571,0.568398722098895,-1.1294255867079104,-2.634992465972366,359
23,1,y_dry_ct,n_unfed,0.42530037270026344,0.43782813022709444,0.9713865860552792,0.42212147615451523,359
23,1,y_dry_ct,n_weeds,-0.3096121826332114,0.4455840942466602,-0.6948456792576188,-0.8391157991917316,359
23,1,y_dry_ct,n_planted,0.0454174761113019,0.44320120075711017,0.10247597712667811,1.0846616429097546,359
23,1,y_dry_ct,n_empty,1.7817223857305682,0.4679035983227058,3.8078834873625875,3.2486701835299394,359
23,1,y_dry_ct,n_animals,-0.2932741600555094,0.5087447408540795,-0.5764662246201531,-3.9242465944046176,359
23,1,y_dry_ct,n_structures,3.5329466856647938,0.6912205428814182,5.11117142285351,41.578036973322014,359
23,1,y_dry_ct,n_money,1.3782165031532667,0.6439310889440116,2.140316761865647,10.717179619055473,359
23,1,y_dry_ct,n_output_per_day,-0.22180619521850006,0.5702915279445385,-0.3889347541562479,-2.0827413081043806,359
23,1,y_dry_ct,n_revenue_per_day,-1.44104294687657,0.49286184420633267,-2.9238273642324986,-3.5377838274893683,359
23,1,y_dry_ct,n_shed,-0.3853129310919631,0.49043187907419716,-0.7856604505794561,-17.261885885803764,359
23,1,y_dry_ct,n_labour,0.45602360814448395,0.46079138448735596,0.9896530696897116,13.880987425976109,359
23,1,y_dry_ct,n_quadrants,-2.8555599138510854,0.8204372315781339,-3.480534285795802,-198.50391950169308,359
23,1,y_dry_ct,n_melon_tiles,0.2843611967438749,0.4576233111251088,0.6213870443897337,11.922588206967246,359
24,1,y_dry_ct,n_dry_plants,0.3013440360897723,0.5347692210415292,0.5635029546069751,0.40838245280724533,359
24,1,y_dry_ct,n_unfed,-0.24232472733764526,0.3967971782780228,-0.610701740343164,-0.2624068203981086,359
24,1,y_dry_ct,n_weeds,0.022198398103375358,0.4115296032735681,0.05394119384558289,0.052438097313659,359
24,1,y_dry_ct,n_planted,0.8969467705295366,0.4226089500687073,2.1224036319716184,20.16694284081025,359
24,1,y_dry_ct,n_empty,-0.5636058704891418,0.4152312034788391,-1.3573302434094747,-1.0241143817771974,359
24,1,y_dry_ct,n_animals,0.882499696419745,0.4427020907565246,1.9934391882172031,11.552165689489472,359
24,1,y_dry_ct,n_structures,-2.5778009804360154,0.6173195192605557,-4.175796973864984,-30.337254991513227,359
24,1,y_dry_ct,n_money,-2.2365823499297526,0.56968746854559,-3.925981302765425,-17.519270072641795,359
24,1,y_dry_ct,n_output_per_day,1.4322778836877195,0.47947179914792143,2.9871994270216686,14.578949662794905,359
24,1,y_dry_ct,n_revenue_per_day,-1.6442145151860466,0.4688341250149534,-3.507028237617312,-3.6697660843211177,359
24,1,y_dry_ct,n_shed,0.002314960302012206,0.4421138910788626,0.005236117545103943,0.1037094198999594,359
24,1,y_dry_ct,n_labour,1.35363984789831,0.5091996684035706,2.658367496864651,61.085141953869574,359
24,1,y_dry_ct,n_quadrants,2.606128635558015,0.7630992035730677,3.4151898250650907,181.16473283384363,359
24,1,y_dry_ct,n_melon_tiles,0.10165578445409722,0.44440020810783915,0.2287482827402934,4.262185103947485,359
25,1,y_dry_ct,n_dry_plants,-2.8200855720161333,0.7545010349407899,-3.7376828412666683,-13.064027638451286,359
25,1,y_dry_ct,n_unfed,-0.7378049945838807,0.5604204301396937,-1.3165205172837313,-2.045834979388283,359
25,1,y_dry_ct,n_weeds,0.266583931520269,0.4734044481504488,0.5631208843976644,0.6223041481554791,359
25,1,y_dry_ct,n_planted,1.107641677877372,0.46723479281642805,2.370631842720141,24.498044722003943,359
25,1,y_dry_ct,n_empty,0.6662937880225508,0.46046604918079215,1.4469987292395248,1.2151727638166832,359
25,1,y_dry_ct,n_animals,-9.612647753337887,3.248451536254253,-2.95914765729339,-79.5409330356608,359
25,1,y_dry_ct,n_structures,8.446147066439577,2.874547204396567,2.9382530415647206,99.39980595672635,359
25,1,y_dry_ct,n_money,1.657383974498567,0.6048546939699326,2.740135756606951,12.847042369578693,359
25,1,y_dry_ct,n_output_per_day,0.02233934888172434,0.47776443005406727,0.04675808301425089,0.24149597245883409,359
25,1,y_dry_ct,n_revenue_per_day,1.8087939595450164,0.5100299027462288,3.5464468843996433,4.108685507308974,359
25,1,y_dry_ct,n_shed,-0.17908560586077207,0.5041425166754423,-0.35522813477773807,-8.022973128355405,359
25,1,y_dry_ct,n_labour,-0.8109456108871514,0.5114073730006871,-1.5857135694562268,-30.958049934862508,359
25,1,y_dry_ct,n_quadrants,-0.9302764838860826,1.0164861799626594,-0.9151885212254005,-64.66806295182887,359
25,1,y_dry_ct,n_melon_tiles,0.09264514383246696,0.5026195880515208,0.18432457873681277,3.8843903877808077,359
26,1,y_dry_ct,n_dry_plants,0.5231348898440805,0.6308031947941606,0.8293155363849835,2.4234188945817348,359
26,1,y_dry_ct,n_unfed,-0.32646009003591775,0.5075348481997055,-0.6432269452903888,-0.9052303474123439,359
26,1,y_dry_ct,n_weeds,0.2607152470368134,0.4238183949802143,0.6151579311440334,0.5741318155540506,359
26,1,y_dry_ct,n_planted,1.3359506881952237,0.5924280238211939,2.2550430338832843,17.249266821458686,359
26,1,y_dry_ct,n_empty,1.2622652903010791,0.515511898703381,2.448566742059567,1.5569842979432384,359
26,1,y_dry_ct,n_animals,7.4255954891704326,2.960338015287803,2.508360684091853,61.44392353801973,359
26,1,y_dry_ct,n_structures,-10.399222787166037,2.6214201920465006,-3.967018648409636,-122.38488378356085,359
26,1,y_dry_ct,n_money,-0.18883626263389117,0.535872495124611,-0.3523902875253552,-1.459605979038005,359
26,1,y_dry_ct,n_output_per_day,1.453825053466261,0.4466331619814298,3.2550763741244726,16.5539502823015,359
26,1,y_dry_ct,n_revenue_per_day,-0.8492062060812836,0.4055679490659545,-2.0938691236254066,-2.0601319334792323,359
26,1,y_dry_ct,n_shed,0.21493920140624204,0.44987020684444146,0.47778047564853493,9.629201793320586,359
26,1,y_dry_ct,n_labour,0.8076327185888635,0.5078901200122579,1.5901721391417722,33.07208994852005,359
26,1,y_dry_ct,n_quadrants,2.4183497289163025,0.8955445872764656,2.700423589484248,168.111303701673,359
26,1,y_dry_ct,n_melon_tiles,-1.725183638443743,0.47078594325947537,-3.6644756776285092,-72.33284406623338,359
27,1,y_dry_ct,n_dry_plants,0.9679491163185919,0.7250186450921955,1.3350678949718662,4.484017837501366,359
27,1,y_dry_ct,n_unfed,-0.07726461145567387,0.4710153394076239,-0.16403841869109043,-0.21424447644734843,359
27,1,y_dry_ct,n_weeds,-0.01937824666195923,0.4261317950523881,-0.04547477303254711,-0.02464327838802011,359
27,1,y_dry_ct,n_planted,-3.0001137177895547,0.5085827832635664,-5.898968302737029,-48.43078273868915,359
27,1,y_dry_ct,n_empty,0.6581164071936926,0.45135854224830413,1.4580789895223596,1.7482655363831954,359
27,1,y_dry_ct,n_animals,-6.047937911663672,2.586776174387487,-2.3380213454671006,-50.044341244942835,359
27,1,y_dry_ct,n_structures,7.731898710553879,2.3426302738103555,3.3005202728716228,90.9940621990727,359
27,1,y_dry_ct,n_money,0.5552659972560605,0.546029149720559,1.0169164000497566,4.279701124545962,359
27,1,y_dry_ct,n_output_per_day,-0.2248493859820877,0.6651485434700471,-0.3380438673278296,-2.4721138848297133,359
27,1,y_dry_ct,n_revenue_per_day,0.12162693940943943,0.3707188381676494,0.3280840542406867,0.30051959283743807,359
27,1,y_dry_ct,n_shed,0.7222705454455022,0.4233164755358552,1.7062188390641209,32.35747032632499,359
27,1,y_dry_ct,n_labour,-1.8924341197770769,0.5015863885036924,-3.772897676554765,-75.46173897574536,359
27,1,y_dry_ct,n_quadrants,2.436622916098778,1.0539838536595503,2.3118218629617044,169.3815622103161,359
27,1,y_dry_ct,n_melon_tiles,1.3879945938153175,0.46392819679525205,2.991830639748523,58.19530992641755,359
0,1,y_unfed_ct,n_dry_plants,-0.14600394314921405,0.1313679730276261,-1.111412011499257,-0.6763622946592242,359
0,1,y_unfed_ct,n_unfed,0.12655077707666257,0.08735368018821352,1.4487171783031283,0.35090844913326313,359
0,1,y_unfed_ct,n_weeds,-0.02993997983479449,0.07894244506589555,-0.3792633963871111,-0.12082620562681175,359
0,1,y_unfed_ct,n_planted,0.06011579772414363,0.09122724414985314,0.6589675955287575,0.9704482605033076,359
0,1,y_unfed_ct,n_empty,-1.1249103584977795,0.10164074049861886,-11.067514394122949,-0.5355390090570302,359
0,1,y_unfed_ct,n_animals,0.09991518169601192,0.5202817560491854,0.19204052522373347,0.826759388303679,359
0,1,y_unfed_ct,n_structures,-0.45673367501385254,0.4747160190657377,-0.9621197867152762,-5.375141862100826,359
0,1,y_unfed_ct,n_money,0.30401001297217833,0.08647347277125564,3.515644777865719,0.5969581072718139,359
0,1,y_unfed_ct,n_output_per_day,-0.5171728987932366,0.1140221447838833,-4.535723299833398,-5.686074250904305,359
0,1,y_unfed_ct,n_revenue_per_day,-0.11207903420320339,0.0688431795611422,-1.6280339594667008,-0.7741526971197008,359
0,1,y_unfed_ct,n_shed,-0.07988852262483163,0.07715437417639835,-1.0354373744537437,-3.5789781495969626,359
0,1,y_unfed_ct,n_labour,-0.14014576143075144,0.0745785580950319,-1.879169630125731,-4.3879355528960575,359
0,1,y_unfed_ct,n_quadrants,0.21152022722046665,0.18292009550768434,1.1563531422471887,14.703804305939336,359
0,1,y_unfed_ct,n_melon_tiles,0.15953202408557055,0.08158667306746333,1.9553686660768097,0.9077389867446585,359
1,1,y_unfed_ct,n_dry_plants,-0.1783645265450213,0.11004429119084978,-1.6208430679578258,-0.826272481808969,359
1,1,y_unfed_ct,n_unfed,1.0342594451359342,0.09285765611533277,11.138117075142887,0.5807508138638876,359
1,1,y_unfed_ct,n_weeds,-0.22135232421016146,0.06466414761857084,-3.4231074306559246,-0.8932925669478244,359
1,1,y_unfed_ct,n_planted,-0.2439138593128956,0.07769541143593316,-3.139359903049416,-2.957262987795434,359
1,1,y_unfed_ct,n_empty,0.0678562948722885,0.06977281565908239,0.9725319844313262,0.14983339470650758,359
1,1,y_unfed_ct,n_animals,0.14238961824920432,0.10014971123253914,1.4217676366393877,1.5681894720448004,359
1,1,y_unfed_ct,n_structures,0.47981988581230817,0.10977487660050758,4.370944433474222,6.1049336623352985,359
1,1,y_unfed_ct,n_money,-0.0475941787922791,0.07912736356686934,-0.6014882418274682,-0.08119421577787912,359
1,1,y_unfed_ct,n_output_per_day,0.4388645214708129,0.08543750684373516,5.136672846429078,5.385193794251416,359
1,1,y_unfed_ct,n_revenue_per_day,0.012079002846938575,0.06527659983170515,0.18504338274481855,0.06957469061039534,359
1,1,y_unfed_ct,n_shed,0.09577910223202195,0.06305510006949455,1.5189747082545502,2.726834146956779,359
1,1,y_unfed_ct,n_labour,-0.0745612400366515,0.059870269495662265,-1.2453800636734003,-0.8573434552586295,359
1,1,y_unfed_ct,n_quadrants,0.4577333610074194,0.11282580480696122,4.056991765231156,31.819282027991996,359
1,1,y_unfed_ct,n_melon_tiles,0.1095671285695239,0.06438855454488426,1.7016553538742099,0.6562731695236629,359
2,1,y_unfed_ct,n_dry_plants,-0.43760187756325925,0.09126116111319926,-4.795050514648429,-1.5873607969289136,359
2,1,y_unfed_ct,n_unfed,0.2950640439587814,0.08522700954951964,3.462095473235391,0.43111417408128794,359
2,1,y_unfed_ct,n_weeds,0.013656732164348871,0.08274390558711538,0.16504819379078783,0.055770461388074,359
2,1,y_unfed_ct,n_planted,-0.20581838296125055,0.12194499833906475,-1.6877968409083752,-2.366143193192432,359
2,1,y_unfed_ct,n_empty,0.22195266853322912,0.0872803241803138,2.542986298661009,0.41060317785943495,359
2,1,y_unfed_ct,n_animals,-0.6044366560082597,0.18208088629224628,-3.3196051947930294,-5.77025692096392,359
2,1,y_unfed_ct,n_structures,-0.3561900045316238,0.18052536764077154,-1.9730745278990836,-4.600308664111501,359
2,1,y_unfed_ct,n_money,-0.21168721412312083,0.07637438644326723,-2.7717042843986355,-0.5187694003163611,359
2,1,y_unfed_ct,n_output_per_day,-0.49027790625928636,0.11404077664159411,-4.299145627533961,-5.9269376129501286,359
2,1,y_unfed_ct,n_revenue_per_day,-0.2074186297139573,0.0805753555779519,-2.574219229020864,-1.4237260688176678,359
2,1,y_unfed_ct,n_shed,-0.33564809146975927,0.09638140137791122,-3.482498559589147,-5.764001207285836,359
2,1,y_unfed_ct,n_labour,-0.08440497135977752,0.0906756456124975,-0.9308450002162906,-1.88910131146889,359
2,1,y_unfed_ct,n_quadrants,-0.48611519155004823,0.13449879246751628,-3.614271791082832,-33.79224171902038,359
2,1,y_unfed_ct,n_melon_tiles,-0.1182150780279642,0.08250756416030937,-1.4327786698232463,-0.7811118586918585,359
3,1,y_unfed_ct,n_dry_plants,0.09170367085053929,0.09714442270283992,0.9439931629534346,0.30855908439180907,359
3,1,y_unfed_ct,n_unfed,0.9514396647030926,0.15281470120981103,6.22610035010171,0.5324983743416258,359
3,1,y_unfed_ct,n_weeds,0.11183285788720133,0.08328254979775769,1.3428126079085578,0.456695643412986,359
3,1,y_unfed_ct,n_planted,-0.3853267477255417,0.1200034269215877,-3.210964533348875,-3.6157879755958704,359
3,1,y_unfed_ct,n_empty,0.23038963528789957,0.1027444593294069,2.2423558096622234,0.40064144989900596,359
3,1,y_unfed_ct,n_animals,-0.06979222798482212,0.25913385065058203,-0.2693288731271565,-0.4007787996948042,359
3,1,y_unfed_ct,n_structures,0.08233603628501114,0.24697759238563693,0.33337451988943845,0.5295916344598768,359
3,1,y_unfed_ct,n_money,-0.06549941411848269,0.09058935861688126,-0.7230365146472835,-0.15285142055075424,359
3,1,y_unfed_ct,n_output_per_day,0.13697684268847563,0.11045931952382312,1.240065965270892,1.6418064490893889,359
3,1,y_unfed_ct,n_revenue_per_day,-0.06863833219288107,0.08281877112128003,-0.8287774771780532,-0.45555451205940395,359
3,1,y_unfed_ct,n_shed,-0.01344897146757322,0.08789692328400758,-0.15300844403981767,-0.43747745737780624,359
3,1,y_unfed_ct,n_labour,-0.13764955115828015,0.07973022721300047,-1.7264412252400505,-2.6949591140819447,359
3,1,y_unfed_ct,n_quadrants,0.39661401649043704,0.1417583063771586,2.79781853089593,27.57057781235073,359
3,1,y_unfed_ct,n_melon_tiles,-0.04933661740060008,0.08869072652487783,-0.5562770690209772,-0.34210926986718093,359
4,1,y_unfed_ct,n_dry_plants,-0.09405247676234053,0.11292944242000692,-0.8328428330721831,-0.33735591077399296,359
4,1,y_unfed_ct,n_unfed,-0.060347045045515774,0.1428491607607481,-0.42245291973810356,-0.038140754834549935,359
4,1,y_unfed_ct,n_weeds,-0.2465458560023895,0.08584256846003974,-2.8720698882298494,-1.009552952425347,359
4,1,y_unfed_ct,n_planted,-0.5588200132693008,0.15501975889618527,-3.604830876066162,-4.774471894683496,359
4,1,y_unfed_ct,n_empty,0.1451708250752229,0.09094082488063734,1.596321841876452,0.24736188940989506,359
4,1,y_unfed_ct,n_animals,-0.5503689936040466,0.3858043846045724,-1.426549348753886,-2.5766053691279422,359
4,1,y_unfed_ct,n_structures,0.7830825268350828,0.40910444148999026,1.9141384141004074,3.5213321018260197,359
4,1,y_unfed_ct,n_money,-0.11464527633333033,0.10441829056410788,-1.0979424745796194,-0.20873272071015286,359
4,1,y_unfed_ct,n_output_per_day,-0.010409850079155257,0.09297208958601764,-0.1119674745991815,-0.11973178434244736,359
4,1,y_unfed_ct,n_revenue_per_day,0.1641123512935465,0.1087981786151492,1.5084108335495177,0.7707648077573417,359
4,1,y_unfed_ct,n_shed,-0.1377833725164924,0.16736544865741335,-0.8232486072948448,-0.4846673435322651,359
4,1,y_unfed_ct,n_labour,0.0009752842421538795,0.10836761334302275,0.008999775966891064,0.007445192027851742,359
4,1,y_unfed_ct,n_quadrants,0.2185708713386068,0.16485575096516575,1.3258310374916258,15.193929022172261,359
4,1,y_unfed_ct,n_melon_tiles,-0.2195800726635745,0.0865465248342632,-2.5371333289704103,-9.20646985172788,359
5,1,y_unfed_ct,n_dry_plants,1.3239311546918449,0.22242673672358612,5.952212284340254,6.214542739767702,359
5,1,y_unfed_ct,n_unfed,0.495219944504548,0.15600869002137202,3.174309997966822,0.3995312284309034,359
5,1,y_unfed_ct,n_weeds,-0.05755389672835412,0.15127254438960713,-0.38046492151359784,-0.23434762985838886,359
5,1,y_unfed_ct,n_planted,-0.2917497043935996,0.16889425766066885,-1.7274104426910937,-5.134611744327014,359
5,1,y_unfed_ct,n_empty,-0.11068086846580678,0.14435948094911974,-0.7667031478508629,-0.22580948094348813,359
5,1,y_unfed_ct,n_animals,4.638902770920646,1.2328788578115166,3.76265903298493,14.862700257765024,359
5,1,y_unfed_ct,n_structures,-2.4503706119525144,1.2934971735472809,-1.8943764718345917,-7.475915000424628,359
5,1,y_unfed_ct,n_money,0.2693690237120953,0.18253961425691953,1.475674334081619,0.5420239426739253,359
5,1,y_unfed_ct,n_output_per_day,0.9528251545576784,0.1732771751020133,5.498849770587053,10.578028166022563,359
5,1,y_unfed_ct,n_revenue_per_day,0.2165936457822815,0.1504260519639915,1.4398679148617752,1.1547867125461337,359
5,1,y_unfed_ct,n_shed,0.07446722988289456,0.14109279213671258,0.5277890440408831,0.8714529062857035,359
5,1,y_unfed_ct,n_labour,-0.20720880005597464,0.1436998590762642,-1.4419554854678394,-4.7216678305304765,359
5,1,y_unfed_ct,n_quadrants,1.130656768582811,0.24666540131767972,4.583767170194418,78.59747543245247,359
5,1,y_unfed_ct,n_melon_tiles,0.5108420412051131,0.14504122379447548,3.52204723485359,21.418390996507675,359
6,1,y_unfed_ct,n_dry_plants,0.4366059765553054,0.1855609490798788,2.3528979492735766,1.464223507425928,359
6,1,y_unfed_ct,n_unfed,0.5802219549272802,0.1667615798993176,3.479350311250286,1.0710701325067558,359
6,1,y_unfed_ct,n_weeds,0.37623263575891236,0.16406304392431995,2.29321989132704,1.5221495032663164,359
6,1,y_unfed_ct,n_planted,0.6975588033337192,0.25165894322211696,2.771841900003713,13.02304189901035,359
6,1,y_unfed_ct,n_empty,-0.4515226413252315,0.2552766018187282,-1.7687584295166134,-0.3979834944366967,359
6,1,y_unfed_ct,n_animals,1.1915455041624394,0.30479864137736107,3.9092874521288516,13.755886556168942,359
6,1,y_unfed_ct,n_structures,-1.3408723471589346,0.3310915426691836,-4.049853814897025,-15.823834556509645,359
6,1,y_unfed_ct,n_money,0.36266159500867906,0.18809385547149524,1.928088475296519,0.7457930326030892,359
6,1,y_unfed_ct,n_output_per_day,-0.3916646846390528,0.22901814058721254,-1.7101906584116324,-4.104599568260271,359
6,1,y_unfed_ct,n_revenue_per_day,0.0152641974540789,0.2265735058041899,0.0673697368096982,0.0644136473194001,359
6,1,y_unfed_ct,n_shed,0.06733926434780657,0.20396415289470363,0.3301524478302343,0.30375265913113303,359
6,1,y_unfed_ct,n_labour,0.8413595586458358,0.21607396509320337,3.8938497670597005,9.484459133092614,359
6,1,y_unfed_ct,n_quadrants,-1.7724262468654532,0.34991543952429194,-5.065298774112559,-123.21000701959558,359
6,1,y_unfed_ct,n_melon_tiles,-0.1796278665716436,0.20268355538565092,-0.886247856812366,-7.531368935539881,359
7,1,y_unfed_ct,n_dry_plants,-0.5042647601025676,0.1773565622990715,-2.843225835941947,-1.1730984206534005,359
7,1,y_unfed_ct,n_unfed,1.6988582646586619,0.19905032945030066,8.53481764813073,1.0980537153116794,359
7,1,y_unfed_ct,n_weeds,-0.20680161537598127,0.16191502687598353,-1.2772231173724102,-0.823879104631629,359
7,1,y_unfed_ct,n_planted,0.11865993348644117,0.1625531598143873,0.7299761728528318,3.2681884436136124,359
7,1,y_unfed_ct,n_empty,0.06354981644785875,0.15252228710763746,0.41665921520709037,0.11993617190149533,359
7,1,y_unfed_ct,n_animals,0.8698473130127726,0.335017325215621,2.5964248638572016,6.488827773901048,359
7,1,y_unfed_ct,n_structures,0.450727691606372,0.26835277342381514,1.6796088441930441,4.472636170738345,359
7,1,y_unfed_ct,n_money,-0.9092733344841498,0.16627315212299817,-5.468551734747459,-1.855872740658391,359
7,1,y_unfed_ct,n_output_per_day,0.05577686781610854,0.17691680881898286,0.31527172679888277,0.6046244414950923,359
7,1,y_unfed_ct,n_revenue_per_day,0.013615635191760333,0.16185053492712242,0.084124746315427,0.08710283124978631,359
7,1,y_unfed_ct,n_shed,0.09132714478420889,0.16462354059659082,0.5547635803071786,0.5142915562423254,359
7,1,y_unfed_ct,n_labour,0.2611745949234363,0.18929545176547682,1.379719335502115,9.064393253244734,359
7,1,y_unfed_ct,n_quadrants,0.49930488595967626,0.25490494997475877,1.9587885053198006,34.709121811306645,359
7,1,y_unfed_ct,n_melon_tiles,0.27371186759930616,0.18430520484015356,1.4851011279724535,11.47608718107127,359
8,1,y_unfed_ct,n_dry_plants,0.5844004597737005,0.17131512889580386,3.4112600769144015,1.3947379195553735,359
8,1,y_unfed_ct,n_unfed,-0.15590000221768224,0.23280048299982964,-0.6696721596483816,-0.12339334813402517,359
8,1,y_unfed_ct,n_weeds,0.10062115420863435,0.16299100809270375,0.6173417502357214,0.3395158391829324,359
8,1,y_unfed_ct,n_planted,0.10312505516103555,0.18578372989742206,0.5550811969270648,2.359444284901654,359
8,1,y_unfed_ct,n_empty,0.6062843169725524,0.2326076336238098,2.6064678425518917,0.45498682253388045,359
8,1,y_unfed_ct,n_animals,-0.12178880077257892,0.427816052961276,-0.284675621519052,-1.3127882199666852,359
8,1,y_unfed_ct,n_structures,0.7003083567458381,0.44917605896846535,1.5590954654931946,7.845384717853919,359
8,1,y_unfed_ct,n_money,-0.07963144809784883,0.21195111614271595,-0.3757066702315901,-0.1469384917052066,359
8,1,y_unfed_ct,n_output_per_day,0.5960328722211053,0.192122120041001,3.102364642311387,6.612720382796012,359
8,1,y_unfed_ct,n_revenue_per_day,-0.01489822482369129,0.19439466820925166,-0.07663906094201328,-0.06504242865123727,359
8,1,y_unfed_ct,n_shed,0.156463573708354,0.18626429937781477,0.840008387173467,0.6408880490424711,359
8,1,y_unfed_ct,n_labour,-0.4631006450053982,0.22633330421010303,-2.04610031485029,-6.410438324032918,359
8,1,y_unfed_ct,n_quadrants,-0.3905707939947405,0.18996985330938632,-2.055961970758876,-8.13242169975841,359
8,1,y_unfed_ct,n_melon_tiles,-0.5114270960875781,0.19498885727513995,-2.6228529323905234,-21.44292095531351,359
9,1,y_unfed_ct,n_dry_plants,0.2452262766275699,0.15317202085816484,1.6009861021200864,0.7263367065296242,359
9,1,y_unfed_ct,n_unfed,-0.3822960769602605,0.18110130457208537,-2.110951535460043,-0.27817599890342815,359
9,1,y_unfed_ct,n_weeds,-0.25575055116874884,0.14118118987541384,-1.8115058485796685,-0.8527797842442729,359
9,1,y_unfed_ct,n_planted,-0.005770402384789603,0.4654449025938088,-0.01239760571580564,-0.040864536680435576,359
9,1,y_unfed_ct,n_empty,-0.2275511403006439,0.20084476467938084,-1.1329702353152988,-0.2098641972516894,359
9,1,y_unfed_ct,n_animals,0.15140651806833932,0.34077031519961126,0.44430665264857566,2.028858952840377,359
9,1,y_unfed_ct,n_structures,0.49468418539732184,0.35395434539802473,1.3975931976228324,6.884767274871346,359
9,1,y_unfed_ct,n_money,0.6023436731994913,0.19028644559322533,3.1654575885405905,0.9086148582896496,359
9,1,y_unfed_ct,n_output_per_day,0.3864281118750634,0.1533784965789284,2.519441254766817,4.503881024103532,359
9,1,y_unfed_ct,n_revenue_per_day,-0.22687245467218903,0.18183972268545304,-1.2476506855690368,-0.7904429258167951,359
9,1,y_unfed_ct,n_shed,-0.3363215509470534,0.1452374891236223,-2.315666244138835,-2.2266098963738576,359
9,1,y_unfed_ct,n_labour,-0.36144846308055506,0.17701850352198648,-2.041868256081272,-15.494155201327855,359
9,1,y_unfed_ct,n_quadrants,-0.4447994561588984,0.5442510482020602,-0.8172689012328018,-2.40332842621356,359
9,1,y_unfed_ct,n_melon_tiles,0.06266815007341617,0.15610020331317767,0.4014610406860748,2.627526383955757,359
10,1,y_unfed_ct,n_dry_plants,-0.058763062270308385,0.13871301911183612,-0.4236304756868654,-0.10038740413172587,359
10,1,y_unfed_ct,n_unfed,1.1314545615619178,0.1656003061136749,6.8324424520401585,0.8980190414233794,359
10,1,y_unfed_ct,n_weeds,-0.4426458726105188,0.13642571511046597,-3.244592650675144,-1.3410988374988528,359
10,1,y_unfed_ct,n_planted,-0.06873133301416852,0.45395504936435305,-0.15140559205236073,-0.305906827227862,359
10,1,y_unfed_ct,n_empty,-0.201015722055821,0.1974394176062277,-1.0181134268574772,-0.21298611490153624,359
10,1,y_unfed_ct,n_animals,0.710414080412806,0.37746002974436427,1.8820908822953668,10.093920446149431,359
10,1,y_unfed_ct,n_structures,-0.754830741504952,0.3626181518125797,-2.081613227942016,-9.188416239469062,359
10,1,y_unfed_ct,n_money,-0.007989297328932344,0.19423271975524942,-0.041132602884825856,-0.023950021608461634,359
10,1,y_unfed_ct,n_output_per_day,-0.09830793978235725,0.2832322454094949,-0.34709303540006337,-0.5395411752281131,359
10,1,y_unfed_ct,n_revenue_per_day,-0.3626376162074734,0.1628403744986185,-2.2269514997372473,-0.970491819367835,359
10,1,y_unfed_ct,n_shed,-0.18306292321322906,0.13597949750219868,-1.3462538586765191,-0.5759324996728061,359
10,1,y_unfed_ct,n_labour,-0.004432611028412888,0.13712623757989198,-0.03232503936987534,-0.0698051838732204,359
10,1,y_unfed_ct,n_quadrants,2.075491993360818,0.423061286437154,4.905889666340656,12.308659308952056,359
10,1,y_unfed_ct,n_melon_tiles,-0.07875461009125416,0.13965710907359008,-0.5639140793739019,-3.3019933671330475,359
11,1,y_unfed_ct,n_dry_plants,0.5255336381562601,0.1799511938667045,2.9204231817741615,1.1844905836277557,359
11,1,y_unfed_ct,n_unfed,0.4976284452442829,0.16987526419639187,2.9293755485729656,0.5868736955222646,359
11,1,y_unfed_ct,n_weeds,-0.1762705850037129,0.197938389511261,-0.8905325815722301,-0.6114309768118139,359
11,1,y_unfed_ct,n_planted,-0.05143570772857527,0.17734322356267815,-0.29003480761922895,-0.9096513978122931,359
11,1,y_unfed_ct,n_empty,-0.8314979013610231,0.24882081862024558,-3.341753740590609,-1.1135512483282282,359
11,1,y_unfed_ct,n_animals,0.9798395056354501,0.42276061893362943,2.3177170761718426,14.582367364270079,359
11,1,y_unfed_ct,n_structures,-0.9773060148814632,0.41697332484238403,-2.343809439730671,-13.090010301717976,359
11,1,y_unfed_ct,n_money,0.20595922856518736,0.28618867172495716,0.7196624077529014,0.74404961929824,359
11,1,y_unfed_ct,n_output_per_day,-0.861715594029078,0.19959769814903086,-4.317262182982054,-7.591054914261006,359
11,1,y_unfed_ct,n_revenue_per_day,0.5467188948880217,0.1643787735915337,3.32597015382636,1.703825423014107,359
11,1,y_unfed_ct,n_shed,-0.10619662484608809,0.1740283923474572,-0.6102258569053532,-4.757572019074451,359
11,1,y_unfed_ct,n_labour,0.07251968186679997,0.1915460002734662,0.3786019116205253,1.3706826433732,359
11,1,y_unfed_ct,n_quadrants,0.588605341283052,0.18755335972178214,3.138335363099829,18.8240617551545,359
11,1,y_unfed_ct,n_melon_tiles,0.3552411963390134,0.2151610489135405,1.6510478924173781,14.89441789737329,359
12,1,y_unfed_ct,n_dry_plants,-0.26392930223408667,0.14750383351442237,-1.7893046976862514,-0.5706518530191149,359
12,1,y_unfed_ct,n_unfed,0.6464769408859998,0.19045924593271035,3.394305893211409,0.4645912284094982,359
12,1,y_unfed_ct,n_weeds,-0.14126377742643265,0.16941668903053067,-0.8338244492605769,-0.4867525807592945,359
12,1,y_unfed_ct,n_planted,0.03796906545536138,0.17111443988046096,0.22189281910916595,0.7414127933238811,359
12,1,y_unfed_ct,n_empty,0.19507373084717677,0.1590683841775981,1.226351369920116,0.4381288643484468,359
12,1,y_unfed_ct,n_animals,-0.007307569718907026,0.39487373082618465,-0.018506092323785573,-0.1139980871976203,359
12,1,y_unfed_ct,n_structures,0.5636735701403207,0.3747192318023697,1.504255779531506,7.9025920112430015,359
12,1,y_unfed_ct,n_money,-0.8747034934409912,0.21269479374146832,-4.112481918594575,-3.5374903862735096,359
12,1,y_unfed_ct,n_output_per_day,0.31692588625702633,0.15114941436800272,2.096772174620594,3.5721028956177006,359
12,1,y_unfed_ct,n_revenue_per_day,0.23248379831025617,0.1489354382349276,1.5609703175112772,0.8537760839178182,359
12,1,y_unfed_ct,n_shed,0.3218609134689852,0.14323211685449583,2.247128092060189,11.913267280590139,359
12,1,y_unfed_ct,n_labour,-0.13908077596764548,0.17513552833740675,-0.7941322773737827,-2.56377840891472,359
12,1,y_unfed_ct,n_quadrants,-0.3204993601676426,0.16556603191989702,-1.9357796792684159,-10.249821612444348,359
12,1,y_unfed_ct,n_melon_tiles,-0.45513374257200157,0.17649468155098286,-2.578739135776905,-19.082674619172334,359
13,1,y_unfed_ct,n_dry_plants,-0.06910802697026572,0.1423830332957874,-0.485367008769228,-0.16707590751831924,359
13,1,y_unfed_ct,n_unfed,0.451160735604832,0.1487089814533021,3.0338499477014196,0.4534007795040465,359
13,1,y_unfed_ct,n_weeds,-0.22922119267686708,0.1781399243418153,-1.286748007353124,-0.9535352329124623,359
13,1,y_unfed_ct,n_planted,0.23531735983064747,0.1682225368930118,1.3988456254247754,5.107025310258872,359
13,1,y_unfed_ct,n_empty,-0.23556733109147127,0.14857906542323068,-1.5854678478455402,-0.6498187560240292,359
13,1,y_unfed_ct,n_animals,0.4746860116013789,0.41641244177326486,1.1399419517341025,7.653872565581065,359
13,1,y_unfed_ct,n_structures,-0.4996923286643743,0.39650055350276764,-1.260256320577586,-7.376587605155189,359
13,1,y_unfed_ct,n_money,-0.35118120985681556,0.2652698129430521,-1.3238642043759683,-1.4552664478234332,359
13,1,y_unfed_ct,n_output_per_day,-0.2217261001360671,0.1496977433795123,-1.4811586008611313,-2.743158763633689,359
13,1,y_unfed_ct,n_revenue_per_day,-0.10921722478903523,0.18746307286566383,-0.5826066068345117,-0.27544668183767923,359
13,1,y_unfed_ct,n_shed,-0.06919865770292917,0.15854776100988843,-0.4364530742166288,-3.1000759028086358,359
13,1,y_unfed_ct,n_labour,0.13437417094476137,0.16663234808950803,0.8064110749527523,5.426446459809133,359
13,1,y_unfed_ct,n_quadrants,-0.44037036757314085,0.20748705637713588,-2.1223992246181753,-30.612295533235436,359
13,1,y_unfed_ct,n_melon_tiles,0.17121450975345057,0.16805772186038542,1.0187839502887446,7.178616907730882,359
14,1,y_unfed_ct,n_dry_plants,0.39994873961287947,0.1880480388058141,2.1268434499648383,0.8079495609401618,359
14,1,y_unfed_ct,n_unfed,0.2763780923216157,0.18186781934617505,1.5196646295931318,0.39413825137886244,359
14,1,y_unfed_ct,n_weeds,0.3325120613336334,0.201622047438374,1.6491850249426026,1.4467715952259652,359
14,1,y_unfed_ct,n_planted,0.052024387331110734,0.19138703991590245,0.27182816220978606,1.2154700919320904,359
14,1,y_unfed_ct,n_empty,0.18668767032958797,0.18617377899802523,1.002760277705746,0.5643297086719067,359
14,1,y_unfed_ct,n_animals,-0.37187089483628416,0.4987703796444874,-0.7455753388991254,-6.132594506080974,359
14,1,y_unfed_ct,n_structures,0.0871281105672436,0.48248734080860445,0.18058113280490404,1.3036750734142397,359
14,1,y_unfed_ct,n_money,0.07995273989756127,0.30821298175614037,0.2594074378113647,0.3944855973624204,359
14,1,y_unfed_ct,n_output_per_day,-0.06050986115010498,0.18853081513851888,-0.320954752705263,-0.7887677405336578,359
14,1,y_unfed_ct,n_revenue_per_day,0.19453436984077918,0.22921901033695027,0.8486834035048624,0.4845452191097045,359
14,1,y_unfed_ct,n_shed,0.5209925597641643,0.20059180694747883,2.597277364875507,23.34028626684049,359
14,1,y_unfed_ct,n_labour,0.2146530697211736,0.19570174761202855,1.0968377765676132,4.708933247531614,359
14,1,y_unfed_ct,n_quadrants,0.13668268027949318,0.2729578040555883,0.5007465558730005,9.501480824082991,359
14,1,y_unfed_ct,n_melon_tiles,-0.0940123337217225,0.19953004555335746,-0.4711688079907852,-3.9417134059597085,359
15,1,y_unfed_ct,n_dry_plants,-0.021464122390236134,0.23415051482612495,-0.09166805550769308,-0.03349678112778258,359
15,1,y_unfed_ct,n_unfed,0.43836786571249803,0.19500787583106066,2.2479495448289746,0.47471643362199384,359
15,1,y_unfed_ct,n_weeds,-0.4217363225403251,0.2525994522181945,-1.6695852617131994,-1.6179434241335908,359
15,1,y_unfed_ct,n_planted,0.4781207404641199,0.23860231851459765,2.0038394573892986,10.929321090360085,359
15,1,y_unfed_ct,n_empty,0.055749236979598334,0.2152352461340174,0.2590153703027141,0.16423984274803155,359
15,1,y_unfed_ct,n_animals,-0.39328810177082635,0.5444704795753628,-0.7223313595946563,-6.722433182968815,359
15,1,y_unfed_ct,n_structures,0.46726120624344464,0.5792942418689384,0.8066042651070567,6.772395517929779,359
15,1,y_unfed_ct,n_money,0.012672540112895616,0.30873215018722844,0.04104703739215512,0.07809554078420809,359
15,1,y_unfed_ct,n_output_per_day,-0.18080259274634192,0.21485210945621572,-0.8415211430967463,-2.412448230825452,359
15,1,y_unfed_ct,n_revenue_per_day,-0.17516556393759497,0.24403219613368077,-0.7177969411939371,-0.5607927587767718,359
15,1,y_unfed_ct,n_shed,-0.02199861734943206,0.23207778417305439,-0.09478984568823814,-0.985530439518851,359
15,1,y_unfed_ct,n_labour,-0.12892633785995342,0.21356419907295673,-0.6036889067530942,-4.870749386761435,359
15,1,y_unfed_ct,n_quadrants,-0.1161785777813577,0.35592853711475586,-0.3264098426137162,-8.076140493452268,359
15,1,y_unfed_ct,n_melon_tiles,-0.07831780353050205,0.22790718837594798,-0.3436390229223997,-3.283679107629351,359
16,1,y_unfed_ct,n_dry_plants,0.19116686312183673,0.1910881692895207,1.0004118194894462,0.3942549776211239,359
16,1,y_unfed_ct,n_unfed,0.7966623658869317,0.18597608116054662,4.283681863363929,0.7802897504863755,359
16,1,y_unfed_ct,n_weeds,0.07810547555179632,0.19884252115065515,0.39280067009721165,0.33372918716807765,359
16,1,y_unfed_ct,n_planted,-0.35932704839541124,0.2075416303364677,-1.7313492614126051,-9.208529630252961,359
16,1,y_unfed_ct,n_empty,-0.054116962915378646,0.19275555722909243,-0.2807543590095301,-0.16389214791164233,359
16,1,y_unfed_ct,n_animals,1.2703554066193483,0.511217895940366,2.4849587948844736,22.461308973575125,359
16,1,y_unfed_ct,n_structures,-0.6862512652126145,0.5545247586280967,-1.2375484674668293,-10.265064956781242,359
16,1,y_unfed_ct,n_money,0.25771757549816887,0.26157084291354293,0.9852687425996953,1.7073358996164445,359
16,1,y_unfed_ct,n_output_per_day,0.08117736116631862,0.19373315052606957,0.419016368370033,1.1073685932763189,359
16,1,y_unfed_ct,n_revenue_per_day,-0.04888736789707551,0.19809878035610637,-0.24678278083890567,-0.15429257409877914,359
16,1,y_unfed_ct,n_shed,-0.4039008784516843,0.20842829734716467,-1.9378408958498299,-18.094619490838824,359
16,1,y_unfed_ct,n_labour,-0.127680573185343,0.20255961441693143,-0.6303357831365941,-5.285263111863196,359
16,1,y_unfed_ct,n_quadrants,0.1153469904393541,0.33087482633303356,0.34861216768196973,8.018332794865728,359
16,1,y_unfed_ct,n_melon_tiles,0.1287126480858185,0.20553199574313127,0.6262414161865111,5.396615001369942,359
17,1,y_unfed_ct,n_dry_plants,-0.02806572998967682,0.19704536473129078,-0.14243283534200277,-0.06639747009014253,359
17,1,y_unfed_ct,n_unfed,1.0317863483973777,0.19487153155089781,5.294700258092286,0.9733101823747192,359
17,1,y_unfed_ct,n_weeds,0.03602179222229699,0.21867225450934707,0.16472959636841925,0.16643945517830008,359
17,1,y_unfed_ct,n_planted,0.19532328405148155,0.23423107977907834,0.8338914043162258,5.223191350595732,359
17,1,y_unfed_ct,n_empty,-0.09563859796071424,0.2105800816828183,-0.4541673514248504,-0.2613609704224119,359
17,1,y_unfed_ct,n_animals,-1.0474865140197493,0.4897116249684246,-2.1389864169291237,-18.544255450167224,359
17,1,y_unfed_ct,n_structures,0.3523799386983163,0.515417647156762,0.683678451139919,5.160536410812119,359
17,1,y_unfed_ct,n_money,-0.21568826899595492,0.2850796919345804,-0.7565893856986864,-1.545967197953745,359
17,1,y_unfed_ct,n_output_per_day,0.21608814051887812,0.211583475271992,1.0212902507679078,2.7629786476886786,359
17,1,y_unfed_ct,n_revenue_per_day,0.1047991332183344,0.22643072678562942,0.46283088300799263,0.3157013358065709,359
17,1,y_unfed_ct,n_shed,0.523706901789528,0.22513222757956303,2.3262191620453225,23.461887849647702,359
17,1,y_unfed_ct,n_labour,-0.1433370966427969,0.2404064556672154,-0.5962281513821427,-6.322272889009384,359
17,1,y_unfed_ct,n_quadrants,0.5335292020178796,0.33136102811794854,1.6101145178363248,37.08822121204587,359
17,1,y_unfed_ct,n_melon_tiles,0.02790614080477444,0.24118296871406222,0.11570527120370157,1.170038068030243,359
18,1,y_unfed_ct,n_dry_plants,0.03684680763941983,0.21414900122628475,0.17206154326391151,0.0836959837837474,359
18,1,y_unfed_ct,n_unfed,0.6685117000952836,0.21219853756001764,3.1504067265600435,0.7026637651275109,359
18,1,y_unfed_ct,n_weeds,0.08150994026123531,0.22867537448990136,0.3564438910095014,0.41386578691535975,359
18,1,y_unfed_ct,n_planted,-0.2059741752927598,0.22730910345097474,-0.9061413386691907,-5.169094022246869,359
18,1,y_unfed_ct,n_empty,-0.2342164210181773,0.23990756167604574,-0.9762777770816855,-0.48991563228084406,359
18,1,y_unfed_ct,n_animals,0.27804814378144393,0.3492509031784317,0.7961272003909167,4.598891244722599,359
18,1,y_unfed_ct,n_structures,0.293956291094409,0.3906909308814095,0.7524011126422503,4.366313610590205,359
18,1,y_unfed_ct,n_money,-0.5833941964218788,0.32412950838497956,-1.7998799286393938,-3.8836592978203215,359
18,1,y_unfed_ct,n_output_per_day,0.44762426052270005,0.2401735598221532,1.863753282643446,5.427213655812543,359
18,1,y_unfed_ct,n_revenue_per_day,-0.29012857191062935,0.22530624322537496,-1.2877076451912266,-1.0972729615139085,359
18,1,y_unfed_ct,n_shed,-0.7811741588637814,0.23867193504100795,-3.2730038357026023,-34.996331810174745,359
18,1,y_unfed_ct,n_labour,-0.4573501568333922,0.23809497323837014,-1.9208727954769271,-16.074767699786182,359
18,1,y_unfed_ct,n_quadrants,-0.21619854253885504,0.35707614206799987,-0.6054690220599594,-15.029016858076783,359
18,1,y_unfed_ct,n_melon_tiles,0.46445632813792825,0.2367497052737211,1.9618031946478722,19.473548444432232,359
19,1,y_unfed_ct,n_dry_plants,0.24954666294166308,0.20704679581622865,1.2052669637213638,0.4794326563302704,359
19,1,y_unfed_ct,n_unfed,0.5823475377653221,0.20074173525561964,2.9009788972072745,0.6414807918611012,359
19,1,y_unfed_ct,n_weeds,0.2608836308767489,0.20157202624944887,1.2942452171111327,1.0379176754484585,359
19,1,y_unfed_ct,n_planted,0.1356274570994009,0.21022585226878363,0.6451511821010236,3.2648344046183255,359
19,1,y_unfed_ct,n_empty,0.2476174869343082,0.21830772243546606,1.1342589449968101,0.5415940105993555,359
19,1,y_unfed_ct,n_animals,0.03314589101333867,0.34265964801269855,0.09673123522297648,0.5304419870229266,359
19,1,y_unfed_ct,n_structures,-0.8396062748470807,0.36708151776588527,-2.2872474755935794,-12.085486087207977,359
19,1,y_unfed_ct,n_money,0.6578547889823521,0.31714465848179707,2.0743051203560174,4.626189806940055,359
19,1,y_unfed_ct,n_output_per_day,-0.07220592519915817,0.2134586296265799,-0.33826660147436394,-0.7910672697255254,359
19,1,y_unfed_ct,n_revenue_per_day,0.08132739723546736,0.21114572209360055,0.38517189185303535,0.2604302811132862,359
19,1,y_unfed_ct,n_shed,0.6041889091035982,0.23098037520077197,2.615758627019405,27.06745390780921,359
19,1,y_unfed_ct,n_labour,-0.33143862052837014,0.25279711075647776,-1.3110854769524982,-14.696113433220578,359
19,1,y_unfed_ct,n_quadrants,0.15682773821329596,0.34272732523431176,0.45758749497454815,10.901862213053935,359
19,1,y_unfed_ct,n_melon_tiles,0.2932572168924505,0.2375350102564412,1.2345852368282553,12.295577159492586,359
20,1,y_unfed_ct,n_dry_plants,-0.7150583349136229,0.24445966452300114,-2.925056517233105,-1.5887678330464388,359
20,1,y_unfed_ct,n_unfed,0.7891843941235785,0.21132157479376035,3.7345188009969377,0.869317561900734,359
20,1,y_unfed_ct,n_weeds,0.18581371195027918,0.21662326560534872,0.857773570308928,0.7627923219684499,359
20,1,y_unfed_ct,n_planted,-0.34632157187391643,0.22586034359082216,-1.5333438635926577,-7.683890171823072,359
20,1,y_unfed_ct,n_empty,-0.26889162852781306,0.2331683609531917,-1.153208040012739,-0.5416891992804177,359
20,1,y_unfed_ct,n_animals,0.47177674778587086,0.3812664092915035,1.23739394892553,7.186517533110108,359
20,1,y_unfed_ct,n_structures,0.40387569329384976,0.40312941480709136,1.0018512131820385,5.558579494322606,359
20,1,y_unfed_ct,n_money,-0.6573973164082276,0.33830719169895584,-1.9431963982403766,-4.693668476082031,359
20,1,y_unfed_ct,n_output_per_day,-0.2986526859643455,0.24868764545455305,-1.200914848095755,-3.29628938006999,359
20,1,y_unfed_ct,n_revenue_per_day,-0.2542544679269049,0.21901203934690444,-1.1609154852175874,-0.82692935610969,359
20,1,y_unfed_ct,n_shed,-0.26879678858904815,0.23898975598468497,-1.124720963380009,-12.042003049171607,359
20,1,y_unfed_ct,n_labour,-0.08580308889447301,0.2543085187395928,-0.33739761970905024,-3.2532314774885163,359
20,1,y_unfed_ct,n_quadrants,-0.38894827414705524,0.3711654893198193,-1.0479106634073763,-27.03769461362309,359
20,1,y_unfed_ct,n_melon_tiles,-0.14395273227324387,0.23470669327869145,-0.6133303241689574,-6.035595460331242,359
21,1,y_unfed_ct,n_dry_plants,0.04590659971848428,0.28502983059033665,0.16105893065089114,0.10150929841773608,359
21,1,y_unfed_ct,n_unfed,0.7064283927398415,0.2628209657158012,2.687869252804324,0.6887435470298963,359
21,1,y_unfed_ct,n_weeds,-0.1049731487742478,0.2597551126863414,-0.4041235134455452,-0.3064472955938682,359
21,1,y_unfed_ct,n_planted,0.44845387381253776,0.25816092480606284,1.737109805248133,10.265001510510205,359
21,1,y_unfed_ct,n_empty,0.2695380305659718,0.28083902161356095,0.9597598973865552,0.5341707804698734,359
21,1,y_unfed_ct,n_animals,-0.3700787943668331,0.26958414147753545,-1.3727765748330263,-5.44709615109445,359
21,1,y_unfed_ct,n_structures,-0.5910535531674551,0.39790656785977785,-1.4854078844351777,-6.955906407114534,359
21,1,y_unfed_ct,n_money,0.07799539082002374,0.3976836043601521,0.19612423033007212,0.5843515888867876,359
21,1,y_unfed_ct,n_output_per_day,-0.10974866292314657,0.2822136214372743,-0.3888850664408474,-1.2220055201699385,359
21,1,y_unfed_ct,n_revenue_per_day,0.2737392922784614,0.26267139774293335,1.0421358953834774,0.7581868149265498,359
21,1,y_unfed_ct,n_shed,-0.16607758275390183,0.2890922276837509,-0.5744795841954646,-7.44021819761808,359
21,1,y_unfed_ct,n_labour,0.3214063406603273,0.303379386745098,1.059420496918519,13.601051482125024,359
21,1,y_unfed_ct,n_quadrants,0.9905185902149971,0.469612129329354,2.1092270159834707,68.85578605556162,359
21,1,y_unfed_ct,n_melon_tiles,0.28418157402444993,0.2805867293837169,1.012811884042516,11.915057053839316,359
22,1,y_unfed_ct,n_dry_plants,0.42925239882404986,0.18919314028043605,2.2688581530375798,0.8731547376660552,359
22,1,y_unfed_ct,n_unfed,1.087826581076606,0.18656229078547437,5.830902785855497,1.1216348383251522,359
22,1,y_unfed_ct,n_weeds,0.19687697916667912,0.19176195438267846,1.0266738248494962,0.5488355488419971,359
22,1,y_unfed_ct,n_planted,-0.023668016617467875,0.1976670148349093,-0.11973680402486629,-0.5086351672679087,359
22,1,y_unfed_ct,n_empty,-0.216982943408963,0.19735787597259435,-1.0994389878775035,-0.4393944426138382,359
22,1,y_unfed_ct,n_animals,0.8122378539777133,0.19909080888147582,4.0797355666039845,11.00177664233614,359
22,1,y_unfed_ct,n_structures,0.7113518491610323,0.30036377724540075,2.3683010504287587,8.371655764143794,359
22,1,y_unfed_ct,n_money,0.10062610704105747,0.2837549950548252,0.3546232094402961,0.7728447587495177,359
22,1,y_unfed_ct,n_output_per_day,0.2038886246053212,0.25747124653219466,0.7918889093498315,1.8497678168089768,359
22,1,y_unfed_ct,n_revenue_per_day,-0.011686722687041807,0.19549719197829463,-0.05977949130000467,-0.03526439972761944,359
22,1,y_unfed_ct,n_shed,-0.2602859185015622,0.21414209499576503,-1.2154822642727472,-11.660719016417412,359
22,1,y_unfed_ct,n_labour,-0.25543567882835483,0.1988974938571077,-1.2842579052899752,-7.757484600080236,359
22,1,y_unfed_ct,n_quadrants,-0.6933320235632917,0.3254849476700091,-2.13015080582535,-48.196896001297084,359
22,1,y_unfed_ct,n_melon_tiles,-0.11775780037783538,0.1967215590472912,-0.5986013985865515,-4.937304309236505,359
23,1,y_unfed_ct,n_dry_plants,-0.05096445961982199,0.24648180355886906,-0.20676763511124574,-0.2091876718000673,359
23,1,y_unfed_ct,n_unfed,0.9084825812338324,0.1898608546984125,4.784991528016273,0.9016921518697086,359
23,1,y_unfed_ct,n_weeds,0.18005920216019078,0.19322416978965867,0.9318668692234563,0.48799927715204483,359
23,1,y_unfed_ct,n_planted,-0.301887471553917,0.19219084606432701,-1.570769252209203,-7.209686422624887,359
23,1,y_unfed_ct,n_empty,0.6485610315981833,0.20290285379318476,3.1964115805845195,1.1825416251300618,359
23,1,y_unfed_ct,n_animals,-0.21669072966097014,0.22061330612032135,-0.982219674196751,-2.899498059256787,359
23,1,y_unfed_ct,n_structures,0.6439122653892126,0.29974255648785486,2.1482177003294596,7.577982449200312,359
23,1,y_unfed_ct,n_money,0.1692182101369721,0.27923584272754837,0.6060046177599022,1.3158614402771565,359
23,1,y_unfed_ct,n_output_per_day,-0.061752471377841324,0.24730260448695385,-0.249704088260417,-0.5798504540843243,359
23,1,y_unfed_ct,n_revenue_per_day,0.08579569638353234,0.21372580820860962,0.40142880779185275,0.21062982737033364,359
23,1,y_unfed_ct,n_shed,0.2585230935302126,0.2126720722217618,1.2155949336904004,11.581745068136346,359
23,1,y_unfed_ct,n_labour,-0.10402103082587084,0.19981869609670005,-0.5205770674007952,-3.1663155045988423,359
23,1,y_unfed_ct,n_quadrants,-0.5801885923369293,0.35577639548429435,-1.6307675261793515,-40.33174337208336,359
23,1,y_unfed_ct,n_melon_tiles,0.24677311982925104,0.19844488506269561,1.2435347968343293,10.346609600615691,359
24,1,y_unfed_ct,n_dry_plants,-0.8840664859566344,0.26720473455865446,-3.308573433090018,-1.1980898798079986,359
24,1,y_unfed_ct,n_unfed,0.4923281905817164,0.1982651217078336,2.4831810372941865,0.5331287339194808,359
24,1,y_unfed_ct,n_weeds,0.7392113952098954,0.20562637877994597,3.594924929359249,1.7461998337388178,359
24,1,y_unfed_ct,n_planted,-0.009513842112325218,0.21116232550798059,-0.04505463789261809,-0.21390913750933446,359
24,1,y_unfed_ct,n_empty,-0.3210511289636621,0.20747593380550508,-1.547413828076206,-0.5833741195281366,359
24,1,y_unfed_ct,n_animals,0.0942780900626907,0.2212021372860054,0.42620786227211244,1.2341263364863475,359
24,1,y_unfed_ct,n_structures,0.4906265272238918,0.30845211689751156,1.5906083970463096,5.7740152071298585,359
24,1,y_unfed_ct,n_money,0.1534690014968964,0.28465211314451255,0.5391458359523333,1.2021309589102511,359
24,1,y_unfed_ct,n_output_per_day,-0.20828710421130275,0.2395746235547305,-0.8694038672410555,-2.120124343390317,359
24,1,y_unfed_ct,n_revenue_per_day,-0.7196955249164606,0.23425936459594976,-3.0722166695781423,-1.606307573605907,359
24,1,y_unfed_ct,n_shed,-0.385226067753657,0.22090823529510353,-1.743828459989493,-17.257994438326904,359
24,1,y_unfed_ct,n_labour,-0.604321612877723,0.2544285588615892,-2.375211397579302,-27.270969871153138,359
24,1,y_unfed_ct,n_quadrants,-0.616891138983827,0.3812929243301147,-1.6178929626549712,-42.8831166876155,359
24,1,y_unfed_ct,n_melon_tiles,-0.402475622794913,0.22205062477977652,-1.8125399250467178,-16.874844981921,359
25,1,y_unfed_ct,n_dry_plants,0.08908059318465943,0.3589498985771539,0.24816999123768282,0.4126652548993532,359
25,1,y_unfed_ct,n_unfed,-0.6122736143890412,0.2666170717380056,-2.2964531505720647,-1.6977531820316036,359
25,1,y_unfed_ct,n_weeds,0.06851820414560898,0.22521967602458282,0.3042283221210663,0.15994648447419443,359
25,1,y_unfed_ct,n_planted,0.14509302306876168,0.2222844949527947,0.6527356894576667,3.209066107733438,359
25,1,y_unfed_ct,n_empty,0.07987974725302606,0.2190643007728133,0.3646406419084576,0.14568302299578473,359
25,1,y_unfed_ct,n_animals,0.168722250970774,1.545433730999149,0.1091746916004559,1.396111207906503,359
25,1,y_unfed_ct,n_structures,-0.8949494913457879,1.3675507119143475,-0.6544177729928603,-10.532353401033296,359
25,1,y_unfed_ct,n_money,-0.1259295476857998,0.28775643902391845,-0.4376254728233292,-0.9761300094571111,359
25,1,y_unfed_ct,n_output_per_day,0.08400623328954472,0.22729391448102826,0.3695929716435789,0.9081360029010992,359
25,1,y_unfed_ct,n_revenue_per_day,0.5579936151333841,0.24264404339278545,2.2996386283842107,1.2674855903688231,359
25,1,y_unfed_ct,n_shed,0.12777811193696684,0.23984315043819962,0.5327569776477374,5.724415167455012,359
25,1,y_unfed_ct,n_labour,0.31157383933942573,0.2432993676206304,1.2806191910258218,11.894408635018848,359
25,1,y_unfed_ct,n_quadrants,0.6959361821140152,0.4835879532376102,1.4391098402157012,48.377923783909885,359
25,1,y_unfed_ct,n_melon_tiles,0.5791735626203675,0.23911862515621674,2.4221181526198223,24.28336906214521,359
26,1,y_unfed_ct,n_dry_plants,0.6726803885678984,0.35829643679348855,1.877440910626782,3.116187421863417,359
26,1,y_unfed_ct,n_unfed,0.5597374200877441,0.28827997251633763,1.9416451833330954,1.5520773126968461,359
26,1,y_unfed_ct,n_weeds,-0.29478590314575304,0.24072899760518435,-1.2245550227780475,-0.649160214818253,359
26,1,y_unfed_ct,n_planted,0.2296899087835205,0.33649932616623246,0.6825865341259331,2.9656652433450326,359
26,1,y_unfed_ct,n_empty,0.07788796090001757,0.2928109400117088,0.26600085671970797,0.09607356951977862,359
26,1,y_unfed_ct,n_animals,-1.7179909495040953,1.6814730352277958,-1.0217178114137002,-14.215708988496548,359
26,1,y_unfed_ct,n_structures,1.8677151898024549,1.4889675922698073,1.2543692686791648,21.980499035645398,359
26,1,y_unfed_ct,n_money,-0.06732987205138524,0.30437576594937304,-0.2212064151736188,-0.520424850838093,359
26,1,y_unfed_ct,n_output_per_day,-0.07659499841352886,0.2536877932965673,-0.30192622758158255,-0.8721474379516494,359
26,1,y_unfed_ct,n_revenue_per_day,-0.26024407484012796,0.2303627378986124,-1.1297142811120215,-0.6313391555991399,359
26,1,y_unfed_ct,n_shed,0.3394408111207366,0.2555264359187503,1.3283980183900368,15.206830795804144,359
26,1,y_unfed_ct,n_labour,-0.4615733153118222,0.2884817670309837,-1.600008624677649,-18.901158720391255,359
26,1,y_unfed_ct,n_quadrants,0.8741141025464163,0.5086696409576005,1.7184318311209712,60.76394146224072,359
26,1,y_unfed_ct,n_melon_tiles,-0.14727604849852502,0.2674065815683992,-0.5507570069319841,-6.174934200248166,359
27,1,y_unfed_ct,n_dry_plants,-2.3637396627007843,0.47231136334856316,-5.004621624901194,-10.950008251540355,359
27,1,y_unfed_ct,n_unfed,-0.25036143207677475,0.30684162210119664,-0.8159304802338886,-0.6942189047138226,359
27,1,y_unfed_ct,n_weeds,-0.01874875917189585,0.27760236298718943,-0.06753818292519741,-0.023842760377798873,359
27,1,y_unfed_ct,n_planted,0.08284452614495234,0.3313148280597337,0.25004774651986317,1.3373577218172905,359
27,1,y_unfed_ct,n_empty,0.122931401296931,0.2940362567106226,0.4180824591911283,0.3265634010602383,359
27,1,y_unfed_ct,n_animals,4.253591622530664,1.6851480853256837,2.5241648847190685,35.196821426362604,359
27,1,y_unfed_ct,n_structures,-3.3520003630192368,1.5260999229947905,-2.196448812107488,-39.44854180610922,359
27,1,y_unfed_ct,n_money,0.0857765436375979,0.3557091584862334,0.24114235349641022,0.6611209259698403,359
27,1,y_unfed_ct,n_output_per_day,-0.6233322528448189,0.4333091535262516,-1.4385393148798433,-6.853246720640899,359
27,1,y_unfed_ct,n_revenue_per_day,-0.08245150418105898,0.2415037476059561,-0.3414087979934333,-0.2037237193144657,359
27,1,y_unfed_ct,n_shed,0.049479478984168844,0.2757683309824727,0.17942407965370635,2.2166635246142232,359
27,1,y_unfed_ct,n_labour,-0.3365051440431969,0.3267570463117338,-1.0298328615755794,-13.418307711961234,359
27,1,y_unfed_ct,n_quadrants,0.17800662948475426,0.6866148260311455,0.2592525281076289,12.374110407774848,359
27,1,y_unfed_ct,n_melon_tiles,0.5461372394800201,0.30222472291914954,1.807056796032274,22.898234658489454,359
0,3,y_money,n_dry_plants,-17.009261819856725,25.77435466969185,-0.6599296873903102,-78.79529214618854,359
0,3,y_money,n_unfed,-13.156864370973869,17.138764365347804,-0.7676670319113097,-36.48223249611738,359
0,3,y_money,n_weeds,42.657985111426356,15.488482700369985,2.7541745654922902,172.15116740689194,359
0,3,y_money,n_planted,125.75390837900652,17.898756386858565,7.025846134837402,2030.0431210760858,359
0,3,y_money,n_empty,-63.62337620775646,19.941881069829694,-3.1904400585365544,-30.289346693069664,359
0,3,y_money,n_animals,-664.4329589733619,102.0791156285996,-6.5089999544158195,-5497.925114132543,359
0,3,y_money,n_structures,602.3104042480858,93.13913247494085,6.46678134360053,7088.384423930565,359
0,3,y_money,n_money,21.25008278386522,16.96606794913078,1.2525048731137447,41.7269453529034,359
0,3,y_money,n_output_per_day,15.982037734467662,22.37110866619474,0.7144052613994191,175.7150335042382,359
0,3,y_money,n_revenue_per_day,48.388134691037685,13.507010009395627,3.582446052633289,334.2266932077786,359
0,3,y_money,n_shed,42.20659824825064,15.137663758596709,2.788184420088036,1890.8409861162436,359
0,3,y_money,n_labour,41.22239869178805,14.632289459862013,2.817221379119491,1290.6649972766347,359
0,3,y_money,n_quadrants,-59.100159802716114,35.888864760343786,-1.646754785847118,-4108.340822096073,359
0,3,y_money,n_melon_tiles,147.27571055681096,16.007279396164368,9.20054600859287,838.0004268060376,359
1,3,y_money,n_dry_plants,-216.4248573238715,23.452164557483027,-9.22835317795071,-1002.5867107662215,359
1,3,y_money,n_unfed,-174.0422448854864,19.789423041147558,-8.79471041291126,-97.72709917158147,359
1,3,y_money,n_weeds,57.683235402243305,13.780944149933296,4.18572448844316,232.78727976401382,359
1,3,y_money,n_planted,66.78056143663086,16.558110871891945,4.03310268624868,809.6615878944704,359
1,3,y_money,n_empty,-75.33325103513688,14.869681441610206,-5.0662316695184835,-166.34325169265475,359
1,3,y_money,n_animals,-25.367510499836857,21.343474366485005,-1.1885370705938425,-279.3817652366126,359
1,3,y_money,n_structures,-140.36041856171508,23.39474808236634,-5.9996550536703985,-1785.8597975492787,359
1,3,y_money,n_money,153.7818046031789,16.863282331944443,9.11932811039207,262.34706307586737,359
1,3,y_money,n_output_per_day,-100.73780321726657,18.20807284228268,-5.532590081874774,-1236.1277027225433,359
1,3,y_money,n_revenue_per_day,-35.89806193736128,13.91146732319914,-2.5804655327405106,-206.77174965959512,359
1,3,y_money,n_shed,-40.538145771435445,13.43803087843694,-3.016673063051533,-1154.1223248896197,359
1,3,y_money,n_labour,-26.34601117129577,12.759293527349087,-2.0648487406316067,-302.93997576727486,359
1,3,y_money,n_quadrants,61.374660917857405,24.044948738634158,2.552497058113658,4266.4525059296,359
1,3,y_money,n_melon_tiles,23.318202386625508,13.722210943103047,1.69930359497538,139.66881114489226,359
2,3,y_money,n_dry_plants,-91.43181553298103,28.302940733248615,-3.2304705152271462,-331.6605504008826,359
2,3,y_money,n_unfed,0.21539674023912342,26.431561583574798,0.008149224916509514,0.314713329764312,359
2,3,y_money,n_weeds,-61.24079648305463,25.661473372717506,-2.386487930508463,-250.09112242452312,359
2,3,y_money,n_planted,-141.4691311717069,37.81895845512608,-3.7406934762512423,-1626.3669792401508,359
2,3,y_money,n_empty,246.89652325219993,27.068358678781536,9.121222538171043,456.7482685373608,359
2,3,y_money,n_animals,-167.10355289862352,56.4689783750897,-2.959209776891206,-1595.2547269366248,359
2,3,y_money,n_structures,-110.52187487355964,55.986563384253195,-1.9740785680130721,-1427.4256213990502,359
2,3,y_money,n_money,-42.1382912558474,23.686086246051275,-1.7790314034203225,-103.26583103142896,359
2,3,y_money,n_output_per_day,-124.44075310938632,35.3676120607001,-3.518494629940335,-1504.3561432641907,359
2,3,y_money,n_revenue_per_day,-92.90059420342307,24.988938182086862,-3.717668735121294,-637.6717364224529,359
2,3,y_money,n_shed,-97.42413750982945,29.890887401737537,-3.259325700185343,-1673.0404864406394,359
2,3,y_money,n_labour,-39.9878820829559,28.121354061409047,-1.4219756984544103,-894.9847297948828,359
2,3,y_money,n_quadrants,182.92244265275582,41.712282700192894,4.385337622673667,12715.832595655806,359
2,3,y_money,n_melon_tiles,-46.11821578692225,25.588176503445762,-1.8023252176923146,-304.72834644962603,359
3,3,y_money,n_dry_plants,-96.64755687021143,19.97091689168417,-4.839415105195054,-325.1939794774569,359
3,3,y_money,n_unfed,-224.10367557669548,31.41559353360043,-7.1335171604192755,-125.4255496756205,359
3,3,y_money,n_weeds,30.894076204827382,17.121197844021406,1.804434274183413,126.16318921443018,359
3,3,y_money,n_planted,185.82628924103827,24.670263089620082,7.532399981547986,1743.7368834460706,359
3,3,y_money,n_empty,-46.66498685217888,21.122170488626764,-2.2092893756967658,-81.14917135318255,359
3,3,y_money,n_animals,90.44385380715096,53.27264758158454,1.6977540616625157,519.3698527074567,359
3,3,y_money,n_structures,-133.50657085332836,50.77356820298044,-2.629450235201146,-858.7243965036341,359
3,3,y_money,n_money,27.965079232815636,18.62332907924955,1.5016154799076622,65.26015757664744,359
3,3,y_money,n_output_per_day,-77.08365566082206,22.708188784756334,-3.3945312147733753,-923.9258293545929,359
3,3,y_money,n_revenue_per_day,-79.2774385481018,17.025854383775595,-4.656297226625376,-526.1665556443348,359
3,3,y_money,n_shed,-42.724641418652354,18.06981915276066,-2.36441997883111,-1389.7767230956304,359
3,3,y_money,n_labour,156.41660510618192,16.390912593064172,9.542885682421963,3062.3881587521205,359
3,3,y_money,n_quadrants,-201.74359310406018,29.142623699809935,-6.922629725523853,-14024.18270800782,359
3,3,y_money,n_melon_tiles,93.18306240466787,18.23300894905255,5.110679354408477,646.1486644777788,359
4,3,y_money,n_dry_plants,23.201901919035702,20.335817313209866,1.1409377632422015,83.22267550022953,359
4,3,y_money,n_unfed,77.55839205168013,25.723623302520352,3.01506483513468,49.01873180988253,359
4,3,y_money,n_weeds,-0.9869306589454702,15.45813697908429,-0.0638453819034494,-4.041271578167739,359
4,3,y_money,n_planted,-19.155665042926312,27.915248931505975,-0.6862079249204425,-163.663043913476,359
4,3,y_money,n_empty,26.0453700487995,16.376207669627295,1.590439653321291,44.379660598557386,359
4,3,y_money,n_animals,-16.71699375080146,69.47388843712189,-0.24062268755737432,-78.26221381392261,359
4,3,y_money,n_structures,-170.45860927725354,73.6696560780087,-2.313823877455803,-766.5110027503172,359
4,3,y_money,n_money,27.479154602116783,18.80316802744764,1.461410894270822,50.03083324809616,359
4,3,y_money,n_output_per_day,-20.57877697140081,16.74198852427594,-1.2291716089496487,-236.69252368051664,359
4,3,y_money,n_revenue_per_day,-51.18146896789219,19.591878228698995,-2.612381945745225,-240.37724631227707,359
4,3,y_money,n_shed,-84.07928819896712,30.138404259380156,-2.789772393898347,-295.75764123932566,359
4,3,y_money,n_labour,-5.122831767282878,19.514344004428136,-0.262516217102682,-39.10702601896685,359
4,3,y_money,n_quadrants,102.37865998471622,29.686469381395764,3.448664058679743,7116.84079249094,359
4,3,y_money,n_melon_tiles,-25.71711298966166,15.584902222194545,-1.6501298900058403,-1078.257341573763,359
5,3,y_money,n_dry_plants,-52.29511450979201,78.11704874635916,-0.6694455992518452,-245.4736585436669,359
5,3,y_money,n_unfed,-171.81838308840636,54.79079818718058,-3.135898522621026,-138.61883073187113,359
5,3,y_money,n_weeds,119.61095205308504,53.12744725807799,2.251396561028975,487.0311953167287,359
5,3,y_money,n_planted,-163.38200815534398,59.31625465986335,-2.754422191559867,-2875.420832490019,359
5,3,y_money,n_empty,-28.815105628716523,50.69955517225231,-0.5683502652206095,-58.788154949854025,359
5,3,y_money,n_animals,38.69324749030282,432.99137168794,0.0893626294202216,123.9702938058684,359
5,3,y_money,n_structures,300.29532349879173,454.2807364244175,0.661034684988793,916.1807208066078,359
5,3,y_money,n_money,79.56248148079689,64.10855167456724,1.2410587886102633,160.09550506904216,359
5,3,y_money,n_output_per_day,5.9138143684256175,60.855550611690646,0.09717789600098606,65.65369801438037,359
5,3,y_money,n_revenue_per_day,-53.20924813683903,52.830156154277745,-1.007175674087622,-283.6894522508582,359
5,3,y_money,n_shed,29.99214968902024,49.552282623291084,0.6052627265837198,350.9831915777529,359
5,3,y_money,n_labour,-149.6056960085115,50.46789366089338,-2.964373687036559,-3409.065647388959,359
5,3,y_money,n_quadrants,253.36984380627197,86.62975262150745,2.9247439377238647,17612.975597226286,359
5,3,y_money,n_melon_tiles,-23.553074872872685,50.93898564660809,-0.46237816819269606,-987.5243736931457,359
6,3,y_money,n_dry_plants,-272.70989575744335,50.76770641308052,-5.371719839744,-914.5734633001342,359
6,3,y_money,n_unfed,145.37560551979954,45.62437825032683,3.1863580632741697,268.3584579057449,359
6,3,y_money,n_weeds,39.93081784340089,44.88608453711218,0.8896034986162752,161.55077674946392,359
6,3,y_money,n_planted,166.19321661964423,68.85148739041402,2.4137926850768774,3102.7365908440656,359
6,3,y_money,n_empty,72.08819787940001,69.84124428940711,1.0321723018089712,63.54036381316781,359
6,3,y_money,n_animals,65.87389148753246,83.39000213827634,0.7899495119127247,760.4860873129917,359
6,3,y_money,n_structures,-412.8824275335919,90.58348923860771,-4.558031833439429,-4872.487107683812,359
6,3,y_money,n_money,-30.220564706121845,51.46068545149902,-0.5872553861452994,-62.14687992704912,359
6,3,y_money,n_output_per_day,-5.753576273105582,62.657179661202456,-0.09182628877035487,-60.29679879947736,359
6,3,y_money,n_revenue_per_day,-67.17685615126794,61.988350893258,-1.0837012952150378,-283.4807616431584,359
6,3,y_money,n_shed,54.167193718542606,55.80264750905931,0.9706921828350313,244.33633614850228,359
6,3,y_money,n_labour,-246.92463280548625,59.11577666397825,-4.176966737814136,-2783.5264539775194,359
6,3,y_money,n_quadrants,-286.9760131013693,95.73352793925517,-2.9976542103771764,-19949.104596711237,359
6,3,y_money,n_melon_tiles,-73.08203349455624,55.452288240607174,-1.3179263798358276,-3064.1557310232756,359
7,3,y_money,n_dry_plants,34.6152773194035,253.09083316859412,0.13677017411509668,80.52739427124001,359
7,3,y_money,n_unfed,-902.9827854759103,284.0482081407792,-3.1789772285005102,-583.6411565820245,359
7,3,y_money,n_weeds,1069.753733146395,231.0554992910601,4.629856187923182,4261.803014636207,359
7,3,y_money,n_planted,-307.0251863131325,231.96612585575744,-1.3235776783376068,-8456.234015347332,359
7,3,y_money,n_empty,48.4375773341481,217.651899768772,0.22254608108455284,91.41517515486237,359
7,3,y_money,n_animals,2092.5167460658554,478.0754253781522,4.376959439842988,15609.613981788312,359
7,3,y_money,n_structures,-3018.4348982471806,382.94397528076064,-7.882184061086673,-29952.36670905356,359
7,3,y_money,n_money,275.44848152904774,237.27461819775192,1.1608847318826179,562.2042447945745,359
7,3,y_money,n_output_per_day,-378.10409861737566,252.4632974675088,-1.4976596693863449,-4098.670083218844,359
7,3,y_money,n_revenue_per_day,-450.11021252057543,230.96346818232448,-1.9488372601213915,-2879.474466876951,359
7,3,y_money,n_shed,165.42573838647394,234.92059447170038,0.7041772508642357,931.56378246948,359
7,3,y_money,n_labour,154.2270265989361,270.1278316477651,0.5709408973453777,5352.643199393918,359
7,3,y_money,n_quadrants,-952.6070709931771,363.7537023249364,-2.6188243993245344,-66220.37115031251,359
7,3,y_money,n_melon_tiles,722.5379783969003,263.0066643468487,2.7472230796556145,30294.297811947836,359
8,3,y_money,n_dry_plants,-434.83179057208685,213.23158600224653,-2.0392466178416253,-1037.775341884396,359
8,3,y_money,n_unfed,1902.7239613411375,289.7608432605778,6.566532385571659,1505.9876640469295,359
8,3,y_money,n_weeds,1092.6759391754506,202.87076444282147,5.3860690187492155,3686.9065094894117,359
8,3,y_money,n_planted,108.75481328168961,231.2402858683581,0.4703108408350707,2488.250040228656,359
8,3,y_money,n_empty,2988.6280104926877,289.52080854459393,10.32267084882902,2242.8196213615415,359
8,3,y_money,n_animals,-245.67171999064925,532.4917657776598,-0.461362476904908,-2648.1494023816144,359
8,3,y_money,n_structures,-811.2609185204406,559.0780222705157,-1.4510692357853114,-9088.359364905182,359
8,3,y_money,n_money,886.5960381097669,263.81016633706463,3.3607349194305955,1635.975330143221,359
8,3,y_money,n_output_per_day,-656.1704363111344,239.12951895435347,-2.743995969968008,-7279.91998597883,359
8,3,y_money,n_revenue_per_day,-1469.6913350566629,241.95810188982392,-6.074156325320693,-6416.354628220734,359
8,3,y_money,n_shed,-185.43059489496318,231.83843848423555,-0.7998267936383293,-759.5394210829824,359
8,3,y_money,n_labour,-190.53910294121167,281.7113102206078,-0.6763629858950311,-2637.5242204790247,359
8,3,y_money,n_quadrants,-40.02013629186523,236.45064726543686,-0.16925365506375234,-833.2948336419558,359
8,3,y_money,n_melon_tiles,1804.1957262126346,242.69767391548908,7.433922612875484,75645.63285959937,359
9,3,y_money,n_dry_plants,372.0850406801232,274.7549093801011,1.354243465638584,1102.080195944865,359
9,3,y_money,n_unfed,-1713.5049637552884,324.85353557094516,-5.274700060578759,-1246.8240812425547,359
9,3,y_money,n_weeds,1413.9398672474408,253.2461530054068,5.583262965567154,4714.669545834345,359
9,3,y_money,n_planted,-2085.5722789787333,834.899685445882,-2.497991453745636,-14769.497724920535,359
9,3,y_money,n_empty,-799.4698741576836,360.26870188028516,-2.2190933322410618,-737.3292137553689,359
9,3,y_money,n_animals,-1162.011947715802,611.2625305035062,-1.9010030710677377,-15571.049209166637,359
9,3,y_money,n_structures,995.7292714681267,634.9116082014748,1.5682958991547602,13858.062386468117,359
9,3,y_money,n_money,481.5187931481925,341.3295380077324,1.4107152752109144,726.3546534425814,359
9,3,y_money,n_output_per_day,-578.1601599765564,275.1252787049279,-2.101443250500561,-6738.5484994243025,359
9,3,y_money,n_revenue_per_day,-2467.0435383204776,326.1780855813601,-7.563486473726058,-8595.389490386216,359
9,3,y_money,n_shed,-289.83839111126684,260.52220855469074,-1.1125285353567922,-1918.8690947105588,359
9,3,y_money,n_labour,374.91423049571864,317.5299419651936,1.1807208736768997,16071.390164390981,359
9,3,y_money,n_quadrants,-615.3789548794566,976.2595452550045,-0.6303435985547431,-3324.998973530788,359
9,3,y_money,n_melon_tiles,1908.545775182352,280.0073863048551,6.816055106147959,80020.78206240495,359
10,3,y_money,n_dry_plants,-371.81499220596277,229.54530355917214,-1.619789150293447,-635.1871472102334,359
10,3,y_money,n_unfed,-1780.3069364444648,274.0389675010093,-6.496546650570443,-1413.0037412180793,359
10,3,y_money,n_weeds,1402.071402445491,225.7602234370006,6.210444785623387,4247.902091170095,359
10,3,y_money,n_planted,-1232.9601742849707,751.2146320205638,-1.6412888164446982,-5487.612686575943,359
10,3,y_money,n_empty,-2724.460950356501,326.72701768842495,-8.338646034331374,-2886.7013340192357,359
10,3,y_money,n_animals,-966.583981932882,624.6290194236791,-1.5474528910371654,-13733.711207530532,359
10,3,y_money,n_structures,-459.34163709811867,600.0683588811175,-0.7654821826543283,-5591.4815410958845,359
10,3,y_money,n_money,921.6487658924322,321.42050474293205,2.867423677993272,2762.884763169223,359
10,3,y_money,n_output_per_day,-444.03768085117315,468.6988443229758,-0.9473837758072028,-2437.0016572659697,359
10,3,y_money,n_revenue_per_day,-989.3350620565429,269.47177298360134,-3.671386620953241,-2647.661305467894,359
10,3,y_money,n_shed,294.27743034147727,225.02181288982203,1.3077729068228823,925.8233894607081,359
10,3,y_money,n_labour,176.2196236939648,226.91946316751765,0.7765734205173711,2775.1235457335747,359
10,3,y_money,n_quadrants,-4850.155039366524,700.0909650813306,-6.927892632928171,-28763.73706385145,359
10,3,y_money,n_melon_tiles,1795.4290281340427,231.10760404290153,7.768801184926608,75278.06607368516,359
11,3,y_money,n_dry_plants,847.5524267738352,288.8599291175475,2.9341294563183795,1910.2827978177104,359
11,3,y_money,n_unfed,-1499.8128186204333,272.6859195551779,-5.500147646299524,-1768.7909520995174,359
11,3,y_money,n_weeds,-491.21340713185634,317.73320273838675,-1.5459933141967184,-1703.8752854843242,359
11,3,y_money,n_planted,-1075.649212448079,284.67358224774154,-3.7785354157379407,-19023.084407089777,359
11,3,y_money,n_empty,-2400.656344028098,399.4103205719984,-6.010501532834957,-3214.985707509182,359
11,3,y_money,n_animals,224.74439937660077,678.6206848358883,0.3311782331405813,3344.7369451045047,359
11,3,y_money,n_structures,-1436.3723382595604,669.3308472690542,-2.1459825796467062,-19238.732207333116,359
11,3,y_money,n_money,-27.89489601761701,459.39367031902714,-0.06072111528712472,-100.77327880310439,359
11,3,y_money,n_output_per_day,-3089.507092134902,320.3967459202418,-9.642754277235982,-27216.19308841646,359
11,3,y_money,n_revenue_per_day,-901.4989791743565,263.86288341744233,-3.416543348190987,-2809.4819730953955,359
11,3,y_money,n_shed,-182.03810829858847,279.35257331587184,-0.651642854539782,-8155.244215169721,359
11,3,y_money,n_labour,580.1175674114826,307.4720588001645,1.886732634097717,10964.707239440195,359
11,3,y_money,n_quadrants,1179.6694430815173,301.06302176090156,3.9183471825323934,37726.75660541885,359
11,3,y_money,n_melon_tiles,904.4291777764756,345.3792331272888,2.6186553533841166,37920.562905449086,359
12,3,y_money,n_dry_plants,-634.2657091521688,307.0305808964916,-2.0658063027474034,-1371.3706631677771,359
12,3,y_money,n_unfed,-2002.7606353824526,396.4426654044227,-5.051829205465003,-1439.2857114552514,359
12,3,y_money,n_weeds,68.44969537254752,352.6423904197593,0.19410512528306678,235.85710705015254,359
12,3,y_money,n_planted,514.1942667601301,356.17627436875273,1.4436510900997852,10040.547563066812,359
12,3,y_money,n_empty,-600.8624964372273,331.10229905678324,-1.8147336884972243,-1349.5164215619195,359
12,3,y_money,n_animals,2265.927659589347,821.9332885641519,2.756826729268663,35348.471360188545,359
12,3,y_money,n_structures,-3911.2614774931417,779.9815141897278,-5.014556635430389,-54835.112631279306,359
12,3,y_money,n_money,-696.6487046577639,442.72616189136085,-1.5735431167691245,-2817.3982541696396,359
12,3,y_money,n_output_per_day,-1185.548340439959,314.61889084418164,-3.768204564128079,-13362.432175533431,359
12,3,y_money,n_revenue_per_day,-817.3066626535284,310.0104792386449,-2.6363839850212574,-3001.486068586342,359
12,3,y_money,n_shed,806.108407353996,298.13896353120987,2.703800931640425,29837.06474462727,359
12,3,y_money,n_labour,-916.8780756584972,364.5462068332641,-2.5151217005471636,-16901.489063645804,359
12,3,y_money,n_quadrants,244.1101175487771,344.6272123640957,0.7083309407699263,7806.833552987527,359
12,3,y_money,n_melon_tiles,505.10667027686833,367.3752966999407,1.3749064643544113,21177.920543525073,359
13,3,y_money,n_dry_plants,-518.9351552757257,234.06695823693596,-2.2170372067228294,-1254.580195845496,359
13,3,y_money,n_unfed,-138.88198766009796,244.46633946179028,-0.5681027006247827,-139.5715462245234,359
13,3,y_money,n_weeds,214.21867086590828,292.84858782735506,0.7314997571106541,891.1263737566981,359
13,3,y_money,n_planted,788.4342599623127,276.5451515255293,2.851014583379988,17111.16308631277,359
13,3,y_money,n_empty,-53.05295755705065,244.25276731571958,-0.21720514424499734,-146.3479962326849,359
13,3,y_money,n_animals,2523.8131372621106,684.550619282017,3.6868174042544624,40694.15078564627,359
13,3,y_money,n_structures,-3600.772868393148,651.8169781146258,-5.524208465401359,-53155.54189307628,359
13,3,y_money,n_money,-1671.9773946465239,436.0835472487313,-3.8340758443997642,-6928.538702114456,359
13,3,y_money,n_output_per_day,-1321.2250620787192,246.0917894267993,-5.3688303260996095,-16345.978689696673,359
13,3,y_money,n_revenue_per_day,-1481.0918050720059,308.17514019567693,-4.806006753599856,-3735.3249360811424,359
13,3,y_money,n_shed,256.84527550160215,260.6405503229241,0.9854386632601114,11506.579401453582,359
13,3,y_money,n_labour,258.8816743170287,273.9310011759907,0.9450616148068128,10454.446231966638,359
13,3,y_money,n_quadrants,1690.0700709466632,341.0930574771561,4.954865054853401,117485.02690772552,359
13,3,y_money,n_melon_tiles,-62.970066812677665,276.2742080537855,-0.2279259698408711,-2640.185034278738,359
14,3,y_money,n_dry_plants,-312.05101305203453,201.78655705818878,-1.5464410394893107,-630.3844818472456,359
14,3,y_money,n_unfed,-172.53313684263432,195.1548196864825,-0.8840834016798044,-246.04666849257143,359
14,3,y_money,n_weeds,98.86865579392695,216.35226316624795,0.4569799934006466,430.18097535206044,359
14,3,y_money,n_planted,287.0478230335409,205.369500769258,1.397713983616546,6706.43253578197,359
14,3,y_money,n_empty,-377.04977394211244,199.7753665344907,-1.8873687005700763,-1139.7666954004364,359
14,3,y_money,n_animals,2162.2566984939026,535.209823565334,4.040016836929287,35658.19141548656,359
14,3,y_money,n_structures,-2782.922750497848,517.7371694180043,-5.375165073865897,-41640.14343294415,359
14,3,y_money,n_money,-876.5479706391475,330.7305772725082,-2.650338465429849,-4324.8742977093225,359
14,3,y_money,n_output_per_day,-815.5525682093643,202.30460433283372,-4.03130996893975,-10631.02020540343,359
14,3,y_money,n_revenue_per_day,-1532.0997490402367,245.96542033571322,-6.228923346009796,-3816.1462635329412,359
14,3,y_money,n_shed,218.77306364183522,215.24675479232468,1.0163826342139877,9800.957493875849,359
14,3,y_money,n_labour,257.25101610792365,209.9994347810284,1.2250081357417253,5643.4220311194595,359
14,3,y_money,n_quadrants,1558.292496626155,292.8997071828963,5.320225518877373,108324.52396111823,359
14,3,y_money,n_melon_tiles,338.0303443255252,214.10742264348852,1.5787885359228366,14172.807833843084,359
15,3,y_money,n_dry_plants,6.809510307432616,272.52122025223275,0.024987082844888393,10.626881090615157,359
15,3,y_money,n_unfed,-348.36701285970497,226.964200013568,-1.53489851191897,-377.252893907984,359
15,3,y_money,n_weeds,-489.04646848743056,293.99342130281474,-1.6634605846629138,-1876.1711417667536,359
15,3,y_money,n_planted,-4.771703648878856,277.7025497675954,-0.01718278659260498,-109.07596536392779,359
15,3,y_money,n_empty,432.6425259786362,250.50626927422678,1.7270726486490706,1274.5849859585705,359
15,3,y_money,n_animals,1512.5224887088411,633.6939280077167,2.3868344351414117,25853.391756071494,359
15,3,y_money,n_structures,-1544.0657932489373,674.2243287248202,-2.2901365724510017,-22379.39747161387,359
15,3,y_money,n_money,-501.2300606020805,359.3246948980517,-1.3949223855718864,-3088.8702889318924,359
15,3,y_money,n_output_per_day,-303.29605393743157,250.06034723542436,-1.212891437169314,-4046.87796576137,359
15,3,y_money,n_revenue_per_day,505.7722155507689,284.02223211239686,1.7807486822039282,1619.2303423999704,359
15,3,y_money,n_shed,19.838397993126353,270.1088271500931,0.07344594474175635,888.7533604024648,359
15,3,y_money,n_labour,696.1386838278313,248.5613844444098,2.800671091303489,26299.646167243947,359
15,3,y_money,n_quadrants,3498.9398458267915,414.2552465841642,8.446338035976842,243228.4015923779,359
15,3,y_money,n_melon_tiles,-321.35572208653,265.2547876163758,-1.2114982917906467,-13473.680608543978,359
16,3,y_money,n_dry_plants,-142.67555889717045,195.23963591384978,-0.7307714861757199,-294.2484296780819,359
16,3,y_money,n_unfed,-44.61990925238333,190.0164856331634,-0.23482125302814177,-43.70290269517805,359
16,3,y_money,n_weeds,-527.9044794262744,203.16245415919053,-2.598435235541249,-2255.631011483751,359
16,3,y_money,n_planted,-110.23954331735526,212.0505549585633,-0.519873873185086,-2825.1257610485654,359
16,3,y_money,n_empty,684.0166835535532,196.94324852084432,3.473166451203111,2071.530947704618,359
16,3,y_money,n_animals,1158.2094581028266,522.3243084443271,2.2174144288869075,20478.442772007467,359
16,3,y_money,n_structures,-1493.3417752061598,566.5720299812529,-2.6357492007778296,-22337.6642087748,359
16,3,y_money,n_money,-843.4272697200041,267.253573708917,-3.155906422559703,-5587.564812081186,359
16,3,y_money,n_output_per_day,99.61336084284179,197.9420804217584,0.5032449928312059,1358.8604714812084,359
16,3,y_money,n_revenue_per_day,-1250.1665070894137,202.40255529950775,-6.176634011559113,-3945.628834773987,359
16,3,y_money,n_shed,-158.51941637615795,212.95648516339463,-0.7443746841263421,-7101.614961155728,359
16,3,y_money,n_labour,287.9178883719168,206.9603027578971,1.3911744645480353,11918.193635054278,359
16,3,y_money,n_quadrants,2957.9530481518505,338.0632137850641,8.749703982973067,205621.76647460205,359
16,3,y_money,n_melon_tiles,-391.13380215577877,209.99726025286958,-1.862566214839148,-16399.30943577025,359
17,3,y_money,n_dry_plants,833.4555134023432,210.21916733845507,3.964698005203641,1971.7761676946036,359
17,3,y_money,n_unfed,-584.4033792957235,207.89999884779763,-2.8109830809742418,-551.2825020085025,359
17,3,y_money,n_weeds,-588.7368636901399,233.2919595731946,-2.523605463159675,-2720.271168942953,359
17,3,y_money,n_planted,62.41389457673783,249.89099653824948,0.24976447907831872,1669.0263830721115,359
17,3,y_money,n_empty,917.4746922286437,224.65877078506162,4.083858774008969,2507.2730154135274,359
17,3,y_money,n_animals,1004.2279369190665,522.4521275961589,1.9221434536779358,17778.424011357223,359
17,3,y_money,n_structures,-884.8384398848348,549.876769568252,-1.609157703788042,-12958.288725457736,359
17,3,y_money,n_money,-1232.042228654815,304.1391790429365,-4.050915875198318,-8830.7856558944,359
17,3,y_money,n_output_per_day,-157.80564778244593,225.7292479572422,-0.6990926041287198,-2017.7582826184157,359
17,3,y_money,n_revenue_per_day,-1125.6683063430166,241.56913769389138,-4.659818373692368,-3391.0107562362787,359
17,3,y_money,n_shed,-170.91119433306514,240.1838251174643,-0.7115849464445797,-7656.762322569605,359
17,3,y_money,n_labour,-125.37323175366865,256.47923767234806,-0.48882409699701623,-5529.927720658506,359
17,3,y_money,n_quadrants,3766.749960867335,353.514732581313,10.655142809362077,261845.1909862493,359
17,3,y_money,n_melon_tiles,-326.2893622417694,257.3076658181113,-1.268090327601902,-13680.53639831356,359
18,3,y_money,n_dry_plants,426.79327670574145,181.7626995733836,2.348079543863899,969.4430930282512,359
18,3,y_money,n_unfed,163.86671501491392,180.10720952033452,0.9098287372911243,172.23812677481155,359
18,3,y_money,n_weeds,-711.3359850719046,194.09221222245543,-3.6649383142514713,-3611.8003065572934,359
18,3,y_money,n_planted,-194.72680447700637,192.93256585024648,-1.0092998225512253,-4886.831854346112,359
18,3,y_money,n_empty,656.8448121769085,203.62572698729844,3.225745694785809,1373.9367208717954,359
18,3,y_money,n_animals,-659.6464352485466,296.43279504757504,-2.225281568939357,-10910.49260181923,359
18,3,y_money,n_structures,201.93825776419956,331.60574127920347,0.6089709333294466,2999.5131592251464,359
18,3,y_money,n_money,-454.2984940184218,275.11057309669275,-1.651330550130293,-3024.268292522641,359
18,3,y_money,n_output_per_day,-261.3073958423908,203.8514975528446,-1.281851735107572,-3168.2176149804964,359
18,3,y_money,n_revenue_per_day,-1083.8443496236878,191.2326033036619,-5.667675547472575,-4099.124369240137,359
18,3,y_money,n_shed,-302.55653002245634,202.57696733134316,-1.4935386485847748,-13554.42777498141,359
18,3,y_money,n_labour,158.84878492795482,202.08726093907583,0.7860405657922381,5583.156098141161,359
18,3,y_money,n_quadrants,3106.8544252517445,303.074603028139,10.25112099202614,215972.62860505778,359
18,3,y_money,n_melon_tiles,482.7479525754335,200.94544129245594,2.402383201482248,20240.472723490257,359
19,3,y_money,n_dry_plants,186.51424082913456,190.5130174264354,0.9790104810090212,358.3338557608356,359
19,3,y_money,n_unfed,-328.39395078382773,184.71144919775247,-1.7778754495735045,-361.7400228042137,359
19,3,y_money,n_weeds,-412.42610572145975,185.4754370776557,-2.2236157640042835,-1640.8248517014515,359
19,3,y_money,n_planted,-189.14985744968504,193.4382094583024,-0.9778308948339302,-4553.229673677273,359
19,3,y_money,n_empty,324.6277442169132,200.8746996770159,1.6160708378849022,710.0324137806272,359
19,3,y_money,n_animals,-619.1462512157669,315.2964682975433,-1.9636954849474637,-9908.35236924309,359
19,3,y_money,n_structures,119.46003757875238,337.7681229760569,0.3536746941250594,1719.5352933710556,359
19,3,y_money,n_money,-813.0975673118369,291.8189852195128,-2.786307980271423,-5717.89358524634,359
19,3,y_money,n_output_per_day,-68.84869360026046,196.41283249786048,-0.3505305265683719,-754.2864096028824,359
19,3,y_money,n_revenue_per_day,-1292.54256950426,194.28462282719582,-6.652830011430687,-4139.03845652745,359
19,3,y_money,n_shed,-239.03973126171184,212.5353742969641,-1.1247056263100683,-10708.897185254458,359
19,3,y_money,n_labour,-817.7649459691136,232.60992848036352,-3.5156063686170116,-36260.00611671291,359
19,3,y_money,n_quadrants,2683.9011059998124,315.35874113615324,8.510628550616463,186571.07718583662,359
19,3,y_money,n_melon_tiles,773.7743110892199,218.5665871812871,3.5402223234030883,32442.515300552346,359
20,3,y_money,n_dry_plants,1094.63359087391,190.6492249880183,5.7416104940510735,2432.1353283192825,359
20,3,y_money,n_unfed,96.5247362246799,164.80548861216016,0.585688844695175,106.32578264695209,359
20,3,y_money,n_weeds,-99.80817125019755,168.9401717155165,-0.5907900426327705,-409.7270642746475,359
20,3,y_money,n_planted,-388.23564991634873,176.1439849193046,-2.204081224199668,-8613.844291021062,359
20,3,y_money,n_empty,-89.89445464772004,181.84336215216356,-0.49435103697927574,-181.0947236419318,359
20,3,y_money,n_animals,-958.3951326091865,297.3420813090845,-3.2232071840949517,-14599.115909098178,359
20,3,y_money,n_structures,-131.90241418063437,314.39260400201493,-0.4195468102671684,-1815.3854438144435,359
20,3,y_money,n_money,25.142374867662916,263.8390428585828,0.09529436809372895,179.510882360988,359
20,3,y_money,n_output_per_day,-293.60877113309874,193.94654313429533,-1.5138644205160894,-3240.6186840622495,359
20,3,y_money,n_revenue_per_day,-748.7800996584318,170.80312879429658,-4.383878122983394,-2435.3092031260026,359
20,3,y_money,n_shed,-164.7094598644024,186.38335222892678,-0.8837133676085873,-7378.926765925487,359
20,3,y_money,n_labour,-294.2708997965272,198.33015029353638,-1.4837426350002496,-11157.306414741412,359
20,3,y_money,n_quadrants,2325.90627035874,289.4645749399861,8.035201788823256,161685.10729551158,359
20,3,y_money,n_melon_tiles,372.2622029017403,183.04307690348176,2.033740959774367,15608.068192980476,359
21,3,y_money,n_dry_plants,534.4440494975585,209.99936567372626,2.544979351642035,1181.7699598906868,359
21,3,y_money,n_unfed,139.6483254237759,193.63670101393797,0.7211872785093772,136.15234605183522,359
21,3,y_money,n_weeds,-155.38335524841264,191.37789466338168,-0.811919033395782,-453.60941871507225,359
21,3,y_money,n_planted,-202.21535889648138,190.20335639512442,-1.0631534728356922,-4628.661018966788,359
21,3,y_money,n_empty,-73.51972380780195,206.91173367057797,-0.3553192586209342,-145.70147360608138,359
21,3,y_money,n_animals,-1302.6973010530062,198.6195570783806,-6.558756449844095,-19174.072015521306,359
21,3,y_money,n_structures,-645.9969852617296,293.16274256241235,-2.20354394155049,-7602.51680186695,359
21,3,y_money,n_money,-332.0357410266301,292.9984713582621,-1.1332336973889374,-2487.6548575009006,359
21,3,y_money,n_output_per_day,-597.7484572548769,207.9244876354425,-2.8748343403539818,-6655.679394928355,359
21,3,y_money,n_revenue_per_day,-715.0522775647086,193.52650490091253,-3.694854500321919,-1980.5092806379666,359
21,3,y_money,n_shed,-203.9271297959619,212.99238858281933,-0.9574385786873669,-9135.864798467468,359
21,3,y_money,n_labour,102.79172982601933,223.51863537582508,0.4598799095797311,4349.869409632796,359
21,3,y_money,n_quadrants,2019.6372273773063,345.9927301910823,5.837224459201545,140394.8499421449,359
21,3,y_money,n_melon_tiles,456.42072415722697,206.72585415010138,2.2078550650264814,19136.634694057,359
22,3,y_money,n_dry_plants,-4.049020588574846,181.3353672880102,-0.02232890720178096,-8.236230058368742,359
22,3,y_money,n_unfed,88.07353322600893,178.81378506393375,0.4925433080817499,90.8107458662318,359
22,3,y_money,n_weeds,-124.18609711348387,183.79749064002118,-0.6756680773009577,-346.1945883988857,359
22,3,y_money,n_planted,97.19078639637797,189.4572957702493,0.5129957439814781,2088.668970222739,359
22,3,y_money,n_empty,-152.01690800300392,189.16099639566423,-0.8036376996293317,-307.83702861825907,359
22,3,y_money,n_animals,-939.9263744315625,190.8219552710849,-4.9256720648118675,-12731.319995855052,359
22,3,y_money,n_structures,-135.2107786238547,287.8887457868422,-0.46966330085013847,-1591.2492468751864,359
22,3,y_money,n_money,-318.583822487108,271.9697774020988,-1.1713942097915233,-2446.838545896317,359
22,3,y_money,n_output_per_day,-189.22912298558612,246.77767379309836,-0.7668000110262742,-1716.7703317401736,359
22,3,y_money,n_revenue_per_day,-517.7126949148005,187.37759233031,-2.762938131909468,-1562.1853881911409,359
22,3,y_money,n_shed,193.2978201619589,205.24811518177697,0.9417763470849203,8659.675407607803,359
22,3,y_money,n_labour,-373.4934326494575,190.6366692142325,-1.9591898777340435,-11342.853767723722,359
22,3,y_money,n_quadrants,1724.8778705748746,311.96655674182057,5.529047371582079,119904.68710183128,359
22,3,y_money,n_melon_tiles,172.28590105812464,188.55110766930557,0.9137358204243063,7223.53779525148,359
23,3,y_money,n_dry_plants,-561.7758771211437,241.7110239392428,-2.324163242394577,-2305.853700501244,359
23,3,y_money,n_unfed,64.684540213336,186.18600210044505,0.347418922387299,64.20105730420532,359
23,3,y_money,n_weeds,-378.7561401915583,189.4842185318307,-1.9988796065775398,-1026.510838729261,359
23,3,y_money,n_planted,493.68720050875834,188.470895308354,2.619434686194095,11790.253792946787,359
23,3,y_money,n_empty,379.7202634838268,198.97556672507739,1.908376338530462,692.3558394627383,359
23,3,y_money,n_animals,-314.6703096020882,216.34322431525285,-1.4544957929606996,-4210.544463182561,359
23,3,y_money,n_structures,546.0092531344674,293.9408881335198,1.8575478103830452,6425.795500032856,359
23,3,y_money,n_money,-561.4747605735386,273.8310921604925,-2.050441957279482,-4366.096217006046,359
23,3,y_money,n_output_per_day,250.59076217630627,242.5159378513981,1.0332960563188058,2353.025943661391,359
23,3,y_money,n_revenue_per_day,10.823758570899308,209.58903739929406,0.05164277056284512,26.572502997064984,359
23,3,y_money,n_shed,114.1655542026081,208.55569700391763,0.5474103840973644,5114.577294745951,359
23,3,y_money,n_labour,-208.45758074938945,195.95110445628615,-1.0638244746198575,-6345.279072295054,359
23,3,y_money,n_quadrants,2094.704942744053,348.89016391582413,6.003909423051081,145613.17355568818,359
23,3,y_money,n_melon_tiles,216.32915001397606,194.6038842277189,1.111638397519522,9070.166402144441,359
24,3,y_money,n_dry_plants,160.89436227632174,256.0462635903555,0.6283800435913963,218.04458174074313,359
24,3,y_money,n_unfed,72.50110401188918,189.9855692954961,0.3816137419317559,78.5094628523157,359
24,3,y_money,n_weeds,-306.90920271373614,197.03942023775443,-1.5576030539645778,-724.9953155815001,359
24,3,y_money,n_planted,315.7362891420557,202.34418580446396,1.560392199493039,7099.011786550263,359
24,3,y_money,n_empty,544.4817245225973,198.81173783677218,2.7386799715498995,989.3643659433543,359
24,3,y_money,n_animals,-925.497444784465,211.96473499555404,-4.366280290935553,-12115.018136237471,359
24,3,y_money,n_structures,9.865849275756029,295.5711550493011,0.033378931290201204,116.1077939910714,359
24,3,y_money,n_money,-431.3271628542394,272.7650395646439,-1.5813139526336442,-3378.6089101289335,359
24,3,y_money,n_output_per_day,-135.77809161501187,229.5699861515344,-0.5914453099517442,-1382.065579249847,359
24,3,y_money,n_revenue_per_day,-667.0304748959611,224.4766924317997,-2.971491016149116,-1488.7630484790043,359
24,3,y_money,n_shed,594.460665061001,211.68310635317056,2.8082574717568964,26631.631943421296,359
24,3,y_money,n_labour,33.23666300354996,243.80362105031713,0.13632555111513478,1499.857056363263,359
24,3,y_money,n_quadrants,2437.999195259455,365.3701300219119,6.672683383048428,169477.23409812967,359
24,3,y_money,n_melon_tiles,67.76306997375129,212.77778964760603,0.31846871840325885,2841.1442495954598,359
25,3,y_money,n_dry_plants,-1386.776696868755,425.3592402240346,-3.2602481990007943,-6424.233816175118,359
25,3,y_money,n_unfed,-558.808417377587,315.9439117123992,-1.768695001428814,-1549.501311918405,359
25,3,y_money,n_weeds,-352.9286418282278,266.88758140637367,-1.3223869015128304,-823.8642012670842,359
25,3,y_money,n_planted,384.63887097997343,263.40936231350105,1.4602323455845472,8507.173801139425,359
25,3,y_money,n_empty,1675.6080548484233,259.59339982068445,6.4547405904998305,3055.9391482946576,359
25,3,y_money,n_animals,5248.115611728143,1831.3545156026748,2.865701625226319,43426.12182901665,359
25,3,y_money,n_structures,-4287.901688277148,1620.5613487941737,-2.6459360464617325,-50462.84328505505,359
25,3,y_money,n_money,151.07131821855242,340.9942745713818,0.4430318321574282,1171.0138723701812,359
25,3,y_money,n_output_per_day,-261.2360892841239,269.3455748404837,-0.9698918923722339,-2824.0511286622013,359
25,3,y_money,n_revenue_per_day,-438.00442248288573,287.53563199644805,-1.5233048490084056,-994.9294740266304,359
25,3,y_money,n_shed,215.5607410894969,284.2165456731644,0.7584383962550216,9657.046555902103,359
25,3,y_money,n_labour,317.54610559664366,288.3121977978634,1.101396708228336,12122.401381428788,359
25,3,y_money,n_quadrants,1841.6897793603898,573.0565886381836,3.2138008983318676,128024.85352731089,359
25,3,y_money,n_melon_tiles,752.5934683300871,283.35797592655365,2.6559812402286473,31554.45297353549,359
0,3,y_plants,n_dry_plants,-1.3072853598032943,0.2471172904141871,-5.290141202229055,-6.055990726410222,359
0,3,y_plants,n_unfed,-0.4032609579429848,0.1643216703304025,-2.4540948076546796,-1.118188924766883,359
0,3,y_plants,n_weeds,-0.2998311961374485,0.1484992321473398,-2.0190757339402157,-1.2100030112824205,359
0,3,y_plants,n_planted,-0.1896890192876813,0.17160826087743886,-1.105360652906771,-3.062146486835645,359
0,3,y_plants,n_empty,-3.0511049467580036,0.19119716783959353,-15.957898232665002,-1.452547491782217,359
0,3,y_plants,n_animals,0.7164273366620122,0.978705957347549,0.732014893016127,5.928158429664959,359
0,3,y_plants,n_structures,-2.1180147103332665,0.8929919039175919,-2.371818491345162,-24.92618818551622,359
0,3,y_plants,n_money,0.9476181586261346,0.16266590548248663,5.825548727100404,1.8607556272879346,359
0,3,y_plants,n_output_per_day,-0.8239828115344886,0.21448792134656683,-3.841628033697561,-9.059305812014568,359
0,3,y_plants,n_revenue_per_day,-0.1943450685791236,0.12950142720912036,-1.5007175810139373,-1.3423809375414977,359
0,3,y_plants,n_shed,-0.037400052937794075,0.1451356784355983,-0.25769027534046196,-1.675509420630205,359
0,3,y_plants,n_labour,0.3648138098411492,0.1402902912688289,2.6004209310684296,11.422246881011912,359
0,3,y_plants,n_quadrants,1.0507262013696483,0.3440923790051731,3.0536166026328986,73.04111123121662,359
0,3,y_plants,n_melon_tiles,-0.5744763564190662,0.1534733094960657,-3.74316784009791,-3.268776840723186,359
1,3,y_plants,n_dry_plants,-0.7985801139443003,0.13516113942774605,-5.908355887834183,-3.699417061528171,359
1,3,y_plants,n_unfed,-2.134125408605754,0.1140517737841705,-18.711900199328195,-1.1983405844289854,359
1,3,y_plants,n_weeds,0.1368241603133232,0.0794232920006008,1.7227208400312617,0.5521695144737869,359
1,3,y_plants,n_planted,1.324239087772577,0.09542885164097863,13.876716160796052,16.055353526419264,359
1,3,y_plants,n_empty,-0.12539656401819171,0.0856979781823322,-1.463238301274696,-0.2768879866892135,359
1,3,y_plants,n_animals,-0.5387042212320472,0.12300819003935097,-4.379417509189533,-5.932948614299064,359
1,3,y_plants,n_structures,-0.15889329742611608,0.13483023282082393,-1.178469354401172,-2.0216607707576335,359
1,3,y_plants,n_money,0.37874977226515705,0.09718763694032378,3.897098274935125,0.6461355467301074,359
1,3,y_plants,n_output_per_day,-0.3609648854069472,0.1049380267699457,-3.4397910511342658,-4.429307373313029,359
1,3,y_plants,n_revenue_per_day,0.015777162849038774,0.08017553219476693,0.19678276423176086,0.09087598023125776,359
1,3,y_plants,n_shed,0.05323802210372272,0.07744699047897624,0.687412406530822,1.5156882159659208,359
1,3,y_plants,n_labour,-0.27335134924865057,0.07353524435761735,-3.7172834827240866,-3.1431342900043755,359
1,3,y_plants,n_quadrants,-0.93172414735592,0.1385775142857148,-6.72348722776857,-64.76869711169653,359
1,3,y_plants,n_melon_tiles,-0.09619695477977487,0.07908479671425041,-1.216377341492755,-0.5761899689813296,359
2,3,y_plants,n_dry_plants,-0.43675617632072783,0.17023684223268695,-2.5655796394751667,-1.5842930930018106,359
2,3,y_plants,n_unfed,-0.31210803904874007,0.1589808501411544,-1.9631800859765725,-0.45601692999715115,359
2,3,y_plants,n_weeds,-0.4044455569048685,0.15434891501849204,-2.62033300886121,-1.6516480695011484,359
2,3,y_plants,n_planted,0.345935071879254,0.22747389130369228,1.5207682512337577,3.97696213446462,359
2,3,y_plants,n_empty,1.5039222995574517,0.1628110643811748,9.23722417314621,2.782193516900694,359
2,3,y_plants,n_animals,-0.5796036627428307,0.3396502382308371,-1.7064721219153498,-5.533188652794338,359
2,3,y_plants,n_structures,-1.3545288265066189,0.3367486031866298,-4.022374001521616,-17.494176189927167,359
2,3,y_plants,n_money,-0.3741841731863739,0.14246733459191419,-2.6264559118635393,-0.9169911368329874,359
2,3,y_plants,n_output_per_day,-0.560017171243915,0.21272950578776137,-2.632531717544815,-6.770011036124727,359
2,3,y_plants,n_revenue_per_day,-0.38532606963411536,0.15030374288523654,-2.563649196203508,-2.64488667719815,359
2,3,y_plants,n_shed,-0.054117841875967417,0.17978804148880895,-0.3010091295718132,-0.9293522407437388,359
2,3,y_plants,n_labour,-0.018852129497468933,0.16914463270234664,-0.11145567669678345,-0.42193702555559726,359
2,3,y_plants,n_quadrants,0.04774282541392796,0.2508915012091369,0.19029271690686217,3.3188370262449225,359
2,3,y_plants,n_melon_tiles,0.2245448067649721,0.1539080481952186,1.4589542873037873,1.4836906957867197,359
3,3,y_plants,n_dry_plants,-0.07638874518426654,0.21826296963524747,-0.3499849072516718,-0.2570283288911317,359
3,3,y_plants,n_unfed,0.3936837891861813,0.3433423099543659,1.1466218341645875,0.22033554572450173,359
3,3,y_plants,n_weeds,0.6395790655967635,0.18711827330795977,3.4180470687870366,2.6118707721017542,359
3,3,y_plants,n_planted,0.6263415069175673,0.26962231693355293,2.3230328781423757,5.87739652826343,359
3,3,y_plants,n_empty,0.17467928625533613,0.23084506740445818,0.7566949045928051,0.30376263422270816,359
3,3,y_plants,n_animals,-1.6385181768491188,0.5822189499136247,-2.8142645942599462,-9.40911856745022,359
3,3,y_plants,n_structures,-0.7262973790959245,0.554906408907785,-1.3088646435450009,-4.671599866283063,359
3,3,y_plants,n_money,-0.06870645480727294,0.20353512717405728,-0.33756558762712835,-0.160335468028781,359
3,3,y_plants,n_output_per_day,0.4408155606449428,0.24817872639901434,1.7762020421372167,5.28362178687239,359
3,3,y_plants,n_revenue_per_day,0.1338423494323292,0.186076260721286,0.7192876131190358,0.8883153806416764,359
3,3,y_plants,n_shed,0.28618544065208457,0.19748579449027062,1.4491444379113751,9.309238198392318,359
3,3,y_plants,n_labour,-0.559589097064217,0.17913695585422187,-3.1238059974603987,-10.955863819272478,359
3,3,y_plants,n_quadrants,2.257041728382892,0.3185009294356264,7.086452565090778,156.8979965679138,359
3,3,y_plants,n_melon_tiles,-1.725179359947237,0.19926930246569413,-8.657526967778898,-11.962714152638709,359
4,3,y_plants,n_dry_plants,-0.7710414396019252,0.1617335311145495,-4.7673567397463605,-2.765641012928122,359
4,3,y_plants,n_unfed,0.3517438497070627,0.20458348763167764,1.719316909585223,0.2223104035354047,359
4,3,y_plants,n_weeds,0.5031479417896926,0.12294067356986277,4.092607655218122,2.0602840314444295,359
4,3,y_plants,n_planted,2.093885551361785,0.22201378543567776,9.431331244826819,17.88983479165939,359
4,3,y_plants,n_empty,0.12157103009200618,0.130242215096686,0.9334226233925559,0.20714933379681133,359
4,3,y_plants,n_animals,-4.3458358165773925,0.5525353185531952,-7.865263397020291,-20.345448287367862,359
4,3,y_plants,n_structures,3.4498556626890875,0.5859048313613172,5.888081951250581,15.513163779545993,359
4,3,y_plants,n_money,0.13873003652360216,0.14954416212442306,0.9276860731492589,0.2525834373114217,359
4,3,y_plants,n_output_per_day,-0.21613332989831985,0.13315132016609446,-1.6232158241368744,-2.4859175730512177,359
4,3,y_plants,n_revenue_per_day,-0.13929940614136915,0.15581688202103558,-0.8939943113645636,-0.6542291250414027,359
4,3,y_plants,n_shed,0.37723901060364207,0.2396948432390271,1.5738303148535155,1.326977456036084,359
4,3,y_plants,n_labour,0.1890940393162549,0.15520024175128808,1.2183875307313143,1.4435191026182261,359
4,3,y_plants,n_quadrants,1.8867028870360547,0.23610054346122772,7.991099297684962,131.15393453843942,359
4,3,y_plants,n_melon_tiles,-0.8321504518864948,0.12394885485291834,-6.713659862964858,-34.89008795043374,359
5,3,y_plants,n_dry_plants,1.2104189591037475,0.6794675425741056,1.7814227807235312,5.681715644894106,359
5,3,y_plants,n_unfed,2.7362173557773324,0.47657418703561144,5.741430044285784,2.2075126285581903,359
5,3,y_plants,n_weeds,-0.5311717484317625,0.46210624455220617,-1.1494580622828041,-2.1628221088181334,359
5,3,y_plants,n_planted,3.0319344215898694,0.5159369233123471,5.876560262686109,53.360143488344875,359
5,3,y_plants,n_empty,0.10658337177679704,0.44098826972256977,0.24169207912004037,0.21744982842776184,359
5,3,y_plants,n_animals,-11.842712614584485,3.7661891737852913,-3.1444816147357,-37.94317245293108,359
5,3,y_plants,n_structures,5.043495302385827,3.951365554263086,1.2763929920238468,15.38736303878265,359
5,3,y_plants,n_money,-0.6644559628943875,0.5576206572490806,-1.1915913699688947,-1.337017284979838,359
5,3,y_plants,n_output_per_day,0.3830829687837362,0.5293258269443614,0.7237186422494418,4.252891954347122,359
5,3,y_plants,n_revenue_per_day,-0.39896349858967,0.45952038578040116,-0.8682171910874255,-2.1271064776543795,359
5,3,y_plants,n_shed,0.8404017369742647,0.43100921301195955,1.9498463411058116,9.834803003757294,359
5,3,y_plants,n_labour,-0.09503693104884642,0.43897326172677176,-0.2164982228644255,-2.165606962274103,359
5,3,y_plants,n_quadrants,2.566032138515552,0.7535116350677773,3.405431341859427,178.3774294462979,359
5,3,y_plants,n_melon_tiles,0.08790773392257653,0.4430708527007888,0.19840558995638044,3.6857620651756564,359
6,3,y_plants,n_dry_plants,-0.5850767992364112,0.30203856259866635,-1.9370930460089357,-1.9621426391146901,359
6,3,y_plants,n_unfed,0.8004740779897372,0.2714387274867318,2.9490046810982977,1.4776481129331709,359
6,3,y_plants,n_weeds,0.33274689011314945,0.2670463058535668,1.24602693547691,1.3462163176713307,359
6,3,y_plants,n_planted,-1.1467969283597377,0.4096266259297214,-2.799615200200611,-21.41007234990092,359
6,3,y_plants,n_empty,0.5311229204915665,0.41551510843593453,1.2782276978827516,0.4681451969988851,359
6,3,y_plants,n_animals,-0.4067766497719619,0.49612240064591856,-0.8199118790894456,-4.696063581637875,359
6,3,y_plants,n_structures,-0.21394295312989506,0.5389194985919531,-0.3969849925431693,-2.5247726989311112,359
6,3,y_plants,n_money,0.4980287633786164,0.30616138806121274,1.6266870441515062,1.024167948510831,359
6,3,y_plants,n_output_per_day,0.4813960591592767,0.3727740687627342,1.2913882683875173,5.044973759654467,359
6,3,y_plants,n_revenue_per_day,0.11667111718927631,0.3687949234759476,0.31635770929174806,0.49234243841507874,359
6,3,y_plants,n_shed,-0.584578607917874,0.33199355719748797,-1.7608131099066315,-2.6369059470132763,359
6,3,y_plants,n_labour,0.4382178079885394,0.351704764150844,1.2459820072286267,4.939931862128252,359
6,3,y_plants,n_quadrants,7.5124728866154715,0.5695592575326934,13.189975910775615,522.2286900407641,359
6,3,y_plants,n_melon_tiles,-1.380896211519969,0.3299091216908814,-4.185686665595875,-57.897691650745095,359
7,3,y_plants,n_dry_plants,-1.2992125216222965,0.3361250103254985,-3.8652658436935656,-3.0224284498846097,359
7,3,y_plants,n_unfed,1.8240078303382075,0.3772388975884342,4.8351531138450925,1.1789438922162718,359
7,3,y_plants,n_weeds,0.5560440435214182,0.30686031221540117,1.8120428787516258,2.2152296435368344,359
7,3,y_plants,n_planted,1.178304070993206,0.3080696976349737,3.824797050923708,32.45341232491842,359
7,3,y_plants,n_empty,-0.7634151193933609,0.2890592525269739,-2.641033326972026,-1.4407765767016276,359
7,3,y_plants,n_animals,-5.694221351529883,0.6349226689872023,-8.968369897097906,-42.47736482460678,359
7,3,y_plants,n_structures,4.619875628935353,0.5085804413927132,9.083864130292026,45.84369504488795,359
7,3,y_plants,n_money,0.6504197167032746,0.31511980300989706,2.0640394874924652,1.3275394498411988,359
7,3,y_plants,n_output_per_day,2.7994260909551367,0.335291592372876,8.349228416804172,30.34593915045388,359
7,3,y_plants,n_revenue_per_day,0.07153304490535019,0.3067380874908359,0.2332056168521534,0.45761586965437395,359
7,3,y_plants,n_shed,0.5900402738519012,0.3119934699091701,1.8911943061618506,3.322700292470013,359
7,3,y_plants,n_labour,0.5390442381423023,0.3587515164617842,1.50255598487407,18.708209184166257,359
7,3,y_plants,n_quadrants,7.10593702537256,0.48309421332719993,14.709215778909995,493.96839632979044,359
7,3,y_plants,n_melon_tiles,-0.7787735787893811,0.3492940327489875,-2.2295645094774055,-32.65212269708859,359
8,3,y_plants,n_dry_plants,-0.32818904802190824,0.4222764083078246,-0.7771901095234048,-0.7832603523895006,359
8,3,y_plants,n_unfed,-1.4212992724395954,0.5738322846739704,-2.476854841388235,-1.124944666016715,359
8,3,y_plants,n_weeds,-1.966562114417865,0.40175819804986496,-4.894889821697631,-6.635572726561405,359
8,3,y_plants,n_planted,2.206167266583875,0.45794021046926925,4.8175880085374665,50.47588813940527,359
8,3,y_plants,n_empty,-10.226230158840787,0.5733569282803176,-17.83571394089987,-7.674287188731208,359
8,3,y_plants,n_animals,2.193437654894446,1.054528151864483,2.0800181114333345,23.6435460100623,359
8,3,y_plants,n_structures,-1.9397947266275346,1.1071786485035477,-1.7520160176944732,-21.731049983144043,359
8,3,y_plants,n_money,-1.2131715026960104,0.5224404676834873,-2.322123912175563,-2.2385828092294395,359
8,3,y_plants,n_output_per_day,2.462400561800433,0.4735637729738519,5.199723252345141,27.319242183651983,359
8,3,y_plants,n_revenue_per_day,1.4781146342633282,0.47916540012949604,3.084769129540369,6.453128931477745,359
8,3,y_plants,n_shed,0.8403712517681449,0.4591247710823953,1.830376631143107,3.4422318195350616,359
8,3,y_plants,n_labour,-0.4583883305638822,0.5578912697220959,-0.8216445666773394,-6.345208440601345,359
8,3,y_plants,n_quadrants,-4.250072040836961,0.4682586287580165,-9.076334700141285,-88.49452806474939,359
8,3,y_plants,n_melon_tiles,0.35464497559665553,0.4806300228176166,0.7378752028797663,14.869419780636608,359
9,3,y_plants,n_dry_plants,-0.8940715357272314,0.4766102569975196,-1.8758965477570166,-2.648154119504301,359
9,3,y_plants,n_unfed,3.4242046567881173,0.5635150521035034,6.0765096584486225,2.491606920022933,359
9,3,y_plants,n_weeds,-3.0324378137701697,0.43929957189795593,-6.902892713208856,-10.11142166749353,359
9,3,y_plants,n_planted,10.34714852126533,1.4482789572178951,7.144444424672112,73.27590037736664,359
9,3,y_plants,n_empty,1.3555335156767185,0.6249488279526308,2.1690312151116853,1.2501715119484718,359
9,3,y_plants,n_animals,3.727259310918863,1.060341350818934,3.5151503881652704,49.945560594043535,359
9,3,y_plants,n_structures,-7.331039046580411,1.101364796131753,-6.656322294237759,-102.02973777737044,359
9,3,y_plants,n_money,-0.4700679708987812,0.5920955487119387,-0.7939055983808362,-0.7090814791761639,359
9,3,y_plants,n_output_per_day,2.950471953434752,0.4772527271156621,6.182200301434225,34.38821926992932,359
9,3,y_plants,n_revenue_per_day,0.8099484562653634,0.5658127148542591,1.431478005003808,2.821929301449353,359
9,3,y_plants,n_shed,0.5425714140618317,0.45192115785285863,1.2005886527633831,3.5920828642640896,359
9,3,y_plants,n_labour,-1.5319688587625178,0.5508110031077716,-2.781296760810664,-65.67067143947838,359
9,3,y_plants,n_quadrants,3.371813146737671,1.6934922611940335,1.9910413670035318,18.218489863756375,359
9,3,y_plants,n_melon_tiles,0.9123707555406186,0.4857215932885749,1.878382118784175,38.25353436034406,359
10,3,y_plants,n_dry_plants,0.15214436057448996,0.33209717359768426,0.45813205492318854,0.2599145929648331,359
10,3,y_plants,n_unfed,0.5827675022881508,0.3964688675900221,1.469894738092715,0.46253409686648134,359
10,3,y_plants,n_weeds,-1.7669075163516228,0.32662106761370835,-5.409655688350537,-5.35325812973781,359
10,3,y_plants,n_planted,9.752465907427524,1.0868279689936837,8.973329897331896,43.40590779425227,359
10,3,y_plants,n_empty,3.7305579864043925,0.47269587933153284,7.892089077823134,3.952710981077019,359
10,3,y_plants,n_animals,2.352965464859478,0.9036888521843517,2.6037340829999254,33.43211638067141,359
10,3,y_plants,n_structures,-3.6331298325492014,0.8681554484448398,-4.1848839848409245,-44.22542342000732,359
10,3,y_plants,n_money,2.20338203010793,0.4650186238027416,4.738266205532862,6.6052175879944475,359
10,3,y_plants,n_output_per_day,1.1356538423903455,0.6780951692528832,1.6747705836654092,6.232782521250361,359
10,3,y_plants,n_revenue_per_day,0.6847586924014983,0.38986122906732396,1.75641649219561,1.832553159174926,359
10,3,y_plants,n_shed,-0.5437205445735244,0.3255527640942268,-1.6701456861725552,-1.7105939688013225,359
10,3,y_plants,n_labour,-0.7790121431344147,0.3282982103478772,-2.372879652036312,-12.267957991892635,359
10,3,y_plants,n_quadrants,3.2079739883581775,1.0128642457929948,3.167229963623191,19.024818703705034,359
10,3,y_plants,n_melon_tiles,0.306741702264043,0.33435744887629865,0.9174065159754448,12.860949538387086,359
11,3,y_plants,n_dry_plants,-0.0681730849472292,0.22695492695143302,-0.3003816037966774,-0.15365406001440024,359
11,3,y_plants,n_unfed,0.00020022688554364006,0.21424713750499308,0.0009345603767470346,0.00023613580249462148,359
11,3,y_plants,n_weeds,-0.6224682787543229,0.2496404262018316,-2.493459445751242,-2.159159951191558,359
11,3,y_plants,n_planted,0.7223269831208697,0.22366574782945264,3.229493072276991,12.774505861584576,359
11,3,y_plants,n_empty,3.0554326838523207,0.313813481869887,9.73646086091088,4.091869472812248,359
11,3,y_plants,n_animals,-0.02153342833168605,0.5331868231954932,-0.040386272493817446,-0.32046917963486804,359
11,3,y_plants,n_structures,-0.09196725449016974,0.5258878724105488,-0.1748799683640032,-1.2318069165296759,359
11,3,y_plants,n_money,0.48061641288855295,0.36094191813907733,1.3315616411817341,1.7362779105818518,359
11,3,y_plants,n_output_per_day,0.9935328117662888,0.25173315069330615,3.9467698593926506,8.752263723085814,359
11,3,y_plants,n_revenue_per_day,-0.317719184209415,0.2073149488547813,-1.5325435332305388,-0.9901578827748025,359
11,3,y_plants,n_shed,0.1978447491950308,0.2194850738359027,0.9014041170879291,8.863376253767576,359
11,3,y_plants,n_labour,0.1371571670826658,0.24157832779984217,0.567754435308064,2.5923851773061246,359
11,3,y_plants,n_quadrants,-0.5744312126776385,0.2365427988584671,-2.4284451500945643,-18.37076197433328,359
11,3,y_plants,n_melon_tiles,0.0389352116145188,0.2713616902988572,0.14348087075828025,1.6324607581714117,359
12,3,y_plants,n_dry_plants,-0.14236803564225742,0.1485284293752921,-0.9585238074694172,-0.307819490531177,359
12,3,y_plants,n_unfed,0.16187173044434697,0.19178222005750112,0.8440392983031157,0.11632926301879015,359
12,3,y_plants,n_weeds,-0.3418122537706064,0.17059349667143825,-2.003665206704416,-1.1777824413950697,359
12,3,y_plants,n_planted,0.8848145156084204,0.17230304049279296,5.135222878701494,17.277559869415335,359
12,3,y_plants,n_empty,1.5591368173005928,0.16017331009132132,9.734061289060365,3.5017674607500684,359
12,3,y_plants,n_animals,-0.27294689161202984,0.39761661540437515,-0.6864574593655839,-4.257971493559893,359
12,3,y_plants,n_structures,0.2044132175497848,0.3773221185528042,0.5417472432673683,2.865832896155254,359
12,3,y_plants,n_money,0.1913668659499471,0.2141722211418534,0.8935186128699596,0.773929055531888,359
12,3,y_plants,n_output_per_day,0.6493727865722531,0.15219933327956237,4.266594160300781,7.319144670211216,359
12,3,y_plants,n_revenue_per_day,-0.06078508203585561,0.14996997835443848,-0.405315001727855,-0.2232278106190364,359
12,3,y_plants,n_shed,0.09251238351301724,0.14422704038004866,0.6414357756301484,3.4242267558258095,359
12,3,y_plants,n_labour,-0.12082329264256086,0.17635206036339096,-0.6851254949536311,-2.2272247678790853,359
12,3,y_plants,n_quadrants,-0.757491240834919,0.16671609200283827,-4.54360003125567,-24.225165652392786,359
12,3,y_plants,n_melon_tiles,-0.16402505865696324,0.1777206545706263,-0.922937511417839,-6.877180333968137,359
13,3,y_plants,n_dry_plants,0.05033251693002022,0.1297784011715476,0.3878343119937822,0.1216841416610329,359
13,3,y_plants,n_unfed,-0.030441297020781112,0.13554433703323743,-0.2245855318420014,-0.030592440141833436,359
13,3,y_plants,n_weeds,0.08139881793462651,0.16236986971526501,0.5013172584135781,0.3386102301959022,359
13,3,y_plants,n_planted,0.26380182554201226,0.1533304311170527,1.720479252684195,5.725215517058035,359
13,3,y_plants,n_empty,0.693313458280166,0.13542592197858552,5.119503328098423,1.9125236377509163,359
13,3,y_plants,n_animals,-1.3679139161630922,0.3795490211885615,-3.6040507017498196,-22.056345750903173,359
13,3,y_plants,n_structures,0.7135639548208904,0.36139985717487366,1.974444484839993,10.533815955683234,359
13,3,y_plants,n_money,-0.24949212401784684,0.2417864783882459,-1.0318696301007688,-1.033875124547268,359
13,3,y_plants,n_output_per_day,0.6013208613678198,0.13644556760090124,4.407038439875624,7.439442580754498,359
13,3,y_plants,n_revenue_per_day,-0.23790945094928778,0.17086767511597167,-1.3923607890597995,-0.6000094670816465,359
13,3,y_plants,n_shed,-0.10880984087007156,0.14451212659901047,-0.7529460913131191,-4.8746431920379925,359
13,3,y_plants,n_labour,-0.010524312178486973,0.1518810157218146,-0.06929313797692341,-0.4250044198326883,359
13,3,y_plants,n_quadrants,-0.29687388405696274,0.18911901100236034,-1.569772824442581,-20.637153959596965,359
13,3,y_plants,n_melon_tiles,-0.1420001268676104,0.1531802065367205,-0.9270135488005757,-5.953727362824836,359
14,3,y_plants,n_dry_plants,0.24934674861277237,0.14619932518650317,1.7055259885412355,0.5037135415367084,359
14,3,y_plants,n_unfed,-0.11114974659842601,0.14139446829864824,-0.7860968532634499,-0.15850882534686708,359
14,3,y_plants,n_weeds,0.2778824685710245,0.15675253762497646,1.7727462201335844,1.2090763286220827,359
14,3,y_plants,n_planted,0.2641784067230641,0.1487952560571037,1.7754491219913582,6.172123666973711,359
14,3,y_plants,n_empty,0.4316617135152858,0.14474216817033306,2.982280277902877,1.3048506556583743,359
14,3,y_plants,n_animals,-1.8167479476945714,0.3877726850549079,-4.68508489048764,-29.960340101019725,359
14,3,y_plants,n_structures,1.2072673967491636,0.3751133172417185,3.2184071885968666,18.064025511868454,359
14,3,y_plants,n_money,-0.6075878821139652,0.23962244026910076,-2.5356051020581876,-2.9978293293386726,359
14,3,y_plants,n_output_per_day,0.6776154065413889,0.14657466318261136,4.623005039398764,8.832959835134574,359
14,3,y_plants,n_revenue_per_day,-0.4024099046085663,0.17820799857309708,-2.2580911509620396,-1.0023205439741232,359
14,3,y_plants,n_shed,-0.05528692233857626,0.15595156960900994,-0.35451340744557736,-2.4768349758758057,359
14,3,y_plants,n_labour,0.2185803593374699,0.15214975715988865,1.4366132645730858,4.795087825571823,359
14,3,y_plants,n_quadrants,-0.4419631703715826,0.2122130441281844,-2.0826390394014647,-30.72301903686438,359
14,3,y_plants,n_melon_tiles,-0.050023748179393944,0.15512609543594547,-0.3224715225301968,-2.097376705898211,359
15,3,y_plants,n_dry_plants,0.2959812890334187,0.2278237938440954,1.2991675892991446,0.4619066308148417,359
15,3,y_plants,n_unfed,0.175633059266096,0.18973878462023183,0.9256571323445077,0.1901961937502124,359
15,3,y_plants,n_weeds,-0.03593583435989517,0.24577424299076764,-0.14621481048054769,-0.1378637404127954,359
15,3,y_plants,n_planted,0.8186249582194619,0.23215531028987446,3.526195275039403,18.71287786486336,359
15,3,y_plants,n_empty,-0.6236315483917616,0.2094196136174732,-2.9779042068661714,-1.8372475210388488,359
15,3,y_plants,n_animals,-2.948824705558617,0.5297589475089777,-5.566351865172875,-50.403958223370694,359
15,3,y_plants,n_structures,2.5587621967426974,0.5636417756015776,4.5396957917317575,37.086215164286415,359
15,3,y_plants,n_money,-0.5972402301884239,0.30039024167651224,-1.9882144867794571,-3.6805406287242324,359
15,3,y_plants,n_output_per_day,0.2306450379032141,0.2090468292502792,1.1033175615740944,3.077495765887107,359
15,3,y_plants,n_revenue_per_day,0.21538535578630705,0.23743847321696548,0.9071207073905548,0.6895564696412102,359
15,3,y_plants,n_shed,-0.16686136014906602,0.22580706814374774,-0.738955434481098,-7.475331153513057,359
15,3,y_plants,n_labour,-0.5333596934242741,0.20779371806295957,-2.566774868827705,-20.14996658395342,359
15,3,y_plants,n_quadrants,-0.5587803156944149,0.3463113874555327,-1.6135199012656312,-38.84354947963426,359
15,3,y_plants,n_melon_tiles,0.35865051002721765,0.22174916138324974,1.6173703106248096,15.037362306238776,359
16,3,y_plants,n_dry_plants,-0.12205265690104669,0.19316828168673186,-0.6318462629334975,-0.25171657226206906,359
16,3,y_plants,n_unfed,-0.18347506392202403,0.18800054533038582,-0.9759283602055044,-0.17970437412190599,359
16,3,y_plants,n_weeds,1.0336828735816082,0.20100704444310202,5.142520633769167,4.416721654311968,359
16,3,y_plants,n_planted,0.5984211735623958,0.20980084878942284,2.8523296117025305,15.335831612810043,359
16,3,y_plants,n_empty,-0.6944152758223153,0.19485382017082428,-3.563775527795842,-2.1030228779677724,359
16,3,y_plants,n_animals,-2.4554914583401364,0.5167828175520781,-4.751495937832119,-43.41584413335652,359
16,3,y_plants,n_structures,2.0265809753797126,0.5605611021090747,3.615272211637292,30.31394826791999,359
16,3,y_plants,n_money,-0.44738272466164974,0.2644182026172673,-1.6919513113445328,-2.9638358393158213,359
16,3,y_plants,n_output_per_day,0.4565327690098995,0.19584205517285325,2.33112733936006,6.227722149864528,359
16,3,y_plants,n_revenue_per_day,-0.5667850248110351,0.2002552075719997,-2.8303135368265187,-1.7888203885888976,359
16,3,y_plants,n_shed,-0.29720502923396763,0.21069716771655192,-1.4105791380821673,-13.314682392788063,359
16,3,y_plants,n_labour,0.09575958508469168,0.20476460055861445,0.46765693300234396,3.9639123637138014,359
16,3,y_plants,n_quadrants,-0.676773006055897,0.3344766025745425,-2.0233792165031015,-47.04579780077569,359
16,3,y_plants,n_melon_tiles,0.24543315071988778,0.20776933808597972,1.1812770497363856,10.290427884952901,359
17,3,y_plants,n_dry_plants,-0.02238063500034006,0.21548896416742416,-0.10385977345434463,-0.05294776026064761,359
17,3,y_plants,n_unfed,0.49970281814472295,0.21311165851014846,2.344793436633721,0.47138231845870926,359
17,3,y_plants,n_weeds,0.3113237042866209,0.23914014765398675,1.3018462493260519,1.4384777804998181,359
17,3,y_plants,n_planted,0.16272963822940978,0.25615529107341434,0.6352772864753019,4.3515960885717995,359
17,3,y_plants,n_empty,0.08457450552696523,0.23029054115534908,0.3672513213207184,0.23112504060968353,359
17,3,y_plants,n_animals,1.4970540904257108,0.5355490140511494,2.7953633582503983,26.503208493860097,359
17,3,y_plants,n_structures,-1.9528464119008333,0.5636611399150775,-3.4645752094867737,-28.599060010524386,359
17,3,y_plants,n_money,-0.08032041167610511,0.31176337288585704,-0.2576326106964209,-0.575704568243015,359
17,3,y_plants,n_output_per_day,0.7251713173021181,0.23138785316508925,3.134007716406475,9.272294448047141,359
17,3,y_plants,n_revenue_per_day,-0.12295420831600487,0.24762481897126268,-0.49653426836133874,-0.3703924509330885,359
17,3,y_plants,n_shed,-0.360745060274385,0.24620477922930253,-1.4652236297103134,-16.161253780599427,359
17,3,y_plants,n_labour,-0.06921195482284227,0.2629086869489978,-0.26325472781456183,-3.05278170006653,359
17,3,y_plants,n_quadrants,-1.6243771616763982,0.36237667814192637,-4.482565406817389,-112.91839186345142,359
17,3,y_plants,n_melon_tiles,0.7488495332305657,0.2637578822211409,2.839155087705445,31.397478685284025,359
18,3,y_plants,n_dry_plants,-0.0729968442221414,0.14252015863450318,-0.5121860999982731,-0.16580928122915342,359
18,3,y_plants,n_unfed,0.2718957246181565,0.14122208864801986,1.9253059292716308,0.28578598333437694,359
18,3,y_plants,n_weeds,-0.4336856046300029,0.15218773125944865,-2.8496752073309937,-2.2020336839753627,359
18,3,y_plants,n_planted,0.6661883838974404,0.15127845237376383,4.403722892745413,16.718554100289712,359
18,3,y_plants,n_empty,0.9300637397221436,0.159662961544974,5.825169035588523,1.9454347527242661,359
18,3,y_plants,n_animals,0.9800049326372452,0.23243299683493532,4.2162900534006615,16.209193282847465,359
18,3,y_plants,n_structures,-0.8192443131795037,0.2600121089868797,-3.1507929241127886,-12.168739718808919,359
18,3,y_plants,n_money,-0.11485963789911348,0.2157142395650866,-0.5324620114587166,-0.7646214230567865,359
18,3,y_plants,n_output_per_day,0.34267107058390817,0.15983998827758836,2.1438381864042912,4.154710273194806,359
18,3,y_plants,n_revenue_per_day,0.0703734257565344,0.14994551149876253,0.4693266577513737,0.2661539219775225,359
18,3,y_plants,n_shed,-0.12558181511101518,0.15884062894930376,-0.7906151967649058,-5.626021830191483,359
18,3,y_plants,n_labour,0.00476749564304037,0.15845665009734963,0.030087065706055287,0.16756610624610438,359
18,3,y_plants,n_quadrants,-0.11460199359257389,0.23764083941887376,-0.48224873246880157,-7.966544424611281,359
18,3,y_plants,n_melon_tiles,0.03326263109307134,0.15756134914973932,0.21110907765495213,1.3946229575062323,359
19,3,y_plants,n_dry_plants,-0.10524510831509015,0.15398294328661408,-0.6834854956577469,-0.202198423535186,359
19,3,y_plants,n_unfed,-0.18585253097881918,0.14929380149673266,-1.244877745194844,-0.20472453476694719,359
19,3,y_plants,n_weeds,0.01010132668582477,0.1499112978965691,0.06738202408729829,0.0401878242703925,359
19,3,y_plants,n_planted,0.4304300556672578,0.1563472419829977,2.7530390060482537,10.36134485286646,359
19,3,y_plants,n_empty,0.58151810116169,0.16235781631050678,3.581706839722122,1.2719082345255988,359
19,3,y_plants,n_animals,0.1394504884258477,0.254839689445775,0.5472086735356035,2.231661056936345,359
19,3,y_plants,n_structures,-0.47028129571080574,0.27300249834283147,-1.7226263443209784,-6.769337279455476,359
19,3,y_plants,n_money,-0.5105298483355043,0.2358639155372401,-2.1645101887359184,-3.590166127941225,359
19,3,y_plants,n_output_per_day,0.4599749517878016,0.1587514934981268,2.89745275242547,5.039352771248041,359
19,3,y_plants,n_revenue_per_day,0.2569728697055473,0.15703135912911173,1.6364430081399428,0.8228901817937165,359
19,3,y_plants,n_shed,0.08387627285365014,0.17178260535086973,0.48826988438282803,3.757627978960005,359
19,3,y_plants,n_labour,0.13196831256776673,0.188007947745229,0.7019294351672728,5.851524749876274,359
19,3,y_plants,n_quadrants,-0.6655963446864632,0.25489002172808045,-2.6113079679381443,-46.26885346911792,359
19,3,y_plants,n_melon_tiles,-0.062316136427397084,0.17665735839431893,-0.35275143358761496,-2.6127672895618095,359
20,3,y_plants,n_dry_plants,0.00024301737370806655,0.19187566442442416,0.0012665356726557996,0.0005399534099066772,359
20,3,y_plants,n_unfed,-0.006053806967956962,0.16586567624514317,-0.036498250301103076,-0.006668505805219885,359
20,3,y_plants,n_weeds,0.6099095780116114,0.17002695761248574,3.587134573105032,2.5037675547150355,359
20,3,y_plants,n_planted,1.0599546587605908,0.1772771126810581,5.9790834966246935,23.517377623804897,359
20,3,y_plants,n_empty,0.5632810763048829,0.18301315379755875,3.077817438892726,1.1347444205085886,359
20,3,y_plants,n_animals,1.6232851924099534,0.2992548719571629,5.424423608522972,24.727304919629024,359
20,3,y_plants,n_structures,-1.1667254919972998,0.31641508003403995,-3.687325812258327,-16.05775366778777,359
20,3,y_plants,n_money,-0.26246778392152653,0.2655363096953386,-0.988444044517555,-1.8739607428129152,359
20,3,y_plants,n_output_per_day,0.7500614325059295,0.1951941940967865,3.842642123535773,8.278577928693222,359
20,3,y_plants,n_revenue_per_day,0.19944184854797375,0.17190189902547903,1.1602073605854277,0.6486584906288294,359
20,3,y_plants,n_shed,-0.18541150036469795,0.18758234946312718,-0.9884272208731666,-8.306371011584865,359
20,3,y_plants,n_labour,-0.17288558096693304,0.19960600083928912,-0.8661341855455049,-6.554971636245433,359
20,3,y_plants,n_quadrants,-0.2217581802900109,0.2913266898799822,-0.7612010433419902,-15.415494437924043,359
20,3,y_plants,n_melon_tiles,0.10803570505064293,0.18422058626964685,0.586447515113806,4.529679990509928,359
21,3,y_plants,n_dry_plants,-0.06593158791129879,0.18840071642574555,-0.3499540190829605,-0.14578882499433796,359
21,3,y_plants,n_unfed,-0.13606370523365924,0.17372096853865926,-0.7832313299783388,-0.1326574638389042,359
21,3,y_plants,n_weeds,0.331358332488386,0.17169448272834964,1.9299299967177872,0.9673317991245263,359
21,3,y_plants,n_planted,1.0237910877747216,0.17064074692062853,5.99968709848021,23.43433221595373,359
21,3,y_plants,n_empty,0.7679399935738747,0.18563065052775612,4.136924540158575,1.5219043667419816,359
21,3,y_plants,n_animals,0.5055045657350166,0.17819133276750138,2.8368639365562385,7.440393819610473,359
21,3,y_plants,n_structures,1.0670966624149316,0.2630106550603032,4.057237385193643,12.558294373368918,359
21,3,y_plants,n_money,0.1290169661329404,0.2628632793172826,0.4908139564720779,0.966611851809343,359
21,3,y_plants,n_output_per_day,0.6789055934918684,0.18653924171293115,3.639478681577624,7.559330207988701,359
21,3,y_plants,n_revenue_per_day,0.22399960313794123,0.1736221062084102,1.2901560062234216,0.6204207815193868,359
21,3,y_plants,n_shed,0.08131844171233463,0.19108590387163482,0.425559604684193,3.6430380295611733,359
21,3,y_plants,n_labour,-0.05379330548319304,0.2005295154307178,-0.268256298169625,-2.2763879386057715,359
21,3,y_plants,n_quadrants,-0.5514800609303082,0.31040702450205127,-1.7766352479135468,-38.33607310801026,359
21,3,y_plants,n_melon_tiles,0.16450237932642273,0.18546388890581356,0.8869779464721783,6.897193253627373,359
22,3,y_plants,n_dry_plants,-0.4225748715014913,0.17438819628100052,-2.4231850578956333,-0.8595717859258684,359
22,3,y_plants,n_unfed,0.006998815418602012,0.17196321883502605,0.04069949065861792,0.007216329640283388,359
22,3,y_plants,n_weeds,0.35074886183411513,0.17675599279416818,1.9843675809202188,0.9777854419812891,359
22,3,y_plants,n_planted,1.3194760499208729,0.182198964139051,7.241951435650711,28.356069382771278,359
22,3,y_plants,n_empty,0.8586876045551084,0.18191401634168605,4.720293805960778,1.7388581584119038,359
22,3,y_plants,n_animals,0.612278236299024,0.1835113419308056,3.3364599149947276,8.293319950229998,359
22,3,y_plants,n_structures,0.7151627992357288,0.2768593896392455,2.58312640278375,8.416505527586912,359
22,3,y_plants,n_money,-0.0952511165142834,0.261550295639615,-0.36417896711356823,-0.7315628948366992,359
22,3,y_plants,n_output_per_day,0.371422434549339,0.23732333112297954,1.5650481256597149,3.3697086691332507,359
22,3,y_plants,n_revenue_per_day,0.29501615999532593,0.180198936581744,1.637169261881283,0.8902040435782685,359
22,3,y_plants,n_shed,-0.16825499455110418,0.19738481870321684,-0.8524211520243025,-7.537765492133194,359
22,3,y_plants,n_labour,-0.15742214532162535,0.18333315440051987,-0.858667085265506,-4.780850794397879,359
22,3,y_plants,n_quadrants,-0.39804285221740954,0.3000147513628337,-1.3267442697709955,-27.66990316383515,359
22,3,y_plants,n_melon_tiles,0.32893278037218193,0.18132749316911115,1.814025962766771,13.791368629253023,359
23,3,y_plants,n_dry_plants,-0.5369167910817443,0.3223833645392009,-1.6654605979721906,-2.203817607693601,359
23,3,y_plants,n_unfed,-0.10864020654019138,0.24832657116347256,-0.4374892546987003,-0.10782817814927487,359
23,3,y_plants,n_weeds,0.9153001870503081,0.25272558488158847,3.621715575331089,2.480660939840791,359
23,3,y_plants,n_planted,1.4190660394292212,0.25137405963947856,5.645236590698539,33.89018134677269,359
23,3,y_plants,n_empty,0.9663989621870829,0.2653847210462719,3.641501885930289,1.762065470465616,359
23,3,y_plants,n_animals,-0.573575654627593,0.2885489267859859,-1.987793408266629,-7.674908382244455,359
23,3,y_plants,n_structures,-0.5953130323760016,0.3920452238700728,-1.5184805122719556,-7.006034755990741,359
23,3,y_plants,n_money,-0.1412144138088892,0.36522367646886283,-0.3866518599621195,-1.098100504620928,359
23,3,y_plants,n_output_per_day,0.6343392970303617,0.3234569227532038,1.96112450347634,5.956392047469895,359
23,3,y_plants,n_revenue_per_day,0.11620609617537982,0.279540494041765,0.4157039808265415,0.28528785252098804,359
23,3,y_plants,n_shed,0.09767392018915427,0.2781622707901045,0.3511400734244688,4.375757801707095,359
23,3,y_plants,n_labour,-0.09034906468697311,0.26135082839940665,-0.3457003187642402,-2.7501519843929287,359
23,3,y_plants,n_quadrants,-0.91456406285525,0.46533411287889404,-1.9653922580424934,-63.57581580815933,359
23,3,y_plants,n_melon_tiles,0.11985484912028507,0.25955396624979304,0.46177236607872735,5.025228572084104,359
24,3,y_plants,n_dry_plants,0.2888480570969652,0.5086274433584315,0.5678971138279949,0.3914478599826171,359
24,3,y_plants,n_unfed,0.0610873352969917,0.3774000566568085,0.16186360923772175,0.06614980484241532,359
24,3,y_plants,n_weeds,0.5737685821409679,0.39141229850827464,1.4658930859548303,1.3553830598818444,359
24,3,y_plants,n_planted,1.2696393746894954,0.401950040047546,3.1586994606078704,28.546559884137462,359
24,3,y_plants,n_empty,0.5670872767332384,0.3949329488648437,1.435907736650533,1.0304403595394482,359
24,3,y_plants,n_animals,-0.938066255765121,0.421060943171666,-2.227863379346188,-12.279547356539155,359
24,3,y_plants,n_structures,-2.8974291809408004,0.5871423344171278,-4.93479861883432,-34.09884958115919,359
24,3,y_plants,n_money,1.5528834832455727,0.5418387394759546,2.8659513801974756,12.163820006528438,359
24,3,y_plants,n_output_per_day,2.3004085254463913,0.45603319295022765,5.04438834937496,23.415526050012932,359
24,3,y_plants,n_revenue_per_day,2.304626910569689,0.44591553324835886,5.168303722862452,5.143758065209285,359
24,3,y_plants,n_shed,0.49510382508627104,0.4205014971780264,1.1774127521754352,22.180479918086043,359
24,3,y_plants,n_labour,-0.7967063714397847,0.484307838425421,-1.645041249032913,-35.95263678925594,359
24,3,y_plants,n_quadrants,0.31196419948247517,0.7257956921796793,0.42982371326233326,21.686155503550314,359
24,3,y_plants,n_melon_tiles,-1.4575370936713976,0.42267604937624437,-3.448355060151453,-61.111061435980645,359
25,3,y_plants,n_dry_plants,2.0361454632006795,0.7589637539711165,2.6827967113672835,9.432430303220846,359
25,3,y_plants,n_unfed,-1.215820697442118,0.5637352021582165,-2.156723037318661,-3.3713088549830297,359
25,3,y_plants,n_weeds,1.401100674560233,0.47620453846439786,2.9422245304051895,3.270680107349154,359
25,3,y_plants,n_planted,2.029793464617962,0.4699983908831904,4.318724284999585,44.89355363363942,359
25,3,y_plants,n_empty,0.3777646917460985,0.4631896115158122,0.8155724618042356,0.6889593941793245,359
25,3,y_plants,n_animals,1.6774217802432019,3.2676654615089396,0.5133395079766224,13.88001484279433,359
25,3,y_plants,n_structures,-1.2113590698276018,2.8915495621383815,-0.41893076490508707,-14.256069132779354,359
25,3,y_plants,n_money,1.5637193023441163,0.6084322855547789,2.5700794311371733,12.121010242916563,359
25,3,y_plants,n_output_per_day,3.5864340937902357,0.48059030876765013,7.462560164783016,38.77057445698197,359
25,3,y_plants,n_revenue_per_day,-0.5090599411582208,0.5130466251198434,-0.992229392483205,-1.1563324786392217,359
25,3,y_plants,n_shed,1.3540305983874823,0.5071244163667274,2.670016577171299,60.66010193068973,359
25,3,y_plants,n_labour,-1.6735739777209044,0.5144322428286238,-3.253244719885167,-63.88910190325949,359
25,3,y_plants,n_quadrants,-2.53891337863902,1.0224984874470875,-2.4830485421822246,-176.4922719675823,359
25,3,y_plants,n_melon_tiles,-1.7893990317926856,0.5055924799320317,-3.539212118094082,-75.02524267833184,359
0,3,y_weeds_ct,n_dry_plants,0.008782597551997626,0.0043446980101532785,2.0214517859407635,0.040685324691996684,359
0,3,y_weeds_ct,n_unfed,-0.0024521447649551607,0.0028890250168774746,-0.8487793461911575,-0.006799470824263691,359
0,3,y_weeds_ct,n_weeds,-0.008188214676194764,0.0026108424762122467,-3.136234664020806,-0.03304447483403515,359
0,3,y_weeds_ct,n_planted,0.002725115623849439,0.00301713436688471,0.9032132124308437,0.043991493367024875,359
0,3,y_weeds_ct,n_empty,0.001614853258405516,0.003361537160217803,0.48039131547214114,0.0007687874035882242,359
0,3,y_weeds_ct,n_animals,0.034413067786286416,0.017207140051940843,1.9999295456658335,0.284754792912305,359
0,3,y_weeds_ct,n_structures,-0.03172242403510172,0.015700156559385007,-2.020516414286274,-0.373330320767824,359
0,3,y_weeds_ct,n_money,0.0009740354680642978,0.0028599141512315935,0.34058206525004925,0.0019126290076652542,359
0,3,y_weeds_ct,n_output_per_day,-0.005322373592584196,0.0037710240490029345,-1.4113868072497286,-0.058517009512877076,359
0,3,y_weeds_ct,n_revenue_per_day,0.0029773331660650102,0.0022768321559549333,1.3076647561735957,0.020565046059856998,359
0,3,y_weeds_ct,n_shed,-0.003985708989114213,0.0025517060835545187,-1.5619780878376608,-0.1785583825311356,359
0,3,y_weeds_ct,n_labour,0.0392007494718879,0.002466516803813709,15.893161324210727,1.2273675675369011,359
0,3,y_weeds_ct,n_quadrants,-0.022499600677761467,0.006049667637043888,-3.7191465759192814,-1.5640571574403719,359
0,3,y_weeds_ct,n_melon_tiles,0.010164947566134681,0.0026982943251829777,3.767175237803375,0.05783866441164435,359
1,3,y_weeds_ct,n_dry_plants,0.009747680764776107,0.007246379736343213,1.3451794026040294,0.04515606625042742,359
1,3,y_weeds_ct,n_unfed,0.0052817082617804155,0.006114645570041384,0.8637799527838649,0.002965751375098584,359
1,3,y_weeds_ct,n_weeds,-0.018961107418637796,0.004258112473626261,-4.452937196017813,-0.07651971298971724,359
1,3,y_weeds_ct,n_planted,0.02849211061798479,0.0051162168336362475,5.568980272819008,0.3454443483125396,359
1,3,y_weeds_ct,n_empty,0.005655810470368067,0.004594516553909394,1.2309914229290646,0.012488587598052518,359
1,3,y_weeds_ct,n_animals,-0.006875686285255014,0.0065948249584112896,-1.0425881397330345,-0.07572447330218182,359
1,3,y_weeds_ct,n_structures,0.02318176882523157,0.0072286388757587675,3.2069341439882417,0.2949505950843209,359
1,3,y_weeds_ct,n_money,0.00039811852312137314,0.005210510402096183,0.07640681860287822,0.0006791780442849283,359
1,3,y_weeds_ct,n_output_per_day,-0.0022284409011851017,0.005626031224485786,-0.39609465576486896,-0.027344625789524325,359
1,3,y_weeds_ct,n_revenue_per_day,-0.0028096269953073825,0.0042984422468358326,-0.6536384192146827,-0.016183366409146097,359
1,3,y_weeds_ct,n_shed,0.0003697740184284554,0.004152157231166499,0.08905588055599035,0.010527478297567786,359
1,3,y_weeds_ct,n_labour,-0.009458854808451217,0.00394243720403779,-2.3992404492235377,-0.10876277353060315,359
1,3,y_weeds_ct,n_quadrants,-0.02221925165191974,0.007429541476820928,-2.990662576047327,-1.5445687271020243,359
1,3,y_weeds_ct,n_melon_tiles,0.0012796353402802813,0.004239964761981906,0.30180329604487927,0.00766461941244866,359
2,3,y_weeds_ct,n_dry_plants,-0.009488786855453917,0.005586136070982468,-1.6986315289998055,-0.034419706671812815,359
2,3,y_weeds_ct,n_unfed,0.000165785406601346,0.005216782982587773,0.03177924156605581,0.00024222686601439665,359
2,3,y_weeds_ct,n_weeds,-0.02066111722459779,0.005064791089835274,-4.079362180616569,-0.08437450676648314,359
2,3,y_weeds_ct,n_planted,0.02454829053602975,0.007464307330615624,3.288756672081602,0.2822137154156566,359
2,3,y_weeds_ct,n_empty,-0.01839198358599464,0.005342467280094441,-3.4426010720779776,-0.03402440239828594,359
2,3,y_weeds_ct,n_animals,-0.024662564066949503,0.011145251653021814,-2.2128315119975546,-0.23544126515398958,359
2,3,y_weeds_ct,n_structures,-0.01118193346590108,0.011050037667772263,-1.0119362306350768,-0.14441827325375164,359
2,3,y_weeds_ct,n_money,0.011298339858105196,0.004674910003398851,2.4168037138449385,0.02768817671411501,359
2,3,y_weeds_ct,n_output_per_day,-0.012488202587987192,0.006980486421494,-1.7890160991552224,-0.1509690660988876,359
2,3,y_weeds_ct,n_revenue_per_day,-0.003815481148985261,0.004932053183806535,-0.7736090846531568,-0.02618954712208847,359
2,3,y_weeds_ct,n_shed,-0.010020178738533437,0.005899548244199575,-1.6984654288377519,-0.17207403770186563,359
2,3,y_weeds_ct,n_labour,-0.012269585527285997,0.005550296407990098,-2.210618068905823,-0.2746104848727098,359
2,3,y_weeds_ct,n_quadrants,0.037954986377016005,0.008232730626497714,4.610254859408954,2.6384365195511514,359
2,3,y_weeds_ct,n_melon_tiles,-0.005793667186982736,0.005050324526477495,-1.1471871078003195,-0.03828193679316942,359
3,3,y_weeds_ct,n_dry_plants,0.0019074647145794455,0.004398200027304451,0.43369212467321183,0.006418124382387861,359
3,3,y_weeds_ct,n_unfed,0.0002576160399718612,0.006918664029632078,0.03723493999253506,0.00014418163082590422,359
3,3,y_weeds_ct,n_weeds,-0.009656227157780105,0.0037706056879349176,-2.5609220260495125,-0.03943346309912223,359
3,3,y_weeds_ct,n_planted,0.005207139786918544,0.005433138217081865,0.958403703139232,0.04886220211786997,359
3,3,y_weeds_ct,n_empty,0.004483408106012061,0.0046517408952059984,0.9638129481013402,0.00779652748630385,359
3,3,y_weeds_ct,n_animals,-0.00540988757017797,0.011732248515112939,-0.4611125960389608,-0.031066041441337625,359
3,3,y_weeds_ct,n_structures,0.005324916642523115,0.011181875637852137,0.4762096105323837,0.03425026799097674,359
3,3,y_weeds_ct,n_money,0.0003764922875802798,0.004101420425967616,0.09179558506037745,0.0008785938280142583,359
3,3,y_weeds_ct,n_output_per_day,-0.005183291938306585,0.005001030101664368,-1.0364448589464716,-0.06212701333158094,359
3,3,y_weeds_ct,n_revenue_per_day,-0.001550356673785778,0.003749608173813218,-0.4134716487480665,-0.010289760189099885,359
3,3,y_weeds_ct,n_shed,-0.018762400039783106,0.0039795207962710745,-4.714738532680622,-0.6103163415507392,359
3,3,y_weeds_ct,n_labour,0.033219329359555495,0.0036097747842703197,9.20260441297045,0.6503815934588956,359
3,3,y_weeds_ct,n_quadrants,0.0009419588884041485,0.0064180873140381005,0.14676629380591763,0.06548016396038832,359
3,3,y_weeds_ct,n_melon_tiles,-0.005606152937559846,0.004015460125967331,-1.3961421012017432,-0.03887410587271074,359
4,3,y_weeds_ct,n_dry_plants,-0.0698989123920902,0.013248828136805097,-5.275856224439337,-0.2507197265174744,359
4,3,y_weeds_ct,n_unfed,-0.04175622826641543,0.01675899517299572,-2.4915711136249095,-0.02639092044894082,359
4,3,y_weeds_ct,n_weeds,-0.039723245227414765,0.010071009047570596,-3.9443163083044896,-0.1626582581816503,359
4,3,y_weeds_ct,n_planted,-0.05750339554842762,0.018186843921409984,-3.1618127805415024,-0.4913001313045821,359
4,3,y_weeds_ct,n_empty,0.0003392602843959303,0.010669134050815047,0.031798296167252035,0.0005780780325966388,359
4,3,y_weeds_ct,n_animals,-0.1032482600678192,0.045262385756243424,-2.281105123884843,-0.4833666582519213,359
4,3,y_weeds_ct,n_structures,0.016506812087318096,0.0479959372786584,0.34392102797121377,0.07422712844431058,359
4,3,y_weeds_ct,n_money,0.005214312476840045,0.01225030387449918,0.42564760272554614,0.009493610768220492,359
4,3,y_weeds_ct,n_output_per_day,0.0202837916904318,0.010907441053889154,1.8596288157981307,0.23329966847351413,359
4,3,y_weeds_ct,n_revenue_per_day,-0.004022138814534802,0.012764150244437618,-0.31511214906668594,-0.018890248209369034,359
4,3,y_weeds_ct,n_shed,-0.06726436958732564,0.01963523433556337,-3.4256973172709375,-0.2366094161206523,359
4,3,y_weeds_ct,n_labour,-0.003991943235498491,0.012713636532779822,-0.3139890955043417,-0.030473971246508393,359
4,3,y_weeds_ct,n_quadrants,-0.08747635943469084,0.01934079780344751,-4.52289302249456,-6.08090908101695,359
4,3,y_weeds_ct,n_melon_tiles,-0.002142832310763023,0.010153596872481725,-0.21104169661989697,-0.08984385890323446,359
5,3,y_weeds_ct,n_dry_plants,0.07122173116690281,0.03452199916300162,2.0630824660708966,0.3343153386551916,359
5,3,y_weeds_ct,n_unfed,-0.04120220018807573,0.024213509336477534,-1.7016203481915286,-0.033240918177613335,359
5,3,y_weeds_ct,n_weeds,-0.0758889989459128,0.02347843037095359,-3.2322858788634825,-0.3090043949454927,359
5,3,y_weeds_ct,n_planted,-0.050441399609485495,0.026213428778767475,-1.9242579837683176,-0.8877369845960268,359
5,3,y_weeds_ct,n_empty,-0.04272975383223463,0.022405480356842377,-1.9071117044444643,-0.08717661568296037,359
5,3,y_weeds_ct,n_animals,-0.3318042353716652,0.19135039035502044,-1.7340138933401432,-1.0630761492781315,359
5,3,y_weeds_ct,n_structures,0.28681112919542767,0.20075872622290317,1.4286359282683443,0.8750413560225866,359
5,3,y_weeds_ct,n_money,-0.03297715659902135,0.028331272145682606,-1.1639843219693446,-0.06635658470174126,359
5,3,y_weeds_ct,n_output_per_day,-0.045079586077205566,0.026893684554086566,-1.6762145769407266,-0.5004623660032196,359
5,3,y_weeds_ct,n_revenue_per_day,0.011441583342078659,0.02334704953410345,0.4900654930879268,0.06100173606756141,359
5,3,y_weeds_ct,n_shed,0.0006152482194301462,0.02189847013806705,0.02809548865975956,0.007199943515458514,359
5,3,y_weeds_ct,n_labour,0.17862578856302797,0.02230310298046197,8.009010617020792,4.0703466229877865,359
5,3,y_weeds_ct,n_quadrants,-0.09424368042842561,0.038283989160946164,-2.4616995901922474,-6.551338622791396,359
5,3,y_weeds_ct,n_melon_tiles,0.04168165770561566,0.022511291044367776,1.8515889481178478,1.747612706298413,359
6,3,y_weeds_ct,n_dry_plants,0.05944874610075483,0.021700590517857304,2.739499003579408,0.19937027022509035,359
6,3,y_weeds_ct,n_unfed,0.06226631688952239,0.019502081539517414,3.1928036380809424,0.11494151800913309,359
6,3,y_weeds_ct,n_weeds,-0.1225964930768985,0.019186498845628935,-6.389727175514798,-0.49599682032574166,359
6,3,y_weeds_ct,n_planted,0.05611913933294572,0.02943047933360693,1.9068374217358657,1.0477136828846092,359
6,3,y_weeds_ct,n_empty,-0.06472509130812233,0.029853549641383127,-2.1680869473022435,-0.05705033515248734,359
6,3,y_weeds_ct,n_animals,-0.2289472937653378,0.03564494867981126,-6.4229940635322045,-2.6430992264887334,359
6,3,y_weeds_ct,n_structures,0.21359352928117994,0.03871979544735321,5.516390952312757,2.5206490959767494,359
6,3,y_weeds_ct,n_money,-0.024194616372003926,0.021996803512547642,-1.0999151016738675,-0.04975485842749171,359
6,3,y_weeds_ct,n_output_per_day,0.0008738284439964909,0.02678273049737854,0.03262656300417242,0.0091576187351866,359
6,3,y_weeds_ct,n_revenue_per_day,0.002287099950779629,0.02649684050460183,0.08631594964623868,0.009651372111566164,359
6,3,y_weeds_ct,n_shed,-0.06778364966523347,0.023852769584532963,-2.8417517481570336,-0.3057571838783899,359
6,3,y_weeds_ct,n_labour,0.18745976720703897,0.025268962361466175,7.418577958424804,2.1131922528292484,359
6,3,y_weeds_ct,n_quadrants,-0.2039710076051817,0.040921172836446244,-4.984485865554564,-14.179021171274812,359
6,3,y_weeds_ct,n_melon_tiles,0.10299834863388801,0.023703008967873376,4.345370192176448,4.318475624737099,359
7,3,y_weeds_ct,n_dry_plants,0.18389071109143362,0.01955060787937441,9.405882017890374,0.4277949200937889,359
7,3,y_weeds_ct,n_unfed,-0.041546984255698034,0.021941984490998975,-1.8934925540915137,-0.026853811981266903,359
7,3,y_weeds_ct,n_weeds,-0.09856018602252282,0.017848435711630247,-5.522062975989535,-0.3926549493577794,359
7,3,y_weeds_ct,n_planted,0.10468429922060077,0.017918779242717682,5.842155751940814,2.883264863616754,359
7,3,y_weeds_ct,n_empty,0.04321429609058895,0.016813042548030906,2.570284109323811,0.08155739125974501,359
7,3,y_weeds_ct,n_animals,-0.044414730528353645,0.0369300818260264,-1.2026707857726018,-0.33132198342317587,359
7,3,y_weeds_ct,n_structures,0.00999998880203819,0.029581425003629997,0.3380495970295911,0.09923133735930886,359
7,3,y_weeds_ct,n_money,0.03560788295221338,0.018328846454199264,1.9427236209977288,0.07267748521522203,359
7,3,y_weeds_ct,n_output_per_day,-0.025786331409035385,0.01950213238040581,-1.3222313799358392,-0.2795253092697441,359
7,3,y_weeds_ct,n_revenue_per_day,-0.006461074021058634,0.017841326548105566,-0.3621408981914905,-0.0413332049678608,359
7,3,y_weeds_ct,n_shed,-0.04317372649499717,0.018147004250629133,-2.3791103974365573,-0.2431246814992055,359
7,3,y_weeds_ct,n_labour,0.016851052920046707,0.020866671651964267,0.8075582537122276,0.5848370146541957,359
7,3,y_weeds_ct,n_quadrants,-0.10050710719797071,0.028099026384287042,-3.576889313651601,-6.9867400154344805,359
7,3,y_weeds_ct,n_melon_tiles,0.01579969848192389,0.020316580019641508,0.7776751041095095,0.6624437544616629,359
8,3,y_weeds_ct,n_dry_plants,0.14274281165620123,0.02712530146602181,5.2623493174815525,0.34067189515550433,359
8,3,y_weeds_ct,n_unfed,0.11350113780958773,0.0368606282673762,3.0791970496618704,0.08983505588275059,359
8,3,y_weeds_ct,n_weeds,-0.2643153622917241,0.025807295942055476,-10.241885197317272,-0.8918527395476342,359
8,3,y_weeds_ct,n_planted,0.04697872546567674,0.02941619758529673,1.59703596392616,1.0748472826401514,359
8,3,y_weeds_ct,n_empty,0.005368284469801743,0.03683009332574093,0.1457581011897625,0.004028635781920859,359
8,3,y_weeds_ct,n_animals,0.07220660128791219,0.06773855574446236,1.0659601536280923,0.7783308068827383,359
8,3,y_weeds_ct,n_structures,-0.07509400112860347,0.07112060732388502,-1.0558683896865997,-0.8412598867082587,359
8,3,y_weeds_ct,n_money,0.02843181137013948,0.03355942909705152,0.847207838009302,0.05246328654028453,359
8,3,y_weeds_ct,n_output_per_day,0.06301593646705883,0.030419791048185867,2.0715440276114876,0.6991338681771837,359
8,3,y_weeds_ct,n_revenue_per_day,-0.07208087649566287,0.030779616561304138,-2.3418380262177245,-0.31468952321973265,359
8,3,y_weeds_ct,n_shed,-0.01963484036742675,0.029492288892089307,-0.6657618348738401,-0.08042596904884965,359
8,3,y_weeds_ct,n_labour,-0.1547682905993668,0.035836642963587344,-4.318716202201828,-2.1423692497592604,359
8,3,y_weeds_ct,n_quadrants,0.1087113808205972,0.030079010380963854,3.614194065686334,2.2635762990717385,359
8,3,y_weeds_ct,n_melon_tiles,-0.11409849838953087,0.030873697905105576,-3.6956537807757206,-4.783878485913686,359
9,3,y_weeds_ct,n_dry_plants,-0.018120965708911977,0.031723816260396394,-0.5712101457205184,-0.05367256206453218,359
9,3,y_weeds_ct,n_unfed,-0.024415400305060675,0.03750831567393708,-0.650932996226911,-0.017765754811010837,359
9,3,y_weeds_ct,n_weeds,-0.2563442096296353,0.029240367150206083,-8.766791754454033,-0.8547592909623463,359
9,3,y_weeds_ct,n_planted,-0.11519597918579957,0.09639938473421925,-1.194986664109984,-0.8157889178205793,359
9,3,y_weeds_ct,n_empty,0.06398630218938046,0.04159742997352765,1.5382272950540683,0.05901281763007868,359
9,3,y_weeds_ct,n_animals,-0.38530353414636037,0.070577738713784,-5.459278536946234,-5.163096904857415,359
9,3,y_weeds_ct,n_structures,0.36964452814921367,0.07330831411027418,5.042327499077051,5.144527813625037,359
9,3,y_weeds_ct,n_money,0.03661145539875995,0.03941067175991112,0.928973137575428,0.055227130024000044,359
9,3,y_weeds_ct,n_output_per_day,-0.0429461516983542,0.03176657993088294,-1.35192871853991,-0.5005442196064283,359
9,3,y_weeds_ct,n_revenue_per_day,0.06498572466687132,0.03766125118017759,1.725532812385042,0.22641579127015668,359
9,3,y_weeds_ct,n_shed,0.013141299220650812,0.03008047679507723,0.4368713737543359,0.08700170064486175,359
9,3,y_weeds_ct,n_labour,-0.007599247691119732,0.036662717178758734,-0.20727453598345147,-0.32575577202911005,359
9,3,y_weeds_ct,n_quadrants,0.28119485935520483,0.1127211102651581,2.494606899220027,1.519344480835126,359
9,3,y_weeds_ct,n_melon_tiles,-0.07028575431673113,0.032330278992031704,-2.1739915802784795,-2.946914400171253,359
10,3,y_weeds_ct,n_dry_plants,0.023408216424846834,0.036140639107641155,0.6476979102424802,0.039989237991624335,359
10,3,y_weeds_ct,n_unfed,-0.006572066282174219,0.04314592053211642,-0.15232184644854632,-0.005216153492493594,359
10,3,y_weeds_ct,n_weeds,-0.3448680383842227,0.0355446991665147,-9.702376063689117,-1.0448580998620165,359
10,3,y_weeds_ct,n_planted,0.21984849623129427,0.1182745910601307,1.8587973482784943,0.9784934032789383,359
10,3,y_weeds_ct,n_empty,0.03343638428266202,0.051441362771987006,0.6499902506640083,0.03542750543035322,359
10,3,y_weeds_ct,n_animals,-0.7248681069163461,0.09834438612825602,-7.370711592739091,-10.299290522103572,359
10,3,y_weeds_ct,n_structures,0.8222154387842335,0.09447744589837156,8.702769544264378,10.00867780637107,359
10,3,y_weeds_ct,n_money,-0.12265214114779596,0.050605881643384226,-2.42367363564805,-0.3676820763918618,359
10,3,y_weeds_ct,n_output_per_day,-0.1482096879279792,0.07379404204834276,-2.0084234961799012,-0.8134157768120035,359
10,3,y_weeds_ct,n_revenue_per_day,-0.062727909901666,0.042426841003026905,-1.478495886535383,-0.1678726107960636,359
10,3,y_weeds_ct,n_shed,0.0041068285685852005,0.035428440507831324,0.1159189766672739,0.012920453807448221,359
10,3,y_weeds_ct,n_labour,-0.010382241327730263,0.03572721505375025,-0.2905975546123753,-0.16350053281301624,359
10,3,y_weeds_ct,n_quadrants,0.17319684379367614,0.11022545231469874,1.5712962855365853,1.027140047016089,359
10,3,y_weeds_ct,n_melon_tiles,-0.02284459101928065,0.03638661468233029,-0.627829525190048,-0.9578193318858019,359
11,3,y_weeds_ct,n_dry_plants,0.13682150125701395,0.03438121378247115,3.9795424944180056,0.3083794606284722,359
11,3,y_weeds_ct,n_unfed,0.034908088572772125,0.032456121291510695,1.0755471443811362,0.041168544805079504,359
11,3,y_weeds_ct,n_weeds,-0.4082014220343652,0.03781782126205651,-10.793890510131611,-1.4159310483095418,359
11,3,y_weeds_ct,n_planted,0.10246482403116107,0.033882938763370785,3.024083145406822,1.8121121400406963,359
11,3,y_weeds_ct,n_empty,-0.006688106561246364,0.047539344278254264,-0.14068571333462163,-0.008956786779663193,359
11,3,y_weeds_ct,n_animals,-0.45393125754549846,0.08077202993792575,-5.619906518312712,-6.755588356646952,359
11,3,y_weeds_ct,n_structures,0.5426842842757574,0.07966631793292217,6.811966441485213,7.268698609832786,359
11,3,y_weeds_ct,n_money,-0.11423445120827741,0.05467879202838546,-2.089191201388918,-0.41268410512306997,359
11,3,y_weeds_ct,n_output_per_day,0.014408389684879796,0.03813484636080926,0.37782739567261325,0.12692688641341168,359
11,3,y_weeds_ct,n_revenue_per_day,0.020792624321020418,0.03140596977832344,0.6620596169385475,0.06479930044596709,359
11,3,y_weeds_ct,n_shed,-0.061558459894484344,0.03324961192505184,-1.8514038609907284,-2.7577976866569287,359
11,3,y_weeds_ct,n_labour,-0.03299205949899149,0.03659650065704742,-0.9015085843361414,-0.6235775193755551,359
11,3,y_weeds_ct,n_quadrants,-0.04541323646241851,0.03583367255119059,-1.2673341365594868,-1.4523510197963174,359
11,3,y_weeds_ct,n_melon_tiles,-0.01648575151303223,0.041108357557420414,-0.4010316269630775,-0.6912083252670592,359
12,3,y_weeds_ct,n_dry_plants,0.036438636235799814,0.024590793538694252,1.4817999337216456,0.0787853986406027,359
12,3,y_weeds_ct,n_unfed,-0.01796049205522157,0.0317520154064927,-0.565648883237471,-0.01290732358580112,359
12,3,y_weeds_ct,n_weeds,-0.29407817386020946,0.028243949480483182,-10.41207689680298,-1.01330512803244,359
12,3,y_weeds_ct,n_planted,0.19677597162645089,0.0285269864676317,6.897888490595521,3.8423969890464393,359
12,3,y_weeds_ct,n_empty,0.038696426872998915,0.026518753449635273,1.4592098737405446,0.08691083872021563,359
12,3,y_weeds_ct,n_animals,-0.17227903415055493,0.06583054933044302,-2.6170073909877782,-2.6875529229099424,359
12,3,y_weeds_ct,n_structures,0.21520391963239194,0.062470534118892675,3.444886820125791,3.0171164059577205,359
12,3,y_weeds_ct,n_money,-0.04511246185645042,0.03545896831989932,-1.272244061064056,-0.1824445670046813,359
12,3,y_weeds_ct,n_output_per_day,-0.03950995379464447,0.025198558936806746,-1.5679449723187748,-0.4453205827469453,359
12,3,y_weeds_ct,n_revenue_per_day,0.0275653396717076,0.024829460529728915,1.110186813712805,0.10123125967413595,359
12,3,y_weeds_ct,n_shed,-0.029704591016905944,0.023878643217327977,-1.2439815255227844,-1.0994771885500083,359
12,3,y_weeds_ct,n_labour,0.05056236365011021,0.029197353831581684,1.7317447307645666,0.9320533001628,359
12,3,y_weeds_ct,n_quadrants,-0.02776248877905681,0.027601995222483248,-1.0058145635951286,-0.8878662264847457,359
12,3,y_weeds_ct,n_melon_tiles,-0.025799617262273037,0.029423942220955544,-0.8768239506635082,-1.081716549366262,359
13,3,y_weeds_ct,n_dry_plants,-0.012443830576976704,0.03176072152158842,-0.3917993666648403,-0.03008426629727292,359
13,3,y_weeds_ct,n_unfed,-0.04193300088323497,0.03317182137766077,-1.2641151176424195,-0.0421412010996796,359
13,3,y_weeds_ct,n_weeds,-0.444487309430478,0.03973684502944651,-11.185772526759385,-1.8490188676485224,359
13,3,y_weeds_ct,n_planted,0.0683255953856268,0.03752461950164225,1.8208204718141527,1.482850841196023,359
13,3,y_weeds_ct,n_empty,0.0342479540763682,0.03314284161260887,1.0333439261689288,0.09447389334997397,359
13,3,y_weeds_ct,n_animals,0.035872832388234126,0.09288718813715999,0.3861978503995969,0.578416218206493,359
13,3,y_weeds_ct,n_structures,-0.03804838924121009,0.08844553575984013,-0.4301900476302668,-0.5616801787272278,359
13,3,y_weeds_ct,n_money,-0.03836058788536706,0.059172504349346504,-0.6482840012802451,-0.1589631646041592,359
13,3,y_weeds_ct,n_output_per_day,-0.11677051360508527,0.03339237990533501,-3.4969209722733527,-1.4446655469663927,359
13,3,y_weeds_ct,n_revenue_per_day,-0.049059349185610904,0.04181651644194704,-1.1732050720609148,-0.12372805637933791,359
13,3,y_weeds_ct,n_shed,-0.06779983962710671,0.0353665122082731,-1.917063215841981,-3.037409337397978,359
13,3,y_weeds_ct,n_labour,0.07323022700500918,0.03716990347554165,1.9701484307914805,2.9572640581775684,359
13,3,y_weeds_ct,n_quadrants,-0.0756524657390174,0.04628317338371595,-1.6345565830547524,-5.258972468523608,359
13,3,y_weeds_ct,n_melon_tiles,-0.008545944115965112,0.037487854978281214,-0.22796567370729134,-0.3583110976501454,359
14,3,y_weeds_ct,n_dry_plants,0.02082631743589132,0.03313407011137311,0.628546911559253,0.042071926628936836,359
14,3,y_weeds_ct,n_unfed,0.04227297396594118,0.03204511525611502,1.3191706014499176,0.06028479283420083,359
14,3,y_weeds_ct,n_weeds,-0.45034149034472376,0.03552581084198538,-12.676459162263448,-1.9594515572436217,359
14,3,y_weeds_ct,n_planted,0.06666580213122987,0.03372240220771507,1.9768995613241913,1.5575443133900428,359
14,3,y_weeds_ct,n_empty,0.055152251332290514,0.03280382547669051,1.6812749894514645,0.16671724421866366,359
14,3,y_weeds_ct,n_animals,0.2753719822300999,0.08788335594226716,3.133380368530747,4.541212363759757,359
14,3,y_weeds_ct,n_structures,-0.22264942721980063,0.08501428400809245,-2.61896491651458,-3.3314450007772596,359
14,3,y_weeds_ct,n_money,0.05633274048016923,0.05430713668483932,1.0372990350620968,0.2779448810366484,359
14,3,y_weeds_ct,n_output_per_day,-0.10554615812688119,0.033219135315762024,-3.177269881458985,-1.3758320228372198,359
14,3,y_weeds_ct,n_revenue_per_day,0.02107545907077756,0.040388396537370565,0.5218196531094484,0.05249464627585224,359
14,3,y_weeds_ct,n_shed,-0.08289133080811141,0.03534428243640522,-2.3452543125541547,-3.713502916388041,359
14,3,y_weeds_ct,n_labour,0.0076981057796886325,0.03448265383395593,0.2232457460135541,0.16887653317084314,359
14,3,y_weeds_ct,n_quadrants,0.01814120791584482,0.048095173310282215,0.3771939399990982,1.2610839850787074,359
14,3,y_weeds_ct,n_melon_tiles,0.037990707871645414,0.035157200046725554,1.080595377935501,1.592859964127907,359
15,3,y_weeds_ct,n_dry_plants,0.01951961096168895,0.03610502822533028,0.5406341421440722,0.03046218821322921,359
15,3,y_weeds_ct,n_unfed,0.060469718977580016,0.030069397311684173,2.0110053537415955,0.06548374454524386,359
15,3,y_weeds_ct,n_weeds,-0.5657532440204798,0.03894977706460852,-14.52519851607952,-2.170447959833145,359
15,3,y_weeds_ct,n_planted,0.014147299545090116,0.036791477699700606,0.3845265379271581,0.32339190962454883,359
15,3,y_weeds_ct,n_empty,0.11661037173869243,0.03318837305365413,3.5135910865583484,0.34353957389876255,359
15,3,y_weeds_ct,n_animals,0.2864007845600439,0.08395506645597288,3.4113579638488667,4.895419233599503,359
15,3,y_weeds_ct,n_structures,-0.19213222667853522,0.08932474467963766,-2.1509406757065537,-2.784728142249526,359
15,3,y_weeds_ct,n_money,0.0626208169598246,0.047605203878599824,1.3154195730264442,0.3859057869424236,359
15,3,y_weeds_ct,n_output_per_day,-0.08944214013396687,0.03312929498339466,-2.6997900250759272,-1.193426097767042,359
15,3,y_weeds_ct,n_revenue_per_day,-0.008767199744240551,0.03762874207574806,-0.23299210286094207,-0.02806820028319758,359
15,3,y_weeds_ct,n_shed,0.003569445644989938,0.03578542184398966,0.09974580320867292,0.1599099288590699,359
15,3,y_weeds_ct,n_labour,0.06658968794971191,0.03293070459902676,2.022115492532763,2.5157131361166223,359
15,3,y_weeds_ct,n_quadrants,-0.13136040986017697,0.05488268897581329,-2.393476200083186,-9.131503807051198,359
15,3,y_weeds_ct,n_melon_tiles,0.010026350374475924,0.035142333448122634,0.28530690454226365,0.420381008739805,359
16,3,y_weeds_ct,n_dry_plants,0.017305523035642218,0.041614256940895156,0.41585562996406017,0.03569022625427811,359
16,3,y_weeds_ct,n_unfed,0.031328507057364695,0.04050097112265432,0.7735248362931479,0.0306846588989886,359
16,3,y_weeds_ct,n_weeds,-0.5906291615526168,0.04330296217031437,-13.639463259571487,-2.5236411225996913,359
16,3,y_weeds_ct,n_planted,0.020422234864650567,0.04519741207875858,0.4518452257634547,0.523363759302016,359
16,3,y_weeds_ct,n_empty,0.17305120332962687,0.041977372618833116,4.122487724541092,0.5240821340387383,359
16,3,y_weeds_ct,n_animals,0.07285403258301489,0.11133055988523126,0.6543938399134869,1.288141040917646,359
16,3,y_weeds_ct,n_structures,0.004794828838153428,0.12076171890408592,0.03970487404176223,0.07172187794079149,359
16,3,y_weeds_ct,n_money,0.03467438848871985,0.05696363257716154,0.6087109778638287,0.22971203321932238,359
16,3,y_weeds_ct,n_output_per_day,-0.11143317057667532,0.0421902681570308,-2.641205553895147,-1.5200986035132669,359
16,3,y_weeds_ct,n_revenue_per_day,0.025479444112682048,0.04314099389861627,0.5906086487613187,0.08041523174306282,359
16,3,y_weeds_ct,n_shed,-0.05771219969649258,0.04539050613027076,-1.2714597085755899,-2.585486561679406,359
16,3,y_weeds_ct,n_labour,0.040181540602063,0.044112452756943664,0.9108888327624923,1.6632915174467253,359
16,3,y_weeds_ct,n_quadrants,-0.01009163575825766,0.07205631876369659,-0.14005205832610515,-0.7015189008925317,359
16,3,y_weeds_ct,n_melon_tiles,0.006117849376543852,0.04475976358050066,0.1366818965775114,0.25650686403068385,359
17,3,y_weeds_ct,n_dry_plants,-0.020715176134410214,0.04590145395379961,-0.45129673136847254,-0.049007643425004487,359
17,3,y_weeds_ct,n_unfed,-0.007944678365533414,0.045395062424269744,-0.1750119493455288,-0.00749441622374296,359
17,3,y_weeds_ct,n_weeds,-0.6345015521225537,0.05093940897834482,-12.456005376746532,-2.9317278827591178,359
17,3,y_weeds_ct,n_planted,0.05871324037247979,0.05456381649824611,1.0760471708273387,1.5700662149329576,359
17,3,y_weeds_ct,n_empty,0.06972323872218288,0.04905434815039978,1.4213467582611155,0.19053952820291967,359
17,3,y_weeds_ct,n_animals,0.0019821641175448803,0.11407766751977265,0.017375566669973502,0.03509138995866301,359
17,3,y_weeds_ct,n_structures,-0.03508226885698071,0.12006585097906082,-0.2921918977869816,-0.513773078226641,359
17,3,y_weeds_ct,n_money,0.037199273560791155,0.06640893263509756,0.5601546672221486,0.26662950646504413,359
17,3,y_weeds_ct,n_output_per_day,-0.20995938878404727,0.04928808734387841,-4.2598404624464346,-2.6846142814645026,359
17,3,y_weeds_ct,n_revenue_per_day,-0.05352680337352621,0.05274673470979377,-1.0147889469940516,-0.16124640354870354,359
17,3,y_weeds_ct,n_shed,0.03952995597880079,0.05244425105788152,0.7537519400395761,1.770928339319205,359
17,3,y_weeds_ct,n_labour,0.1280218214938281,0.05600236204517273,2.2860075328708978,5.646750982050831,359
17,3,y_weeds_ct,n_quadrants,-0.16867282849945028,0.07719010794789011,-2.1851611946613523,-11.725272304100507,359
17,3,y_weeds_ct,n_melon_tiles,-0.031848113934110044,0.05618324972001333,-0.5668613704764973,-1.3353156195462825,359
18,3,y_weeds_ct,n_dry_plants,0.1078023659102579,0.05605128616903455,1.9232808607666376,0.2448685692765924,359
18,3,y_weeds_ct,n_unfed,-0.010259743647842942,0.055540772477659824,-0.18472454001192945,-0.010783880222004879,359
18,3,y_weeds_ct,n_weeds,-0.08498674750126115,0.059853414127300504,-1.4199147824801652,-0.4315192358043493,359
18,3,y_weeds_ct,n_planted,-0.2181747741869631,0.05949580681394012,-3.667061358950154,-5.475278245206954,359
18,3,y_weeds_ct,n_empty,0.16650991411111252,0.06279332295092133,2.651713690024895,0.34829244464649944,359
18,3,y_weeds_ct,n_animals,0.09496770509882647,0.09141281167201303,1.0388883501315802,1.5707572853055596,359
18,3,y_weeds_ct,n_structures,-0.24269481223749484,0.10225931031702855,-2.3733272939655308,-3.6048953330679807,359
18,3,y_weeds_ct,n_money,0.12165739153742705,0.0848375464105832,1.434004125350927,0.8098741171762139,359
18,3,y_weeds_ct,n_output_per_day,0.03533162089048656,0.06286294521449726,0.5620420864776551,0.4283777093648305,359
18,3,y_weeds_ct,n_revenue_per_day,-0.03865461499531393,0.0589715788650876,-0.6554787193971208,-0.1461926469108785,359
18,3,y_weeds_ct,n_shed,0.006408755670816296,0.0624699104590489,0.10258948065913186,0.2871100348127822,359
18,3,y_weeds_ct,n_labour,-0.013706706781687046,0.06231889667461345,-0.21994463177443707,-0.4817580668830245,359
18,3,y_weeds_ct,n_quadrants,0.1138227062994857,0.09346098701641621,1.2178633024653698,7.912372357919376,359
18,3,y_weeds_ct,n_melon_tiles,0.09179622870678064,0.06196678669871447,1.4813779057658478,3.84879739695745,359
19,3,y_weeds_ct,n_dry_plants,-0.024131437438580903,0.054721065554228315,-0.4409899038728835,-0.046361666454947444,359
19,3,y_weeds_ct,n_unfed,0.017560970316275567,0.053054680759910135,0.33099756825876925,0.01934416205752619,359
19,3,y_weeds_ct,n_weeds,-0.07220304130131058,0.053274121045007526,-1.3553117326949675,-0.2872576272260261,359
19,3,y_weeds_ct,n_planted,-0.23787228851160822,0.05556126863901915,-4.2812609275907905,-5.726079719011596,359
19,3,y_weeds_ct,n_empty,0.19507844252677234,0.05769725217572804,3.381069897967126,0.4266795426188129,359
19,3,y_weeds_ct,n_animals,0.04517954567214618,0.09056262371881617,0.4988762893224265,0.7230195733607573,359
19,3,y_weeds_ct,n_structures,-0.14430265811350773,0.09701715845552909,-1.487393162310082,-2.0771256947734935,359
19,3,y_weeds_ct,n_money,0.20145102694899325,0.08381918482988422,2.403399977676346,1.4166510650636002,359
19,3,y_weeds_ct,n_output_per_day,-0.12100397097882694,0.05641566979514817,-2.1448645636612373,-1.3256845706795728,359
19,3,y_weeds_ct,n_revenue_per_day,-0.1305210194603521,0.055804384002320115,-2.3389026112164517,-0.4179603300328938,359
19,3,y_weeds_ct,n_shed,0.12176034441144322,0.06104654845429389,1.9945492004778338,5.454821266158999,359
19,3,y_weeds_ct,n_labour,-0.13533749504122786,0.06681256387035794,-2.0256294205957226,-6.00091557140537,359
19,3,y_weeds_ct,n_quadrants,0.1689985217743596,0.09058051035002833,1.8657271980617267,11.747912834705817,359
19,3,y_weeds_ct,n_melon_tiles,0.18133249211590785,0.0627788940969846,2.8884308130018113,7.6028398276449165,359
20,3,y_weeds_ct,n_dry_plants,0.16478190971898674,0.11171460703787604,1.4750256397815427,0.36612425147259237,359
20,3,y_weeds_ct,n_unfed,0.21527479378428804,0.09657096900944503,2.2291874669211746,0.23713362842035107,359
20,3,y_weeds_ct,n_weeds,-0.2926509631172145,0.09899376667959885,-2.956256468797702,-1.2013747819763516,359
20,3,y_weeds_ct,n_planted,-0.3489508853864606,0.10321498059371795,-3.3808162669721904,-7.742227156575021,359
20,3,y_weeds_ct,n_empty,0.12200745627711461,0.10655464110358613,1.1450224505801316,0.24578720304100019,359
20,3,y_weeds_ct,n_animals,-0.4068300918272423,0.17423335327671108,-2.334972519188846,-6.197193061410206,359
20,3,y_weeds_ct,n_structures,-0.04426924207538544,0.18422443738707564,-0.2403005958561889,-0.6092817798034796,359
20,3,y_weeds_ct,n_money,0.19435704300397527,0.15460159880559862,1.2571476912626662,1.3876654240641821,359
20,3,y_weeds_ct,n_output_per_day,-0.140768510635797,0.11364673448824124,-1.238649850078728,-1.5536901841641,359
20,3,y_weeds_ct,n_revenue_per_day,-0.10562738136976241,0.10008540247301698,-1.055372499483524,-0.34353922342383897,359
20,3,y_weeds_ct,n_shed,0.22814893666356417,0.1092149362472634,2.088990247149285,10.220993358548773,359
20,3,y_weeds_ct,n_labour,0.057141674726151094,0.11621539403161892,0.4916876563754064,2.1665315000973018,359
20,3,y_weeds_ct,n_quadrants,0.33669118144750004,0.16961737580018318,1.9850040708337406,23.405048815400146,359
20,3,y_weeds_ct,n_melon_tiles,0.061262592430790005,0.10725763720550828,0.5711723102142309,2.5685946971923155,359
21,3,y_weeds_ct,n_dry_plants,0.15395498677804967,0.08837347410435585,1.7420949933036678,0.3404273632024003,359
21,3,y_weeds_ct,n_unfed,0.006389101880026144,0.08148761748783284,0.07840580050067264,0.0062291560424372035,359
21,3,y_weeds_ct,n_weeds,-0.28102181956574857,0.08053705002355876,-3.489348312156254,-0.8203848090143063,359
21,3,y_weeds_ct,n_planted,-0.3547159345756317,0.0800427722103787,-4.431579826387344,-8.119362585198612,359
21,3,y_weeds_ct,n_empty,-0.09834983386929963,0.0870741141467741,-1.1294956581874485,-0.19490981442111419,359
21,3,y_weeds_ct,n_animals,-0.42247238150579347,0.08358453954264003,-5.054432121268938,-6.2182641055700385,359
21,3,y_weeds_ct,n_structures,-0.7092587548965367,0.12337089664572591,-5.748995704661667,-8.3470228561322,359
21,3,y_weeds_ct,n_money,0.004289075533876309,0.12330176683212155,0.03478519119451057,0.032134310460210154,359
21,3,y_weeds_ct,n_output_per_day,-0.2134306601110573,0.0875003087021762,-2.439198938571849,-2.3764612513946077,359
21,3,y_weeds_ct,n_revenue_per_day,0.10104817920356696,0.08144124395089566,1.2407494569274156,0.2798772383269869,359
21,3,y_weeds_ct,n_shed,0.024398621002534274,0.08963301996870592,0.27220572296964557,1.0930497720986205,359
21,3,y_weeds_ct,n_labour,0.1711347809302935,0.0940627523890555,1.8193682045626125,7.241963431813583,359
21,3,y_weeds_ct,n_quadrants,0.42101714295357856,0.14560319972272434,2.891537711776469,29.266958346176114,359
21,3,y_weeds_ct,n_melon_tiles,0.11778789234326792,0.08699589096292464,1.3539477674119806,4.93856599372897,359
22,3,y_weeds_ct,n_dry_plants,0.33326018676992847,0.08012692487688473,4.159153583916814,0.6778941987297152,359
22,3,y_weeds_ct,n_unfed,0.10842544534227633,0.07901270963878089,1.372253221512848,0.11179516935177058,359
22,3,y_weeds_ct,n_weeds,-0.18031138285755505,0.08121486693592538,-2.2201770397507645,-0.5026555018873158,359
22,3,y_weeds_ct,n_planted,-0.30171361935566443,0.08371577333532242,-3.604023558943361,-6.483946657985433,359
22,3,y_weeds_ct,n_empty,0.0934358797245735,0.08358484709581647,1.1178566806189694,0.1892093712376874,359
22,3,y_weeds_ct,n_animals,-0.21532449110384294,0.08431877743177266,-2.553695602122253,-2.9165741847020294,359
22,3,y_weeds_ct,n_structures,-0.498039310658242,0.12720982261516114,-3.9151010544596465,-5.86125371116934,359
22,3,y_weeds_ct,n_money,0.025814319235726177,0.12017568469182967,0.21480484427380345,0.1982632729086662,359
22,3,y_weeds_ct,n_output_per_day,-0.09882800192655777,0.1090440128974188,-0.9063129584155019,-0.8966113618018446,359
22,3,y_weeds_ct,n_revenue_per_day,-0.03804543201358837,0.08279681172408004,-0.45950358741317937,-0.11480116010836512,359
22,3,y_weeds_ct,n_shed,0.09841067007221442,0.09069328588378371,1.0850932250742347,4.408763941344615,359
22,3,y_weeds_ct,n_labour,-0.10545457539296756,0.0842369048098998,-1.2518809378258897,-3.2026154230735306,359
22,3,y_weeds_ct,n_quadrants,0.5261820668649364,0.1378491202791693,3.8170868685946124,36.57748595557528,359
22,3,y_weeds_ct,n_melon_tiles,0.1371751367500286,0.08331535466920903,1.6464568541376516,5.751427010549878,359
23,3,y_weeds_ct,n_dry_plants,0.003956465305224497,0.12790434527448116,0.03093300150775934,0.01623962604394521,359
23,3,y_weeds_ct,n_unfed,-0.01261758243036357,0.09852260070652201,-0.12806789853171538,-0.012523272639499962,359
23,3,y_weeds_ct,n_weeds,-0.8351320986468018,0.10026789227971873,-8.329008216478933,-2.263388127775528,359
23,3,y_weeds_ct,n_planted,-0.259497716003543,0.09973167989958834,-2.6019587383347997,-6.197332900708902,359
23,3,y_weeds_ct,n_empty,0.14272876438249413,0.10529035528800296,1.355573015135955,0.26024182268516216,359
23,3,y_weeds_ct,n_animals,0.006461897897284187,0.1144806637680214,0.05644532172156421,0.08646544520665643,359
23,3,y_weeds_ct,n_structures,-0.4575132925363001,0.15554241686373263,-2.941405320563571,-5.384316913143883,359
23,3,y_weeds_ct,n_money,0.02618995133031925,0.1449010723126459,0.18074366816147835,0.20365625573280377,359
23,3,y_weeds_ct,n_output_per_day,0.03711710920063,0.12833027531796326,0.2892311195364082,0.34852649852011663,359
23,3,y_weeds_ct,n_revenue_per_day,0.048202841540722616,0.11090660313450919,0.4346255333621704,0.11833875847449517,359
23,3,y_weeds_ct,n_shed,0.07928493998852182,0.11035979842298922,0.718422297987868,3.551937856500373,359
23,3,y_weeds_ct,n_labour,-0.1884325974039338,0.10368992407889785,-1.817270087501994,-5.735734879715486,359
23,3,y_weeds_ct,n_quadrants,0.35916009347156524,0.18461949836254413,1.9454071571913238,24.96697265460286,359
23,3,y_weeds_ct,n_melon_tiles,0.15129329038227235,0.10297702601381521,1.469194598433782,6.343367591498945,359
24,3,y_weeds_ct,n_dry_plants,0.45713037821905445,0.14462271050568604,3.160847813048572,0.6195046284379986,359
24,3,y_weeds_ct,n_unfed,0.11792425712987387,0.10730962289080415,1.0989159588219868,0.1276969531802791,359
24,3,y_weeds_ct,n_weeds,-0.22023265841891068,0.11129385225805866,-1.9788393873567611,-0.520243916702289,359
24,3,y_weeds_ct,n_planted,-0.23222636192480828,0.11429014505334108,-2.031901891597254,-5.221375360214534,359
24,3,y_weeds_ct,n_empty,0.1805275862199935,0.11229491109583556,1.6076203672838416,0.32803224209670506,359
24,3,y_weeds_ct,n_animals,0.050590450254295,0.11972412358932444,0.42255853488499495,0.6622430194758021,359
24,3,y_weeds_ct,n_structures,-0.693148048818415,0.1669475702989186,-4.151890605998863,-8.157421485780239,359
24,3,y_weeds_ct,n_money,-0.4666944136949286,0.15406598323239654,-3.0291853133534117,-3.655642491845414,359
24,3,y_weeds_ct,n_output_per_day,0.05621996326872806,0.12966810443719473,0.4335681740142845,0.572254884246798,359
24,3,y_weeds_ct,n_revenue_per_day,0.044079123575904204,0.12679125736736946,0.34765112746052984,0.09838136765697456,359
24,3,y_weeds_ct,n_shed,0.2699472919485829,0.1195650511738695,2.257744125881986,12.093545201279612,359
24,3,y_weeds_ct,n_labour,0.392609364054122,0.1377076939650609,2.851034337658247,17.71711934522347,359
24,3,y_weeds_ct,n_quadrants,0.3924210006266468,0.2063721524408692,1.9015210918008196,27.27910079607176,359
24,3,y_weeds_ct,n_melon_tiles,0.028940188900334694,0.12018336156421301,0.24080029484673868,1.2133932436685984,359
25,3,y_weeds_ct,n_dry_plants,-1.0082649015492329,0.3043512600966762,-3.3128330115306928,-4.670780444191496,359
25,3,y_weeds_ct,n_unfed,-0.08229400499510364,0.22606286300233144,-0.36403150832542946,-0.22819031485127247,359
25,3,y_weeds_ct,n_weeds,-0.4726064188249312,0.19096228322770636,-2.4748678683391527,-1.1032357922041482,359
25,3,y_weeds_ct,n_planted,0.041213160208243435,0.1884735624860327,0.218668123341159,0.9115238818491256,359
25,3,y_weeds_ct,n_empty,0.4365613444965395,0.1857431810029393,2.350349241028833,0.7961915075657771,359
25,3,y_weeds_ct,n_animals,-5.167771737085118,1.310363104405221,-3.9437707912501017,-42.76130741817055,359
25,3,y_weeds_ct,n_structures,2.742867501151543,1.1595372615149948,2.365484570601764,32.279866220042535,359
25,3,y_weeds_ct,n_money,-1.201726188509234,0.2439867936027217,-4.925373913745423,-9.31505764382772,359
25,3,y_weeds_ct,n_output_per_day,0.5706582553062778,0.19272101638367758,2.961058767821076,6.169010163926215,359
25,3,y_weeds_ct,n_revenue_per_day,-0.08397792333716365,0.20573628981169206,-0.4081823552569536,-0.1907563184455234,359
25,3,y_weeds_ct,n_shed,-0.038081908039722216,0.20336143108209453,-0.18726219537838035,-1.7060562930821122,359
25,3,y_weeds_ct,n_labour,0.16026257411340333,0.2062919349178952,0.776872707976627,6.118063536548024,359
25,3,y_weeds_ct,n_quadrants,1.9462476426498188,0.41003104756081626,4.7465860310520736,135.29318138728667,359
25,3,y_weeds_ct,n_melon_tiles,0.09748535587607403,0.2027471108568557,0.4808224169709674,4.087328959186203,359
0,3,y_animals_ct,n_dry_plants,0.37025706246085643,0.0791574309395426,4.677476998257366,1.715213376969378,359
0,3,y_animals_ct,n_unfed,0.26934453236646855,0.052636063017880874,5.117110150790916,0.7468565133976659,359
0,3,y_animals_ct,n_weeds,0.04713877199635653,0.047567767085727596,0.9909813910626092,0.19023389426629067,359
0,3,y_animals_ct,n_planted,-0.2958362806937226,0.05497012789470522,-5.3817644605156145,-4.775679852247707,359
0,3,y_animals_ct,n_empty,0.5980001338688307,0.061244911611534385,9.764078649698108,0.2846914838047668,359
0,3,y_animals_ct,n_animals,0.6261700338511518,0.3135023417382447,1.9973376606352928,5.181314244475178,359
0,3,y_animals_ct,n_structures,-0.1219263831452258,0.28604613155741077,-0.4262472716599372,-1.4349097559284865,359
0,3,y_animals_ct,n_money,-0.42871282556390045,0.0521056829243579,-8.227755620941869,-0.8418262096360567,359
0,3,y_animals_ct,n_output_per_day,0.27918798190306815,0.06870548310439947,4.063547322399814,3.06954134442308,359
0,3,y_animals_ct,n_revenue_per_day,0.1427168714065524,0.04148232713177093,3.44042586986994,0.9857744734269867,359
0,3,y_animals_ct,n_shed,0.022335680809700914,0.04649034239317627,0.4804370039008206,1.0006307658197258,359
0,3,y_animals_ct,n_labour,-0.007117219478721746,0.044938251888355506,-0.15837775569026918,-0.22283870785402776,359
0,3,y_animals_ct,n_quadrants,0.15275948891321323,0.11022081329182944,1.3859404984497345,10.6190583301239,359
0,3,y_animals_ct,n_melon_tiles,-0.27366435235286657,0.04916108005690732,-5.56668714430361,-1.5571532006619426,359
1,3,y_animals_ct,n_dry_plants,0.43440347340568414,0.09237933892922758,4.702387768096972,2.0123711986349004,359
1,3,y_animals_ct,n_unfed,1.5748504073817124,0.07795160288301498,20.20292526563119,0.8843000275241363,359
1,3,y_animals_ct,n_weeds,-0.10877380325137966,0.05428388101537673,-2.003795624350585,-0.43896909720653376,359
1,3,y_animals_ct,n_planted,-0.1502778374550693,0.06522329026444454,-2.304051771166027,-1.822000143180544,359
1,3,y_animals_ct,n_empty,0.19104709324500507,0.05857247582828576,3.2617213212070646,0.421850833199558,359
1,3,y_animals_ct,n_animals,0.09917282720115726,0.08407309472846411,1.1796024343038836,1.092226985661169,359
1,3,y_animals_ct,n_structures,0.17450375212051644,0.0921531723422618,1.8936271827127145,2.2202786129232743,359
1,3,y_animals_ct,n_money,-0.015494426395664236,0.06642537707696955,-0.23326064641997094,-0.02643301832383154,359
1,3,y_animals_ct,n_output_per_day,0.1606728046830167,0.07172257930488526,2.240198362080834,1.9715747078030683,359
1,3,y_animals_ct,n_revenue_per_day,0.016296289981456383,0.054798018822643506,0.29738830584733605,0.09386613679327653,359
1,3,y_animals_ct,n_shed,-0.032362628987003976,0.05293312717543813,-0.6113870597469779,-0.9213650968796804,359
1,3,y_animals_ct,n_labour,-0.05191005986389543,0.050259544204178254,-1.0328398453637382,-0.5968885451008801,359
1,3,y_animals_ct,n_quadrants,0.29115504894115546,0.09471434773612136,3.0740331945517605,20.23960979322692,359
1,3,y_animals_ct,n_melon_tiles,0.052980932184739205,0.0540525277512943,0.9801749222259187,0.3173393767194909,359
2,3,y_animals_ct,n_dry_plants,0.09210992307656386,0.03863818399742067,2.3839092200273373,0.33412032350967036,359
2,3,y_animals_ct,n_unfed,0.06269829289437369,0.03608344268642002,1.7375917658203426,0.09160764691898732,359
2,3,y_animals_ct,n_weeds,0.014189882035135782,0.03503214521645802,0.4050531860797782,0.05794770363936448,359
2,3,y_animals_ct,n_planted,0.13715513095367327,0.05162911830088995,2.656546062908633,1.576772078607525,359
2,3,y_animals_ct,n_empty,-0.037707696187756684,0.03695277579090257,-1.0204293285334187,-0.06975766494167206,359
2,3,y_animals_ct,n_animals,0.03761399939064141,0.07708947268648896,0.4879265362679515,0.3590821935624225,359
2,3,y_animals_ct,n_structures,0.12993084801369487,0.07643089662703526,1.6999780683946015,1.6780987625936798,359
2,3,y_animals_ct,n_money,0.10210144996011158,0.03233541585587241,3.157573430173437,0.2502140159321643,359
2,3,y_animals_ct,n_output_per_day,0.093135469801858,0.04828262600802447,1.9289644640782189,1.1259086163602898,359
2,3,y_animals_ct,n_revenue_per_day,0.047804436514441793,0.03411402371504806,1.4013133400430493,0.3281307111352986,359
2,3,y_animals_ct,n_shed,-0.06478163607493737,0.04080599320613267,-1.587551998739279,-1.112478926696155,359
2,3,y_animals_ct,n_labour,0.0498817548671588,0.038390288229127795,1.2993326481282343,1.1164234407029807,359
2,3,y_animals_ct,n_quadrants,-0.060151979590194776,0.05694414828170722,-1.0563329403509234,-4.181457953840079,359
2,3,y_animals_ct,n_melon_tiles,0.06553225161605197,0.03493208289614833,1.8759903842801675,0.43300752930999376,359
3,3,y_animals_ct,n_dry_plants,0.38360173463645886,0.09905695082528443,3.872537277197755,1.290720414054607,359
3,3,y_animals_ct,n_unfed,0.6950030347029216,0.15582323639335663,4.4602015128762424,0.38897683150228174,359
3,3,y_animals_ct,n_weeds,0.13551905486697297,0.08492217268258688,1.5958029638914417,0.5534237712105814,359
3,3,y_animals_ct,n_planted,-0.18204165064624173,0.12236599105436671,-1.4876817412884056,-1.7082229960665511,359
3,3,y_animals_ct,n_empty,0.1111749108068174,0.10476723801731919,1.061161035747062,0.19333021384567195,359
3,3,y_animals_ct,n_animals,0.3973865886490676,0.2642355411342714,1.5039104389334796,2.2819750079940384,359
3,3,y_animals_ct,n_structures,-0.02931653255036896,0.25183995687254185,-0.11640937726655617,-0.1885661624067331,359
3,3,y_animals_ct,n_money,0.005987575244738058,0.09237283409729022,0.06481965507772273,0.013972787300924688,359
3,3,y_animals_ct,n_output_per_day,0.5050475587958521,0.11263398430742701,4.483971351109787,6.053507460481458,359
3,3,y_animals_ct,n_revenue_per_day,0.16633670541117748,0.08444926337630389,1.9696643731513102,1.1039813213733207,359
3,3,y_animals_ct,n_shed,0.09436933237203865,0.08962739151861986,1.052907272799897,3.0697109946363863,359
3,3,y_animals_ct,n_labour,0.11759568355625713,0.0812999138456567,1.446442904964277,2.3023363062929083,359
3,3,y_animals_ct,n_quadrants,0.32173418393678177,0.14454916909467927,2.2257767785994456,22.365314850984554,359
3,3,y_animals_ct,n_melon_tiles,-0.10540471382257134,0.09043682273873599,-1.1655066004151458,-0.7308958657137374,359
4,3,y_animals_ct,n_dry_plants,0.3570526957620665,0.12421286830744113,2.874522588741128,1.2807088289391244,359
4,3,y_animals_ct,n_unfed,0.49083606195360713,0.157122036673226,3.1239161122536983,0.3102199600462391,359
4,3,y_animals_ct,n_weeds,0.01543727119375754,0.09441958999179802,0.16349648621751625,0.0632123490686359,359
4,3,y_animals_ct,n_planted,0.024840934773118634,0.17050866881294177,0.14568722485523963,0.21223711051086724,359
4,3,y_animals_ct,n_empty,-0.1695996347128065,0.10002724234355587,-1.6955344438097744,-0.28898703347624705,359
4,3,y_animals_ct,n_animals,0.9259888298651957,0.42435230521275585,2.182122775086461,4.335105753613118,359
4,3,y_animals_ct,n_structures,-0.8790769692318895,0.4499804039215082,-1.9535894487201497,-3.9529958154513816,359
4,3,y_animals_ct,n_money,-0.0451415181471061,0.1148513186356602,-0.39304309853252395,-0.0821884006143987,359
4,3,y_animals_ct,n_output_per_day,0.4522133119703559,0.10226146231259256,4.422128353573035,5.201257110708769,359
4,3,y_animals_ct,n_revenue_per_day,0.0026679777957062676,0.1196688263291981,0.02229467671360712,0.012530338981800098,359
4,3,y_animals_ct,n_shed,-0.5645785472758436,0.18408788698328019,-3.066896777011306,-1.9859637612712313,359
4,3,y_animals_ct,n_labour,-0.12120440248002312,0.11919524082042095,-1.016856056045301,-0.9252585165242768,359
4,3,y_animals_ct,n_quadrants,0.5191582093993162,0.18132743105382268,2.8630980231844605,36.089223310416315,359
4,3,y_animals_ct,n_melon_tiles,0.3173874597947164,0.0951938826698792,3.3341161311318444,13.307300815012782,359
5,3,y_animals_ct,n_dry_plants,0.4008106539906822,0.1733171779962651,2.3125846994769295,1.8814082068784796,359
5,3,y_animals_ct,n_unfed,0.6202922695818063,0.12156355973967346,5.1026168607611755,0.5004364933245053,359
5,3,y_animals_ct,n_weeds,0.08498261706339492,0.11787310684013323,0.7209669732270109,0.34603173755493516,359
5,3,y_animals_ct,n_planted,0.05278613421251415,0.13160412524461215,0.40109786919217566,0.9290028424486149,359
5,3,y_animals_ct,n_empty,0.0001511372410239061,0.11248637741873552,0.0013436048390223381,0.00030834797756743753,359
5,3,y_animals_ct,n_animals,3.724453473776842,0.9606717591361044,3.8769261595928475,11.932872564550637,359
5,3,y_animals_ct,n_structures,-3.2972243373505394,1.0079061679709806,-3.271360412436202,-10.059608437648752,359
5,3,y_animals_ct,n_money,-0.07646930485388195,0.1422367260409539,-0.5376199732821769,-0.15387141973212082,359
5,3,y_animals_ct,n_output_per_day,0.4823346373534403,0.1350193391416197,3.572337417882981,5.354759322807232,359
5,3,y_animals_ct,n_revenue_per_day,0.20543022861037102,0.11721351132313729,1.7526156011488776,1.095268042133753,359
5,3,y_animals_ct,n_shed,0.09748930999667754,0.10994094023479672,0.8867425527603575,1.1408688447521746,359
5,3,y_animals_ct,n_labour,0.11771930826410068,0.11197239333915966,1.0513243912500276,2.682470390797854,359
5,3,y_animals_ct,n_quadrants,0.6296415050114096,0.19220419224521723,3.275898915920121,43.76945691787284,359
5,3,y_animals_ct,n_melon_tiles,0.24311656968832043,0.1130175983853185,2.1511390541094917,10.193299155703933,359
6,3,y_animals_ct,n_dry_plants,-0.2561525191569302,0.12051572732802143,-2.12546963650421,-0.8590458220363771,359
6,3,y_animals_ct,n_unfed,0.19679487181278635,0.10830615596433954,1.8170238806885757,0.3632766868595803,359
6,3,y_animals_ct,n_weeds,0.036363631658251065,0.10655354569067856,0.34127096778002575,0.14711877334595364,359
6,3,y_animals_ct,n_planted,-0.03757558200109,0.16344419842323044,-0.2298985364031701,-0.7015155947301334,359
6,3,y_animals_ct,n_empty,-0.11856111975655259,0.16579374857996843,-0.7151121243836658,-0.10450277444902897,359
6,3,y_animals_ct,n_animals,0.3338791829443664,0.1979566828922226,1.686627488732708,3.8544933013510487,359
6,3,y_animals_ct,n_structures,0.1572382380959665,0.2150330566576091,0.7312282145825252,1.8555918994522513,359
6,3,y_animals_ct,n_money,-0.19932804338067306,0.12216076664018857,-1.6316862513459205,-0.4099068332618861,359
6,3,y_animals_ct,n_output_per_day,0.27424787305985054,0.14873974249990407,1.843810325676928,2.8740852711679974,359
6,3,y_animals_ct,n_revenue_per_day,-0.07783639605808428,0.14715203269141128,-0.5289522314741854,-0.32846313600056426,359
6,3,y_animals_ct,n_shed,0.038503392343810984,0.13246800232934564,0.29066183279553637,0.17368036201872838,359
6,3,y_animals_ct,n_labour,-0.3378262390430166,0.1403329266690013,-2.407319843331112,-3.808240038832922,359
6,3,y_animals_ct,n_quadrants,1.299739322464365,0.22725855793840113,5.7192095833709455,90.35122974944032,359
6,3,y_animals_ct,n_melon_tiles,0.04417579836092332,0.13163629640747357,0.33558979982374576,1.8521860879833711,359
7,3,y_animals_ct,n_dry_plants,-0.1976471368568409,0.12525901899712938,-1.5779074308523084,-0.4597972383520638,359
7,3,y_animals_ct,n_unfed,0.6467689921899099,0.14058035786663756,4.600706684809206,0.4180378726092335,359
7,3,y_animals_ct,n_weeds,-0.08952456370576943,0.11435335216511303,-0.7828766014354026,-0.3566578397095684,359
7,3,y_animals_ct,n_planted,0.21887132577108753,0.11480403695973272,1.9064776079943617,6.028258372529718,359
7,3,y_animals_ct,n_empty,-0.23575939309664895,0.10771967955764328,-2.1886380841904445,-0.4449435211356088,359
7,3,y_animals_ct,n_animals,0.8358200328175591,0.236607774528175,3.5325129720876123,6.234993385384897,359
7,3,y_animals_ct,n_structures,-0.5724063178956527,0.18952557891567784,-3.020206144049416,-5.680070804291924,359
7,3,y_animals_ct,n_money,-0.19462138662057168,0.11743130138803012,-1.6573212109561923,-0.3972320670584373,359
7,3,y_animals_ct,n_output_per_day,0.18235277220425025,0.12494844075405544,1.4594241521043683,1.9767144941264454,359
7,3,y_animals_ct,n_revenue_per_day,-0.1434047921801644,0.11430780438191945,-1.2545494417951337,-0.917398508241363,359
7,3,y_animals_ct,n_shed,-0.34212609495908175,0.11626625444053851,-2.942608726886043,-1.9266184465019998,359
7,3,y_animals_ct,n_labour,-0.08822254800276938,0.133690923422269,-0.6598993091259784,-3.0618746403523316,359
7,3,y_animals_ct,n_quadrants,0.8648282453685147,0.18002798180937551,4.8038545823629075,60.118436166832474,359
7,3,y_animals_ct,n_melon_tiles,0.024184437067965095,0.13016653488926735,0.18579611947524602,1.0139958879072097,359
8,3,y_animals_ct,n_dry_plants,-0.056209578469780724,0.11977604051222711,-0.4692890016183385,-0.13415052849955778,359
8,3,y_animals_ct,n_unfed,-0.4121104246023353,0.16276390919340816,-2.5319521179147593,-0.3261814263582433,359
8,3,y_animals_ct,n_weeds,-0.2942932070959662,0.1139561795520944,-2.582512052024627,-0.9930039658047326,359
8,3,y_animals_ct,n_planted,0.1851824968732979,0.12989185311380477,1.4256667561055598,4.236873214072313,359
8,3,y_animals_ct,n_empty,-0.7162994590745825,0.16262907734975376,-4.4044980808326955,-0.5375478232629858,359
8,3,y_animals_ct,n_animals,1.5792684110634503,0.29911026084822334,5.279887111143987,17.023280901509615,359
8,3,y_animals_ct,n_structures,-1.4129612564879879,0.314044242227151,-4.499242675068631,-15.82906235773176,359
8,3,y_animals_ct,n_money,0.011239532902572092,0.1481869443600758,0.0758469847064356,0.020739545137313662,359
8,3,y_animals_ct,n_output_per_day,0.37138285192318177,0.13432337810236172,2.7648415128464667,4.120328037582314,359
8,3,y_animals_ct,n_revenue_per_day,-0.20124748217516022,0.1359122443234643,-1.4807163488243293,-0.8786029983789588,359
8,3,y_animals_ct,n_shed,-0.18282589904171045,0.13022784626235773,-1.4038925182974185,-0.7488703662724887,359
8,3,y_animals_ct,n_labour,-0.4720503769996474,0.15824234081990368,-2.9830851499908615,-6.534324363891684,359
8,3,y_animals_ct,n_quadrants,-0.3929748149146543,0.13281860739763435,-2.958733136978017,-8.182477956386867,359
8,3,y_animals_ct,n_melon_tiles,-0.23555175899844993,0.13632767531363124,-1.7278352209596974,-9.876124647537031,359
9,3,y_animals_ct,n_dry_plants,-0.37583785338633785,0.0976639435458206,-3.848276444110692,-1.1131956671689958,359
9,3,y_animals_ct,n_unfed,0.44778606995254383,0.11547192161276362,3.8778783941450237,0.3258294939736918,359
9,3,y_animals_ct,n_weeds,-0.37055430683616397,0.09001847517890998,-4.116425057186254,-1.2355837373192078,359
9,3,y_animals_ct,n_planted,0.49424457463998633,0.2967721156640247,1.6654009880076466,3.500115624990061,359
9,3,y_animals_ct,n_empty,0.18567158696357697,0.12806054035994052,1.449873524207447,0.17123982986451355,359
9,3,y_animals_ct,n_animals,0.9392668017818333,0.21727840789254874,4.322872258187438,12.586247172269589,359
9,3,y_animals_ct,n_structures,-1.2038522783557235,0.22568467147639573,-5.334222614590082,-16.754614387249557,359
9,3,y_animals_ct,n_money,-0.019810439463235026,0.12132845526116195,-0.1632794171869464,-0.029883371315135406,359
9,3,y_animals_ct,n_output_per_day,0.1420283454096687,0.09779559443756479,1.4522979918113104,1.6553629255167757,359
9,3,y_animals_ct,n_revenue_per_day,0.041030950826992325,0.11594274405496365,0.3538897682768424,0.14295532204469327,359
9,3,y_animals_ct,n_shed,-0.21584752585817948,0.09260481032394811,-2.3308457206823965,-1.4290140962726947,359
9,3,y_animals_ct,n_labour,-0.2875364973993465,0.11286868866570403,-2.5475311248718047,-12.325782433217245,359
9,3,y_animals_ct,n_quadrants,0.5988138469696682,0.34701966683314356,1.7255905189304275,3.2354948291986796,359
9,3,y_animals_ct,n_melon_tiles,0.052740922015125126,0.09953098064813215,0.5298945280322112,2.211301338024962,359
10,3,y_animals_ct,n_dry_plants,-0.14744660426813647,0.0566182307451993,-2.6042248641024264,-0.2518892188162064,359
10,3,y_animals_ct,n_unfed,0.2493344591108707,0.0675927638447576,3.6887744327710124,0.19789313647334464,359
10,3,y_animals_ct,n_weeds,-0.14928408672386037,0.05568462619558179,-2.680885136941174,-0.45229093401850357,359
10,3,y_animals_ct,n_planted,0.14143750182719106,0.1852899742030499,0.7633305710982337,0.6295047038600546,359
10,3,y_animals_ct,n_empty,0.463866527769703,0.0805884737842413,5.755990974734279,0.4914895639610676,359
10,3,y_animals_ct,n_animals,0.5569730996843955,0.15406714667442958,3.61513217909705,7.9137538428189655,359
10,3,y_animals_ct,n_structures,-0.5177834913764899,0.14800916542065587,-3.4983204580939358,-6.302883519565183,359
10,3,y_animals_ct,n_money,-0.16335508452644,0.07927960198533361,-2.0604932471363817,-0.4896998626014517,359
10,3,y_animals_ct,n_output_per_day,0.015434543762144762,0.11560637009959913,0.13350945755711677,0.08470904688851824,359
10,3,y_animals_ct,n_revenue_per_day,-0.0752640036742739,0.06646624777566208,-1.1323642629610466,-0.20142174058678963,359
10,3,y_animals_ct,n_shed,-0.06517586079671747,0.05550249439808209,-1.1742870568889179,-0.20504914795476037,359
10,3,y_animals_ct,n_labour,0.23821849702957867,0.05597055712744464,4.256139464310789,3.751487753056009,359
10,3,y_animals_ct,n_quadrants,0.026757019869435645,0.17268012540010946,0.15495135764719964,0.1586819138542872,359
10,3,y_animals_ct,n_melon_tiles,-0.05157134682019478,0.057003578159890905,-0.9047036779961581,-2.1622638336611097,359
11,3,y_animals_ct,n_dry_plants,0.00651570100998436,0.03236585786570702,0.2013140216155994,0.01468561844896702,359
11,3,y_animals_ct,n_unfed,0.017580008485640647,0.030553610330323826,0.5753823622013289,0.020732827164283228,359
11,3,y_animals_ct,n_weeds,-0.044523813699999894,0.03560101849523645,-1.2506331442724694,-0.15444005533540797,359
11,3,y_animals_ct,n_planted,-0.0040908559002074026,0.03189679070163682,-0.12825289975011422,-0.07234765403655517,359
11,3,y_animals_ct,n_empty,-0.036022821625827636,0.0447526858613512,-0.804930942858499,-0.04824216383960411,359
11,3,y_animals_ct,n_animals,0.10224354086078413,0.07603733995651962,1.3446491016025808,1.5216296800451958,359
11,3,y_animals_ct,n_structures,-0.059646212033366806,0.0749964425111654,-0.795320551697992,-0.7988997489900083,359
11,3,y_animals_ct,n_money,0.06620394538716637,0.051473633893680364,1.2861719754216636,0.23916879425372203,359
11,3,y_animals_ct,n_output_per_day,0.06650445031618665,0.03589946023586296,1.8525195052863166,0.5858533115693856,359
11,3,y_animals_ct,n_revenue_per_day,-0.017836105722351125,0.029565016535226203,-0.6032841449995374,-0.05558544008897589,359
11,3,y_animals_ct,n_shed,0.039910975229095924,0.03130058817774514,1.2750870687303189,1.7879978697921375,359
11,3,y_animals_ct,n_labour,0.004035833332364414,0.03445128918782215,0.11714607573498298,0.07628062558767848,359
11,3,y_animals_ct,n_quadrants,0.010654476335908592,0.033733176493885894,0.3158456286451324,0.340738533019069,359
11,3,y_animals_ct,n_melon_tiles,0.02804046164970905,0.03869867033241494,0.7245846280723935,1.1756698213781152,359
12,3,y_animals_ct,n_dry_plants,-0.00011184810368592458,0.01784974731125678,-0.006266088910703436,-0.000241831153588386,359
12,3,y_animals_ct,n_unfed,-0.029019917795641774,0.023047871584022158,-1.259114868366401,-0.020855189728101013,359
12,3,y_animals_ct,n_weeds,-0.04402990966970683,0.020501467775134546,-2.147646702794082,-0.15171385441317115,359
12,3,y_animals_ct,n_planted,0.006180076528036909,0.02070691615533386,0.29845470381377837,0.12067686540755254,359
12,3,y_animals_ct,n_empty,-0.014780383410891593,0.019249197767476488,-0.7678441246972162,-0.03319623083192944,359
12,3,y_animals_ct,n_animals,0.010595087217661529,0.04778449581387631,0.22172646246870692,0.1652833599904431,359
12,3,y_animals_ct,n_structures,0.039902767275610755,0.045345557745701336,0.8799708121220199,0.5594289081537578,359
12,3,y_animals_ct,n_money,0.07216191663344683,0.025738641716954957,2.8036412110244036,0.29183842097357493,359
12,3,y_animals_ct,n_output_per_day,0.0437368126154882,0.01829090667294078,2.3911779441853267,0.492961925054522,359
12,3,y_animals_ct,n_revenue_per_day,0.01993110970231606,0.018022988791845978,1.1058715029181707,0.07319522871469333,359
12,3,y_animals_ct,n_shed,0.01854802173297384,0.017332817946451362,1.0701099954016002,0.6865311418200665,359
12,3,y_animals_ct,n_labour,-0.0022811709186430808,0.021193516477254818,-0.10763531956064326,-0.04205050415897745,359
12,3,y_animals_ct,n_quadrants,-0.008604068212857141,0.020035491706787926,-0.4294413303538802,-0.2751648685880658,359
12,3,y_animals_ct,n_melon_tiles,0.02636722499712583,0.02135799044950073,1.2345367912523906,1.1055149907964923,359
13,3,y_animals_ct,n_dry_plants,0.0028231039111162553,0.00652968134727977,0.4323494150740365,0.006825149966605265,359
13,3,y_animals_ct,n_unfed,0.017813270697873834,0.00681978912720164,2.6119972869576307,0.01790171480482462,359
13,3,y_animals_ct,n_weeds,-0.006551199465375421,0.008169491225574246,-0.8019103374353557,-0.027252277309624068,359
13,3,y_animals_ct,n_planted,-0.003727461839603883,0.007714680154765891,-0.4831647929436417,-0.08089603746863841,359
13,3,y_animals_ct,n_empty,0.009720078987550196,0.006813831182222988,1.4265218388312133,0.026813096734931152,359
13,3,y_animals_ct,n_animals,-0.006572114695674627,0.01909666124455685,-0.34414993341036965,-0.10596926628905542,359
13,3,y_animals_ct,n_structures,0.008840070099804523,0.018183502686128866,0.4861588139752687,0.1304994049062538,359
13,3,y_animals_ct,n_money,0.006140567009508777,0.012165265126585051,0.504762283897097,0.025446011599518873,359
13,3,y_animals_ct,n_output_per_day,-0.0001543264193434981,0.006865133717473592,-0.02247973975374963,-0.001909301022398948,359
13,3,y_animals_ct,n_revenue_per_day,0.002574595269345591,0.008597050518314034,0.29947425153091856,0.006493149092426168,359
13,3,y_animals_ct,n_shed,0.02142892872308112,0.007270995242590249,2.9471795824538582,0.9600085863315174,359
13,3,y_animals_ct,n_labour,-0.0006677870957299411,0.007641754147161311,-0.08738662391775645,-0.02696731742456368,359
13,3,y_animals_ct,n_quadrants,-0.013637372292648029,0.009515349760903392,-1.4331971640896668,-0.9480003689166492,359
13,3,y_animals_ct,n_melon_tiles,0.005571846649653611,0.007707121742647671,0.7229477924062847,0.23361426916494724,359
14,3,y_animals_ct,n_dry_plants,0.012039425125340236,0.007638656418349162,1.5761181634534298,0.024321237400087438,359
14,3,y_animals_ct,n_unfed,0.013896939154678562,0.007387611135760878,1.8811140569389573,0.019818196340864864,359
14,3,y_animals_ct,n_weeds,0.00045482811495911596,0.0081900431215676,0.05553427597485719,0.001978973017681808,359
14,3,y_animals_ct,n_planted,0.002388221073422386,0.007774289219533487,0.30719478089672825,0.05579712585929817,359
14,3,y_animals_ct,n_empty,-0.0036323026254611837,0.007562522538935485,-0.4803030479261849,-0.010979923199083587,359
14,3,y_animals_ct,n_animals,-0.0010310738316604417,0.020260437630450927,-0.0508909950745962,-0.017003637023511743,359
14,3,y_animals_ct,n_structures,-0.013194036983739492,0.01959900803031356,-0.6731992233143855,-0.19741891590925317,359
14,3,y_animals_ct,n_money,0.0008784554716955692,0.012519849110158777,0.07016502067766762,0.004334285878784294,359
14,3,y_animals_ct,n_output_per_day,-0.005827214767566944,0.00765826716545326,-0.7609051292769904,-0.07595983428909533,359
14,3,y_animals_ct,n_revenue_per_day,-0.0041163897594705835,0.009311053046004183,-0.44209712254159295,-0.010253082679303005,359
14,3,y_animals_ct,n_shed,0.007650543088408272,0.00814819395798049,0.938925009377715,0.3427416811116799,359
14,3,y_animals_ct,n_labour,-0.005869573806315569,0.007949555975015838,-0.7383524092116196,-0.12876327033805138,359
14,3,y_animals_ct,n_quadrants,-0.011997925355980108,0.011087756592031242,-1.082087729505444,-0.8340344033751546,359
14,3,y_animals_ct,n_melon_tiles,0.0039685528042930135,0.008105064390985453,0.4896386521872527,0.16639197402804518,359
15,3,y_animals_ct,n_dry_plants,-0.014247695605791236,0.008329389978015354,-1.710532901376535,-0.02223486861496638,359
15,3,y_animals_ct,n_unfed,0.005267470146752527,0.006936976618597087,0.7593322619296652,0.0057042380107228475,359
15,3,y_animals_ct,n_weeds,-0.005197642023652828,0.008985670380954667,-0.5784367557783278,-0.019940162332983336,359
15,3,y_animals_ct,n_planted,-0.0005285292697052223,0.008487753110611462,-0.062269632824787334,-0.012081605346495921,359
15,3,y_animals_ct,n_empty,-0.009785999603042885,0.00765652086392221,-1.278126158991462,-0.02883000957527442,359
15,3,y_animals_ct,n_animals,0.00449161696375637,0.019368340741287335,0.23190509831240355,0.07677474804446591,359
15,3,y_animals_ct,n_structures,-0.018689732901528068,0.02060711955354103,-0.9069551352370601,-0.27088545259558267,359
15,3,y_animals_ct,n_money,0.008379686544935159,0.010982467749730163,0.7630057957730899,0.051640487739543835,359
15,3,y_animals_ct,n_output_per_day,-0.009702730618621922,0.0076428916186196275,-1.2695104291396873,-0.12946349363424153,359
15,3,y_animals_ct,n_revenue_per_day,0.008166221727928538,0.008680909073799608,0.9407104323411842,0.026144168457787678,359
15,3,y_animals_ct,n_shed,0.0015661338074756854,0.008255657140222401,0.1897043180058099,0.07016225225021662,359
15,3,y_animals_ct,n_labour,0.00014336179830415891,0.0075970770371446925,0.01887065217362077,0.005416111267610086,359
15,3,y_animals_ct,n_quadrants,-0.021574324655301257,0.012661375492318737,-1.7039479374408988,-1.4997367009903493,359
15,3,y_animals_ct,n_melon_tiles,0.003462867836256884,0.008107297360357866,0.42712974279063926,0.14518980683580843,359
16,3,y_animals_ct,n_dry_plants,-0.015110709412800408,0.007802997487216102,-1.9365262436078907,-0.0311637294460706,359
16,3,y_animals_ct,n_unfed,0.0049531559704710576,0.007594247720168125,0.6522247038790832,0.004851361130905357,359
16,3,y_animals_ct,n_weeds,0.022742407507293356,0.008119642878254132,2.800912287435895,0.09717379118472882,359
16,3,y_animals_ct,n_planted,0.011314166213771423,0.008474867000031494,1.3350258138244975,0.28994988071833566,359
16,3,y_animals_ct,n_empty,-0.015701695207140334,0.007871084506685005,-1.99485791237595,-0.04755227223996489,359
16,3,y_animals_ct,n_animals,-0.03693488352721143,0.020875347606678536,-1.7693062756662818,-0.6530501830314096,359
16,3,y_animals_ct,n_structures,0.009452285689748426,0.022643763422204942,0.41743439522421966,0.14138892197926958,359
16,3,y_animals_ct,n_money,0.012172496201266054,0.010681125040718595,1.1396267860232001,0.08064075456318265,359
16,3,y_animals_ct,n_output_per_day,-0.01326189241516105,0.007911004079247734,-1.6763854856237335,-0.18091008302019157,359
16,3,y_animals_ct,n_revenue_per_day,0.008654270312834845,0.008089272565049597,1.0698453097286362,0.027313592466773267,359
16,3,y_animals_ct,n_shed,-0.0017189266650298968,0.008511073639522521,-0.20196355217134865,-0.07700731935915611,359
16,3,y_animals_ct,n_labour,0.0025698950170050298,0.00827142867181918,0.3106954214283056,0.10637931046112287,359
16,3,y_animals_ct,n_quadrants,0.0011211412206740582,0.013511121321948382,0.0829791394776983,0.07793600321226493,359
16,3,y_animals_ct,n_melon_tiles,0.004295063899293893,0.008392804495898819,0.5117555045387623,0.1800818071532298,359
17,3,y_animals_ct,n_dry_plants,-0.01898875630935232,0.010173395958056676,-1.8665110831859884,-0.04492330609476316,359
17,3,y_animals_ct,n_unfed,0.0013176995291540694,0.010061161571213536,0.13096892638362967,0.0012430193237467422,359
17,3,y_animals_ct,n_weeds,0.01771989800355753,0.011289986106490025,1.569523455247769,0.08187516465939729,359
17,3,y_animals_ct,n_planted,-0.01866305385714062,0.012093283815761429,-1.543257740533359,-0.4990736355662857,359
17,3,y_animals_ct,n_empty,-0.00928102984352393,0.010872189532398725,-0.8536486432532105,-0.02536317991005255,359
17,3,y_animals_ct,n_animals,0.09057711769684536,0.025283671467537912,3.5824353204849495,1.603538743486385,359
17,3,y_animals_ct,n_structures,-0.10241939034104434,0.026610866058413857,-3.8487807994005987,-1.4999122679359949,359
17,3,y_animals_ct,n_money,0.018315076882108143,0.014718583152698472,1.2443505391855803,0.13127514175688043,359
17,3,y_animals_ct,n_output_per_day,0.0030446136258550634,0.010923994457109135,0.27870882192490354,0.03892949616994197,359
17,3,y_animals_ct,n_revenue_per_day,-0.004845391530225685,0.011690553816386989,-0.4144706577915718,-0.014596462123509969,359
17,3,y_animals_ct,n_shed,-0.016652884096168972,0.011623512672878996,-1.432689460134108,-0.7460434409064167,359
17,3,y_animals_ct,n_labour,-0.0037561224330106033,0.012412116710843876,-0.3026173956073953,-0.16567400611721733,359
17,3,y_animals_ct,n_quadrants,-0.03954190275300933,0.01710807533437663,-2.3113004812151257,-2.748750829199541,359
17,3,y_animals_ct,n_melon_tiles,0.013831631168241718,0.01245220785788985,1.1107774079982011,0.5799273759497265,359
18,3,y_animals_ct,n_dry_plants,0.0019175533126156302,0.010983933408914785,0.17457801692964606,0.004355642218118517,359
18,3,y_animals_ct,n_unfed,0.003306458892229841,0.010883892022290956,0.30379379779383947,0.0034753750070827673,359
18,3,y_animals_ct,n_weeds,-0.013059785246998655,0.01172900677225962,-1.1134604575288056,-0.0663109098212065,359
18,3,y_animals_ct,n_planted,-0.007189773982333533,0.011658929256024832,-0.6166753245044495,-0.1804333852074547,359
18,3,y_animals_ct,n_empty,0.006107792005177086,0.012305117776198932,0.49636192974853355,0.012775802691579798,359
18,3,y_animals_ct,n_animals,0.0703894951499037,0.017913455778678592,3.9294202090076036,1.1642359073606574,359
18,3,y_animals_ct,n_structures,-0.058278967918927824,0.020038959526754083,-2.9082831292273124,-0.8656533591718197,359
18,3,y_animals_ct,n_money,0.012446410841948275,0.016624952325614298,0.74865843812207,0.08285584513403171,359
18,3,y_animals_ct,n_output_per_day,0.0023461225746859923,0.012318761108210794,0.19045117882205193,0.02844552808794908,359
18,3,y_animals_ct,n_revenue_per_day,0.025720331541326254,0.011556200393319999,2.225673721978182,0.09727488808018596,359
18,3,y_animals_ct,n_shed,-0.018611141418580043,0.012241741152447156,-1.5203018252725944,-0.8337726908402365,359
18,3,y_animals_ct,n_labour,-0.010734206479449443,0.012212148158861515,-0.8789777473883961,-0.3772817676359681,359
18,3,y_animals_ct,n_quadrants,-0.029997667574550274,0.018314820727287642,-1.6378903196063563,-2.0852844167526037,359
18,3,y_animals_ct,n_melon_tiles,0.003812056135452644,0.012143147912975532,0.31392651747075245,0.15983044116170822,359
19,3,y_animals_ct,n_dry_plants,0.01188985635364755,0.013841734064870145,0.8589860416278048,0.0228429639083059,359
19,3,y_animals_ct,n_unfed,0.004641207962945442,0.01342022079682463,0.3458369301974228,0.005112489649543394,359
19,3,y_animals_ct,n_weeds,-0.03830510430112147,0.013475728379483586,-2.8425257041719467,-0.15239570486050805,359
19,3,y_animals_ct,n_planted,0.018527910640056423,0.0140542640575223,1.3183124042798728,0.4460052661683159,359
19,3,y_animals_ct,n_empty,-0.005373986735545179,0.014594562675296213,-0.3682184149746103,-0.011754093238914905,359
19,3,y_animals_ct,n_animals,-0.002021559623527555,0.02290788275112258,-0.08824733588391055,-0.03235152445163563,359
19,3,y_animals_ct,n_structures,0.03384625569321425,0.024540562093770056,1.3791964325791284,0.4871907994719614,359
19,3,y_animals_ct,n_money,-0.009218064794598258,0.021202124889174532,-0.4347707997562478,-0.06482360257413501,359
19,3,y_animals_ct,n_output_per_day,-0.010920179124436494,0.014270385462836231,-0.7652336478839665,-0.11963832969461587,359
19,3,y_animals_ct,n_revenue_per_day,-0.00311106874171626,0.014115760268749427,-0.2203968247182397,-0.009962405468628262,359
19,3,y_animals_ct,n_shed,-0.017868204781656644,0.015441769649846539,-1.1571345245286844,-0.8004893867720071,359
19,3,y_animals_ct,n_labour,0.007259148843929098,0.016900287520336604,0.4295281269738136,0.3218733974602771,359
19,3,y_animals_ct,n_quadrants,-0.018412427660688672,0.022912407187736662,-0.8036007526325518,-1.2799377944968213,359
19,3,y_animals_ct,n_melon_tiles,-0.002049567684393381,0.015879967763346336,-0.12906623709426737,-0.08593349508702278,359
20,3,y_animals_ct,n_dry_plants,0.011119101645217962,0.013591504532657117,0.8180920381920511,0.02470521657289681,359
20,3,y_animals_ct,n_unfed,-0.004326772390900536,0.011749088125691146,-0.36826452781806945,-0.00476610948437999,359
20,3,y_animals_ct,n_weeds,0.004123563992817037,0.012043852314446178,0.3423791561999616,0.016927830136174587,359
20,3,y_animals_ct,n_planted,0.016078048943569616,0.012557416740516381,1.280362774908469,0.3567261536470567,359
20,3,y_animals_ct,n_empty,0.007711958268117465,0.012963728969158244,0.5948873419418776,0.0155359410853077,359
20,3,y_animals_ct,n_animals,0.008837761600959122,0.021197706133429643,0.4169206585528428,0.13462454221581735,359
20,3,y_animals_ct,n_structures,0.021815549512274254,0.02241324874305578,0.9733327712714245,0.300249478217742,359
20,3,y_animals_ct,n_money,-0.026451396403326867,0.018809253209026735,-1.4062970022984536,-0.18885700070237021,359
20,3,y_animals_ct,n_output_per_day,0.0009841700285008622,0.01382657244092453,0.07117960960359707,0.010862481288776581,359
20,3,y_animals_ct,n_revenue_per_day,0.009210506375195113,0.012176663709729722,0.7564064011914436,0.029955965644914147,359
20,3,y_animals_ct,n_shed,-0.00040447739692317026,0.013287387749887216,-0.030440700951667756,-0.01812044731872315,359
20,3,y_animals_ct,n_labour,0.01511547392530959,0.014139082583978913,1.0690562018809504,0.5731044908121204,359
20,3,y_animals_ct,n_quadrants,-0.03896202516921376,0.02063611369302835,-1.8880505190459667,-2.708440705550496,359
20,3,y_animals_ct,n_melon_tiles,-0.005932442071152531,0.013049257396989313,-0.45461913200679505,-0.24873317698035405,359
21,3,y_animals_ct,n_dry_plants,-0.0025138423733740353,0.013694895262381039,-0.1835605402751339,-0.005558642487546892,359
21,3,y_animals_ct,n_unfed,-0.006482277329188903,0.012627820711892048,-0.5133330189812025,-0.006319998921930718,359
21,3,y_animals_ct,n_weeds,-0.017867019333748766,0.012480514950802601,-1.4315931196893257,-0.05215905037702248,359
21,3,y_animals_ct,n_planted,0.016103916246657395,0.012403918631028792,1.2982926384548301,0.3686147767923381,359
21,3,y_animals_ct,n_empty,-0.008224342915761566,0.0134935384784868,-0.6095023131904141,-0.01629901229499766,359
21,3,y_animals_ct,n_animals,0.025569842033184707,0.012952772607299606,1.9740825233645098,0.3763560361823749,359
21,3,y_animals_ct,n_structures,-0.0010441648250454417,0.0191183103879581,-0.054615957365307846,-0.012288417449982669,359
21,3,y_animals_ct,n_money,-0.001649855009671277,0.019107597608287338,-0.08634549688003178,-0.012360927821477432,359
21,3,y_animals_ct,n_output_per_day,0.00043682053608320114,0.013559584199295927,0.032214891670932125,0.004863814211486698,359
21,3,y_animals_ct,n_revenue_per_day,-0.0055667643649618586,0.012620634384345948,-0.4410843540374338,-0.015418492932405168,359
21,3,y_animals_ct,n_shed,-0.006691729550581774,0.013890082210334113,-0.4817631349656937,-0.2997871666373796,359
21,3,y_animals_ct,n_labour,0.0013535905199220778,0.014576540699738131,0.09286088845115324,0.057280308500923804,359
21,3,y_animals_ct,n_quadrants,-0.028003900031061076,0.02256356435320872,-1.241111536842746,-1.946687894915273,359
21,3,y_animals_ct,n_melon_tiles,0.004514829065120355,0.013481416534421961,0.3348927802647955,0.1892960375207605,359
22,3,y_animals_ct,n_dry_plants,0.0028062115931683004,0.011469482778330528,0.24466766700850012,0.00570819628307463,359
22,3,y_animals_ct,n_unfed,0.00017250026362823918,0.011309992413457282,0.015252022930005542,0.00017786135094641613,359
22,3,y_animals_ct,n_weeds,-0.016831657118618452,0.011625212362726295,-1.4478580341969052,-0.046921746827476414,359
22,3,y_animals_ct,n_planted,0.016633036795792852,0.011983195686336606,1.3880301408044313,0.35745063008606626,359
22,3,y_animals_ct,n_empty,-0.0008258043194593976,0.011964454716911507,-0.0690214756124356,-0.0016722689025978686,359
22,3,y_animals_ct,n_animals,0.013341350308149974,0.012069510556277335,1.1053762491811365,0.18070883483036465,359
22,3,y_animals_ct,n_structures,-0.01151367146146986,0.018208996188994866,-0.6323067643030471,-0.13550044773279574,359
22,3,y_animals_ct,n_money,-0.016152216580503382,0.017202119612912434,-0.9389666473647257,-0.12405484315651523,359
22,3,y_animals_ct,n_output_per_day,-0.010731693287130778,0.015608716170359317,-0.6875449056796918,-0.0973626699421139,359
22,3,y_animals_ct,n_revenue_per_day,0.003397983793527452,0.011851654205239136,0.28670966387336383,0.010253332946437533,359
22,3,y_animals_ct,n_shed,-0.029460039282623217,0.012981966825165732,-2.2693047732578164,-1.3197995583661462,359
22,3,y_animals_ct,n_labour,0.003328358139121607,0.012057791191930952,0.2760338179806047,0.10108097320710487,359
22,3,y_animals_ct,n_quadrants,-0.01942293369291976,0.0197319204933828,-0.9843407639633122,-1.3501830052889334,359
22,3,y_animals_ct,n_melon_tiles,0.0005957969338093689,0.01192587918502115,0.04995832379030698,0.024980347452894288,359
23,3,y_animals_ct,n_dry_plants,-0.004526871856875086,0.01575533090052085,-0.2873231851147876,-0.018580905033448763,359
23,3,y_animals_ct,n_unfed,-0.01805052375451766,0.01213607068610547,-1.487344975271413,-0.017915605585394345,359
23,3,y_animals_ct,n_weeds,0.015036915440772245,0.012351056707061955,1.2174598333901745,0.04075328435124897,359
23,3,y_animals_ct,n_planted,-0.0008185072477931505,0.012285005757316812,-0.06662652537266063,-0.019547616735663017,359
23,3,y_animals_ct,n_empty,-0.011309531215579429,0.012969726592446459,-0.8719945740541728,-0.020621022188419626,359
23,3,y_animals_ct,n_animals,0.01631862678983133,0.014101794082959173,1.1572021753991582,0.21835648798119386,359
23,3,y_animals_ct,n_structures,0.0027290982504188876,0.01915980447338092,0.1424387317840574,0.03211782063402216,359
23,3,y_animals_ct,n_money,0.015558597508365123,0.01784899752410149,0.871679066981569,0.12098555178829905,359
23,3,y_animals_ct,n_output_per_day,0.005598524965129763,0.015807797208535115,0.3541622460912484,0.05256967325841786,359
23,3,y_animals_ct,n_revenue_per_day,-0.004443800743655497,0.013661539236115083,-0.3252781891448987,-0.010909602963301703,359
23,3,y_animals_ct,n_shed,-0.03300124351727837,0.013594183516890119,-2.427600265678032,-1.4784442818217234,359
23,3,y_animals_ct,n_labour,0.012063761243383443,0.01277258455455197,0.944504316401968,0.36721107227485333,359
23,3,y_animals_ct,n_quadrants,0.01614038158998681,0.022741536115508245,0.7097313703000091,1.121996772795583,359
23,3,y_animals_ct,n_melon_tiles,0.008510301334806342,0.01268476936039563,0.6709070612964547,0.35681668066508176,359
24,3,y_animals_ct,n_dry_plants,-0.04770819776643237,0.02409032274759183,-1.9803884848824402,-0.06465431032145806,359
24,3,y_animals_ct,n_unfed,-0.018084665053898497,0.017874948134513093,-1.011732449112984,-0.019583389226911437,359
24,3,y_animals_ct,n_weeds,-0.007219440063152117,0.01853861548677048,-0.38942714294409153,-0.017054099976886866,359
24,3,y_animals_ct,n_planted,0.014906947261603243,0.019037718706674516,0.7830217207893166,0.33516766349271976,359
24,3,y_animals_ct,n_empty,-0.03728426352396701,0.018705365441926566,-1.9932389794640066,-0.06774831932770155,359
24,3,y_animals_ct,n_animals,0.04030357493501375,0.019942875969165313,2.020950990084336,0.5275849696231313,359
24,3,y_animals_ct,n_structures,-0.05834149493513986,0.027809054583229523,-2.0979316200962534,-0.6866010300508331,359
24,3,y_animals_ct,n_money,0.010357509808791672,0.025663322499736865,0.40359192808717076,0.08113093248096008,359
24,3,y_animals_ct,n_output_per_day,-0.04198192427329481,0.021599280465965622,-1.9436723523937052,-0.4273279422228925,359
24,3,y_animals_ct,n_revenue_per_day,0.0061822749844720045,0.021120073748256994,0.2927203312906148,0.013798383880217166,359
24,3,y_animals_ct,n_shed,-0.03648338121781071,0.019916378707323452,-1.8318280523755759,-1.634442845002304,359
24,3,y_animals_ct,n_labour,0.006864211414895318,0.022938463681431914,0.29924460113044615,0.3097584112430412,359
24,3,y_animals_ct,n_quadrants,0.08689341768996046,0.0343761484004291,2.527724068379802,6.040385952572385,359
24,3,y_animals_ct,n_melon_tiles,0.005258807332592109,0.020019372883061704,0.26268591745156816,0.22048927562626766,359
25,3,y_animals_ct,n_dry_plants,0.057847339655834974,0.03716453460248532,1.556519953083619,0.2679774158535299,359
25,3,y_animals_ct,n_unfed,0.014389536547910597,0.02760468641305552,0.5212715092139256,0.039900268259236836,359
25,3,y_animals_ct,n_weeds,-0.007479311381429028,0.02331853129351706,-0.32074538860465884,-0.0174594412778997,359
25,3,y_animals_ct,n_planted,-0.009303346778643673,0.023014631950072667,-0.40423617457042577,-0.20576492380124803,359
25,3,y_animals_ct,n_empty,-0.07686454064007034,0.022681223252917358,-3.388906311752109,-0.14018395183647242,359
25,3,y_animals_ct,n_animals,-0.1806005362215824,0.1600093093750255,-1.12868768027925,-1.4943994127754427,359
25,3,y_animals_ct,n_structures,0.1125488613551502,0.14159186548055208,0.7948822552282073,1.3245489205136918,359
25,3,y_animals_ct,n_money,0.018509546357186553,0.02979338948857147,0.6212635311026522,0.1434748555261008,359
25,3,y_animals_ct,n_output_per_day,-0.0007025735236797043,0.023533291367816966,-0.02985445226078793,-0.007595059158759305,359
25,3,y_animals_ct,n_revenue_per_day,-0.010045122168896102,0.025122595054361926,-0.39984413024051874,-0.02281755069818627,359
25,3,y_animals_ct,n_shed,0.0006163509438972867,0.024832599476869964,0.024820234565913233,0.02761230885506692,359
25,3,y_animals_ct,n_labour,0.007532044220020124,0.02519044524748952,0.2990040130700257,0.2875376572047613,359
25,3,y_animals_ct,n_quadrants,0.10096293841099568,0.050069163670709835,2.016469439653501,7.0184270698638995,359
25,3,y_animals_ct,n_melon_tiles,-0.007209820927370405,0.024757584425969096,-0.2912166552003261,-0.30229063229198694,359
0,3,y_dry_ct,n_dry_plants,-1.2091769210564005,0.32279059707792107,-3.746010360904371,-5.601504037044119,359
0,3,y_dry_ct,n_unfed,-0.618902257945279,0.2146409504162595,-2.8834304765471064,-1.7161335277229426,359
0,3,y_dry_ct,n_weeds,-0.1873042255494955,0.19397329798376875,-0.9656186057380366,-0.7558875789459734,359
0,3,y_dry_ct,n_planted,-0.6302685289304779,0.22415887168108886,-2.811704592389106,-10.17441372660873,359
0,3,y_dry_ct,n_empty,-5.004884612014391,0.24974637696580504,-20.039868737313668,-2.3826884740774275,359
0,3,y_dry_ct,n_animals,3.16392565668393,1.2784094540953934,2.4748922550191357,26.1802580564464,359
0,3,y_dry_ct,n_structures,-3.206183781186338,1.1664476790279685,-2.7486734628835947,-37.73247650136747,359
0,3,y_dry_ct,n_money,1.110368468195119,0.2124781502213254,5.225800709571861,2.1803343010571234,359
0,3,y_dry_ct,n_output_per_day,-0.2745481990659085,0.28016932397331634,-0.9799366867589572,-3.01852910116416,359
0,3,y_dry_ct,n_revenue_per_day,-0.3050729921370758,0.16915790449632997,-1.803480558862649,-2.107201238485907,359
0,3,y_dry_ct,n_shed,0.3829638460633585,0.1895797425627905,2.0200673388746555,17.15664768996926,359
0,3,y_dry_ct,n_labour,0.3569239482057618,0.18325058034992497,1.9477370686859488,11.175216902909765,359
0,3,y_dry_ct,n_quadrants,0.7877100805081189,0.4494618093411467,1.7525628743914876,54.75757579219542,359
0,3,y_dry_ct,n_melon_tiles,1.2860566775469853,0.20047055843290976,6.415189779487655,7.317676761541776,359
1,3,y_dry_ct,n_dry_plants,-0.11493641797580667,0.364420957697736,-0.3153946433320641,-0.5324421911165813,359
1,3,y_dry_ct,n_unfed,3.2549192952428196,0.30750596514297274,10.584898064430938,1.8276816698783878,359
1,3,y_dry_ct,n_weeds,-0.5082770136280338,0.21414078230554132,-2.3735647556513157,-2.0512098973637856,359
1,3,y_dry_ct,n_planted,-0.8883891500051897,0.25729491223763445,-3.4528049632970754,-10.771017110180644,359
1,3,y_dry_ct,n_empty,1.2702533851142732,0.23105856767847155,5.497538558630244,2.804844814874069,359
1,3,y_dry_ct,n_animals,-0.042260601411957685,0.3316542210919191,-0.12742368021978231,-0.4654316166542851,359
1,3,y_dry_ct,n_structures,1.0755561132440112,0.3635287685440072,2.958654737427773,13.684715693593388,359
1,3,y_dry_ct,n_money,-0.987542628259414,0.2620369425718393,-3.7687152756664153,-1.684717570161254,359
1,3,y_dry_ct,n_output_per_day,-0.6332961381511595,0.2829335145909844,-2.2383213917469895,-7.771014211094812,359
1,3,y_dry_ct,n_revenue_per_day,-0.9431368449718166,0.2161689694985273,-4.362961285145239,-5.4324396660614696,359
1,3,y_dry_ct,n_shed,0.12029564732561569,0.2088122855478255,0.5760946824082517,3.4248209809184176,359
1,3,y_dry_ct,n_labour,1.0758117061926669,0.19826545031211,5.426117886394837,12.370235861709311,359
1,3,y_dry_ct,n_quadrants,3.0884347005919186,0.3736321747891766,8.265976296967947,214.69218356050388,359
1,3,y_dry_ct,n_melon_tiles,0.14716728280643526,0.2132281325827715,0.6901869890423931,0.8814864494352442,359
2,3,y_dry_ct,n_dry_plants,-0.6572966546584321,0.4678289691479126,-1.4049934869480387,-2.3842835121439574,359
2,3,y_dry_ct,n_unfed,-0.7009254026790736,0.43689630435070553,-1.6043289808110313,-1.0241128400951336,359
2,3,y_dry_ct,n_weeds,-1.2093206534669658,0.42416725342861866,-2.851046712568719,-4.938543862348308,359
2,3,y_dry_ct,n_planted,-1.0466072559182524,0.6251224745534979,-1.674243525903953,-12.032077013271547,359
2,3,y_dry_ct,n_empty,3.2552279002092583,0.4474221409206483,7.275518134867141,6.022035821040422,359
2,3,y_dry_ct,n_animals,-0.9781795740446606,0.9333950203633748,-1.0479802792003872,-9.338195162339082,359
2,3,y_dry_ct,n_structures,-3.8315837461065763,0.9254210182979493,-4.140368189555163,-49.486138522222184,359
2,3,y_dry_ct,n_money,-0.6759100875438222,0.39151540527452594,-1.7263946154810488,-1.656413082081324,359
2,3,y_dry_ct,n_output_per_day,-0.9233655182005365,0.5846033331845039,-1.5794735777004498,-11.162505490161045,359
2,3,y_dry_ct,n_revenue_per_day,-1.384853030310832,0.41305068967950903,-3.352743537083441,-9.505661875472326,359
2,3,y_dry_ct,n_shed,-1.171012810362986,0.49407668170833696,-2.370103374063416,-20.109511789932395,359
2,3,y_dry_ct,n_labour,0.2042339846440357,0.4648274610608781,0.43937590128154524,4.5710422268021,359
2,3,y_dry_ct,n_quadrants,-2.670475348170841,0.689476560063365,-3.873192364836038,-185.63778717206236,359
2,3,y_dry_ct,n_melon_tiles,0.5545090622699452,0.42295570445509145,1.3110334165709825,3.6639455094611293,359
3,3,y_dry_ct,n_dry_plants,0.3515655648134337,0.38741234321626566,0.907471253741595,1.1829270058264454,359
3,3,y_dry_ct,n_unfed,6.243333652609876,0.6094256348064713,10.244619353093842,3.4942468175578862,359
3,3,y_dry_ct,n_weeds,1.3211280489449204,0.33213113906570585,3.977730160024412,5.395135524055081,359
3,3,y_dry_ct,n_planted,1.8281193117117083,0.47857414274710675,3.8199291362002032,17.154510721767988,359
3,3,y_dry_ct,n_empty,-0.6487150144992601,0.4097453115044369,-1.5832152224449199,-1.128098161427528,359
3,3,y_dry_ct,n_animals,-5.500395345415434,1.033426824659703,-5.322481683428974,-31.585778360047346,359
3,3,y_dry_ct,n_structures,0.5045069570738157,0.984947618462034,0.5122170434419528,3.245027038564646,359
3,3,y_dry_ct,n_money,0.40216292148165583,0.36127072163041013,1.1131899082956398,0.9384995983340642,359
3,3,y_dry_ct,n_output_per_day,0.22154237318879555,0.44051220457299084,0.5029199438493355,2.6554101402027324,359
3,3,y_dry_ct,n_revenue_per_day,0.12353125707744647,0.3302815878635997,0.3740179943922961,0.8198803750630409,359
3,3,y_dry_ct,n_shed,-0.008270777667839513,0.35053327883909724,-0.02359484296392865,-0.2690375835347405,359
3,3,y_dry_ct,n_labour,0.040805333806663936,0.31796446250177557,0.1283330013851346,0.7989034858455477,359
3,3,y_dry_ct,n_quadrants,1.8695484387300008,0.5653326883411375,3.3069880395839824,129.96144503432376,359
3,3,y_dry_ct,n_melon_tiles,-3.720058438846342,0.3536989693135667,-10.517583486505378,-25.79557625613562,359
4,3,y_dry_ct,n_dry_plants,-1.2980153666473555,0.43339977482254655,-2.9949608699700447,-4.655838647614365,359
4,3,y_dry_ct,n_unfed,2.3727829634927735,0.5482254475058815,4.328115329719928,1.499654758868753,359
4,3,y_dry_ct,n_weeds,-0.08398549769275943,0.32944597124991254,-0.2549295029291748,-0.3439027876250968,359
4,3,y_dry_ct,n_planted,-3.20493091640146,0.5949336785776015,-5.387038978973213,-27.382434811594486,359
4,3,y_dry_ct,n_empty,1.1370324274770565,0.3490120218503992,3.2578603494765432,1.9374312258355286,359
4,3,y_dry_ct,n_animals,-7.3718265911149965,1.4806371999189982,-4.978820329192249,-34.51191508911955,359
4,3,y_dry_ct,n_structures,11.510089456987412,1.5700579850667304,7.330996413166366,51.75807927114531,359
4,3,y_dry_ct,n_money,-0.5470181326867553,0.40073573948526026,-1.3650345571607683,-0.9959466867305949,359
4,3,y_dry_ct,n_output_per_day,0.22244415289156347,0.35680759444025245,0.6234288629437,2.55850325794628,359
4,3,y_dry_ct,n_revenue_per_day,0.04676036653951806,0.4175448412960115,0.1119888498547347,0.21961323838464644,359
4,3,y_dry_ct,n_shed,2.6758085725412646,0.6423138749894923,4.165889414400457,9.412434961985005,359
4,3,y_dry_ct,n_labour,-0.053657598999422226,0.41589242109462604,-0.12901797743319243,-0.40961507531578945,359
4,3,y_dry_ct,n_quadrants,1.7257285450485649,0.6326821758383765,2.7276389488320523,119.96382164018522,359
4,3,y_dry_ct,n_melon_tiles,-3.9620989282317134,0.3321476097910703,-11.928729310212347,-166.12137836485772,359
5,3,y_dry_ct,n_dry_plants,4.926518177352739,0.7670253270840196,6.422888532353627,23.125113162343553,359
5,3,y_dry_ct,n_unfed,1.379832794627877,0.5379866568842364,2.564808582092378,1.1132150422949276,359
5,3,y_dry_ct,n_weeds,-1.0935649373564846,0.5216543413279618,-2.096340144649472,-4.452771501733526,359
5,3,y_dry_ct,n_planted,2.687336931140997,0.5824217678730623,4.614073647959354,47.29544386781901,359
5,3,y_dry_ct,n_empty,-0.30480463898983085,0.4978150546275418,-0.6122848960802951,-0.6218579441371506,359
5,3,y_dry_ct,n_animals,6.052290006284398,4.251509162511462,1.423562733829127,19.391088082369844,359
5,3,y_dry_ct,n_structures,-21.67755520386521,4.460547806603463,-4.859841468748172,-66.13675471400464,359
5,3,y_dry_ct,n_money,0.5800902031337196,0.6294769657354667,0.9215431774472561,1.167256630610636,359
5,3,y_dry_ct,n_output_per_day,0.7667541321901938,0.5975359970954568,1.2831932066307032,8.512313899276975,359
5,3,y_dry_ct,n_revenue_per_day,-0.46961281349033357,0.5187352627171973,-0.9053034317166825,-2.503779070255653,359
5,3,y_dry_ct,n_shed,1.1173435936917255,0.4865500732151133,2.296461670036017,13.075715634563068,359
5,3,y_dry_ct,n_labour,0.361646118079444,0.49554038796546895,0.729801499256696,8.24083166984539,359
5,3,y_dry_ct,n_quadrants,2.636259018060473,0.8506109153645721,3.0992536898384047,183.25924291356984,359
5,3,y_dry_ct,n_melon_tiles,2.590719713095016,0.500166004143094,5.179719716324081,108.62271172225093,359
6,3,y_dry_ct,n_dry_plants,-0.3678548685809184,0.5500487496653853,-0.6687677570482579,-1.233656373984675,359
6,3,y_dry_ct,n_unfed,-0.7339148249153953,0.4943227493213456,-1.4846875364789198,-1.3547819797155458,359
6,3,y_dry_ct,n_weeds,-2.3900321080362765,0.4863236183278111,-4.914489072634865,-9.669512530989378,359
6,3,y_dry_ct,n_planted,-0.12540719703456504,0.7459796242034183,-0.16811075392103234,-2.3412838797437634,359
6,3,y_dry_ct,n_empty,6.812008527473789,0.7567032629735868,9.00221904780073,6.004276883966523,359
6,3,y_dry_ct,n_animals,-2.5242663548764623,0.9034988903681195,-2.7938787549013826,-29.141582502669547,359
6,3,y_dry_ct,n_structures,-0.2169099834036318,0.9814375814146754,-0.2210125101292441,-2.5597870657164683,359
6,3,y_dry_ct,n_money,-1.7428314126959046,0.5575569134284858,-3.1258358935575217,-3.584034103636749,359
6,3,y_dry_ct,n_output_per_day,-1.9818734153905584,0.6788666608212951,-2.91938539593752,-20.769798973975398,359
6,3,y_dry_ct,n_revenue_per_day,-1.5647596605490226,0.6716201560342816,-2.3298283210981423,-6.603155994113227,359
6,3,y_dry_ct,n_shed,0.5342540366067067,0.6046004174509608,0.883648143775951,2.4099028381517327,359
6,3,y_dry_ct,n_labour,2.75020171424866,0.6404969090969485,4.293856340581305,31.00241210610957,359
6,3,y_dry_ct,n_quadrants,1.8053048135162426,1.0372362878791772,1.7404952320049702,125.49555680481353,359
6,3,y_dry_ct,n_melon_tiles,-4.419153405947744,0.6008044083112586,-7.35539444254263,-185.28458483731782,359
7,3,y_dry_ct,n_dry_plants,0.9224678335695032,0.7225277464922325,1.276723057416066,2.145986878884496,359
7,3,y_dry_ct,n_unfed,0.6547232027165313,0.8109053542306685,0.8073978045658459,0.4231790610196055,359
7,3,y_dry_ct,n_weeds,2.0599293403442003,0.659620923947882,3.122898721913436,8.206573906309599,359
7,3,y_dry_ct,n_planted,-0.44921783997883974,0.6622205951862647,-0.6783507538790559,-12.372571854270173,359
7,3,y_dry_ct,n_empty,-1.9080840118232483,0.6213561142885295,-3.070838071671764,-3.60108502016356,359
7,3,y_dry_ct,n_animals,-13.087975503923923,1.364817348092934,-9.589543628099259,-97.6327887475478,359
7,3,y_dry_ct,n_structures,3.9022036785441157,1.0932345673226034,3.569411172298407,38.722132327930616,359
7,3,y_dry_ct,n_money,4.321306667436813,0.6773753637771032,6.379486025799398,8.820004880788831,359
7,3,y_dry_ct,n_output_per_day,2.6267880245177144,0.7207362475656534,3.6445898668062133,28.474532623205796,359
7,3,y_dry_ct,n_revenue_per_day,-0.9074048031491518,0.6593581920710715,-1.376194023310692,-5.804909306895698,359
7,3,y_dry_ct,n_shed,2.2952093126100137,0.670655059305071,3.422339518303637,12.925037480074408,359
7,3,y_dry_ct,n_labour,-1.0824241101538568,0.7711652414344022,-1.4036214964000437,-37.56689200228037,359
7,3,y_dry_ct,n_quadrants,5.241050848596616,1.038449870066871,5.046994563405471,364.33104789982605,359
7,3,y_dry_ct,n_melon_tiles,3.3123238192725575,0.7508356194646574,4.411516626814043,138.87785449463348,359
8,3,y_dry_ct,n_dry_plants,-0.8523297988859587,0.8201961357681602,-1.0391780230562822,-2.0341816482033335,359
8,3,y_dry_ct,n_unfed,5.288311988709471,1.1145662253656246,4.744726574658839,4.185647934456251,359
8,3,y_dry_ct,n_weeds,-1.7836652737926397,0.7803431948144013,-2.285744638571329,-6.0184423147990245,359
8,3,y_dry_ct,n_planted,-0.7199008705779174,0.8894666707640292,-0.8093623901157992,-16.470934169474013,359
8,3,y_dry_ct,n_empty,-19.057758542265773,1.1136429308847677,-17.112988385895605,-14.301918689010021,359
8,3,y_dry_ct,n_animals,3.993678404037094,2.0482316752762855,1.9498177145895315,43.04873625404555,359
8,3,y_dry_ct,n_structures,0.1917082000673862,2.15049581563564,0.08914604654123515,2.147660482140736,359
8,3,y_dry_ct,n_money,-1.9696372801245015,1.0147468443241625,-1.9410134568452992,-3.6344376256000555,359
8,3,y_dry_ct,n_output_per_day,-1.8635111302360465,0.9198126369157773,-2.0259681759587296,-20.67482954179719,359
8,3,y_dry_ct,n_revenue_per_day,2.265453189972304,0.9306927923227166,2.434157875359113,9.890478846659184,359
8,3,y_dry_ct,n_shed,0.04988087623714785,0.8917674671579421,0.05593484632952346,0.20431629355304556,359
8,3,y_dry_ct,n_labour,2.0386685497832358,1.0836036648092726,1.8813784190569955,28.2201269691143,359
8,3,y_dry_ct,n_quadrants,-4.423442702436974,0.9095083464086242,-4.863553720978838,-92.10443272781134,359
8,3,y_dry_ct,n_melon_tiles,0.45720041346386814,0.9335375590336222,0.48975042197247215,19.169325211043503,359
9,3,y_dry_ct,n_dry_plants,0.5412392846564814,0.6035980896446189,0.8966882002147281,1.6030988394399541,359
9,3,y_dry_ct,n_unfed,-2.935907392121284,0.7136577611199684,-4.113887008688676,-2.136299639758512,359
9,3,y_dry_ct,n_weeds,0.44331240883520445,0.5563463615947425,0.7968280902646129,1.4781898167243899,359
9,3,y_dry_ct,n_planted,3.3212335983811747,1.834157781992031,1.810767661860622,23.520140044842147,359
9,3,y_dry_ct,n_empty,-2.8418195835755453,0.791459925881987,-3.590604515331182,-2.6209325290712435,359
9,3,y_dry_ct,n_animals,-4.043700169799137,1.3428582459752523,-3.011263610227448,-54.185892369548476,359
9,3,y_dry_ct,n_structures,4.855932644284082,1.3948119604786875,3.4814245804270043,67.58244379996614,359
9,3,y_dry_ct,n_money,0.6443033698067253,0.749853232998023,0.8592393037110824,0.9719096275102633,359
9,3,y_dry_ct,n_output_per_day,1.64335260589824,0.6044117392257412,2.7189290002927384,19.153535651694902,359
9,3,y_dry_ct,n_revenue_per_day,0.26141303510563946,0.7165676121494879,0.3648127973876446,0.9107852454548333,359
9,3,y_dry_ct,n_shed,1.4928002802252456,0.5723308375031245,2.6082821025996106,9.883053488244865,359
9,3,y_dry_ct,n_labour,2.3096934642500564,0.6975688507534942,3.3110616418081036,99.00927146730533,359
9,3,y_dry_ct,n_quadrants,-11.401729002698827,2.1447056136057614,-5.316220991061707,-61.605514666773026,359
9,3,y_dry_ct,n_melon_tiles,2.1373201940813784,0.6151370464728588,3.4745431222791447,89.6127489694723,359
10,3,y_dry_ct,n_dry_plants,0.3980525051800428,0.6895979265786666,0.5772240458362726,0.6800097911736205,359
10,3,y_dry_ct,n_unfed,1.4531120178049948,0.8232653897087476,1.7650590392474441,1.1533138896083044,359
10,3,y_dry_ct,n_weeds,-3.417859552253167,0.6782268230809608,-5.039404865656829,-10.355202105982876,359
10,3,y_dry_ct,n_planted,12.69644379445551,2.256792208878269,5.62588072774597,56.50885364667837,359
10,3,y_dry_ct,n_empty,5.282657194755213,0.9815503539460947,5.381952309952841,5.597236976096415,359
10,3,y_dry_ct,n_animals,6.816951424721529,1.8765048554539385,3.632791785701223,96.85867336190788,359
10,3,y_dry_ct,n_structures,-7.626705026885798,1.8027199410037638,-4.230665481316643,-92.8384821515885,359
10,3,y_dry_ct,n_money,3.641198223811656,0.9656085757095757,3.7708843059268897,10.915450076588302,359
10,3,y_dry_ct,n_output_per_day,-4.003718448721708,1.4080608325389823,-2.843427184535981,-21.97351467122762,359
10,3,y_dry_ct,n_revenue_per_day,0.9476666762692402,0.809544665212748,1.1706169121875365,2.5361482529727986,359
10,3,y_dry_ct,n_shed,-0.6159620329445855,0.6760084967880559,-0.9111749865145611,-1.9378722196198506,359
10,3,y_dry_ct,n_labour,0.8869887820983351,0.6817094006034676,1.301124469331285,13.968384464816781,359
10,3,y_dry_ct,n_quadrants,8.816360593513528,2.1032069506579645,4.191865470373911,52.28523127892544,359
10,3,y_dry_ct,n_melon_tiles,-1.1410856237202927,0.6942913755735615,-1.6435255627043182,-47.84300444747818,359
11,3,y_dry_ct,n_dry_plants,3.1322736226814905,0.9659356930785451,3.2427351480289377,7.059773803306312,359
11,3,y_dry_ct,n_unfed,-2.1156076833035264,0.9118504719673508,-2.320125665712521,-2.4950231668652822,359
11,3,y_dry_ct,n_weeds,-2.391420650452389,1.062486729602003,-2.2507769592079434,-8.295137071470254,359
11,3,y_dry_ct,n_planted,-0.02438055295027728,0.951936721751831,-0.025611526893731144,-0.43117524867525847,359
11,3,y_dry_ct,n_empty,-6.402245356128738,1.335611644034709,-4.7934932169267315,-8.573958270672003,359
11,3,y_dry_ct,n_animals,8.103579754536293,2.269279590100718,3.5709922170395183,120.60074763945552,359
11,3,y_dry_ct,n_structures,-9.08961514964251,2.2382147563035204,-4.061100537400748,-121.7460592032718,359
11,3,y_dry_ct,n_money,-3.7758321236644927,1.5361934924346339,-2.4579144113417453,-13.640595149429958,359
11,3,y_dry_ct,n_output_per_day,-9.472212160064522,1.0713935081824368,-8.84102067795206,-83.44294006608669,359
11,3,y_dry_ct,n_revenue_per_day,3.07827065094733,0.8823466029025191,3.4887317986165747,9.593295280340522,359
11,3,y_dry_ct,n_shed,0.3924258215839683,0.9341434872724611,0.4200915886378274,17.58054091677626,359
11,3,y_dry_ct,n_labour,2.3641695780817207,1.028173887346503,2.2993869103047704,44.68478243767768,359
11,3,y_dry_ct,n_quadrants,4.296553020347606,1.0067423317361457,4.267778243652595,137.40714485026317,359
11,3,y_dry_ct,n_melon_tiles,0.7858454868379721,1.1549339153579328,0.6804246341613631,32.948630970602544,359
12,3,y_dry_ct,n_dry_plants,1.6695431677986325,0.5263762120294366,3.1717678908051914,3.6097844927983416,359
12,3,y_dry_ct,n_unfed,7.169415990292242,0.679665158737997,10.548453011192189,5.152307176406985,359
12,3,y_dry_ct,n_weeds,-1.407424819839496,0.6045735415936858,-2.3279629739162164,-4.849563531163036,359
12,3,y_dry_ct,n_planted,-1.1626047718826826,0.6106320665829276,-1.903936651064809,-22.7019032761445,359
12,3,y_dry_ct,n_empty,1.031794663225366,0.5676449996051153,1.8176759487763277,2.3173751897628208,359
12,3,y_dry_ct,n_animals,-1.273869895666796,1.4091304185792262,-0.9040113525838096,-19.872370299652353,359
12,3,y_dry_ct,n_structures,2.382774410631683,1.3372078888473504,1.7819027471379878,33.406026146240336,359
12,3,y_dry_ct,n_money,0.876269503234824,0.7590140349611297,1.154483926347553,3.5438236690739484,359
12,3,y_dry_ct,n_output_per_day,0.8583681212162275,0.5393856843572663,1.5913809841636077,9.674751682529795,359
12,3,y_dry_ct,n_revenue_per_day,-0.7489073481646378,0.5314849787099265,-1.4090846931976526,-2.7502956661091122,359
12,3,y_dry_ct,n_shed,-1.3048101191396573,0.5111323367975749,-2.5527833502273696,-48.29586647285547,359
12,3,y_dry_ct,n_labour,4.892713724605261,0.6249815601504656,7.8285729316995045,90.19099671303081,359
12,3,y_dry_ct,n_quadrants,-0.4256110063689739,0.5908322424326619,-0.7203584635404888,-13.611374728776532,359
12,3,y_dry_ct,n_melon_tiles,-1.4738174638324377,0.6298317793148366,-2.340017624127719,-61.793658609961135,359
13,3,y_dry_ct,n_dry_plants,-1.5438034706470785,0.4628545684865908,-3.3353964198622865,-3.732306899736394,359
13,3,y_dry_ct,n_unfed,0.6632787206213119,0.4834187743258665,1.3720582564180763,0.6665719448191462,359
13,3,y_dry_ct,n_weeds,0.45902761128715863,0.5790920161124586,0.7926678291451635,1.9095049420625603,359
13,3,y_dry_ct,n_planted,-0.5623745461096498,0.546852865267889,-1.0283836509371804,-12.205053817084652,359
13,3,y_dry_ct,n_empty,0.3975452694203427,0.4829964471240483,0.8230811464297186,1.096639212411222,359
13,3,y_dry_ct,n_animals,0.855558653274922,1.353661293681082,0.6320330331292524,13.795091375149733,359
13,3,y_dry_ct,n_structures,-2.843485447771821,1.2889323141119489,-2.206078175432301,-41.97626880832321,359
13,3,y_dry_ct,n_money,-3.327379664833681,0.8623312901840509,-3.8585862564763307,-13.78839143294916,359
13,3,y_dry_ct,n_output_per_day,-1.4775181032534106,0.48663301245591994,-3.0362060637783936,-18.279610433231653,359
13,3,y_dry_ct,n_revenue_per_day,-1.6297978625927565,0.6093994325725207,-2.6744328522143883,-4.1103627581130935,359
13,3,y_dry_ct,n_shed,-0.25920504920343623,0.5154023889510593,-0.5029178264597632,-11.612296446147466,359
13,3,y_dry_ct,n_labour,1.937188347202161,0.5416835263697007,3.57623640538779,78.22968338893025,359
13,3,y_dry_ct,n_quadrants,-2.370982950162468,0.6744928080474708,-3.515208645479876,-164.81860751582226,359
13,3,y_dry_ct,n_melon_tiles,-1.2322369396163966,0.546317089417069,-2.255534310543383,-51.66476218516024,359
14,3,y_dry_ct,n_dry_plants,-0.576157717433242,0.48878642276312423,-1.1787514763118934,-1.1639150939269094,359
14,3,y_dry_ct,n_unfed,-0.0070389624096239434,0.4727224032670877,-0.014890266170962362,-0.010038148510057372,359
14,3,y_dry_ct,n_weeds,-0.3935822787030402,0.524068849339857,-0.7510125419566835,-1.712490244498301,359
14,3,y_dry_ct,n_planted,0.4779468280514782,0.4974653668168163,0.960764024860196,11.166495269478807,359
14,3,y_dry_ct,n_empty,0.8365672057125372,0.4839147274633724,1.7287492159987157,2.528821140950327,359
14,3,y_dry_ct,n_animals,0.8857626265966062,1.2964356937451706,0.6832291264966615,14.607281970667922,359
14,3,y_dry_ct,n_structures,-0.20545909370272333,1.2541117835632465,-0.1638283735114604,-3.0742305476692127,359
14,3,y_dry_ct,n_money,3.6099631545696504,0.8011267852535673,4.506107174318293,17.81150306182532,359
14,3,y_dry_ct,n_output_per_day,1.3523413238044204,0.49004128571280453,2.7596477342461685,17.628254141278223,359
14,3,y_dry_ct,n_revenue_per_day,1.703913792497901,0.5958006305378042,2.859872422356871,4.244099809230072,359
14,3,y_dry_ct,n_shed,0.4351867271283094,0.5213909827301956,0.8346648514124873,19.496214677810453,359
14,3,y_dry_ct,n_labour,1.5062012270723124,0.5086804294861793,2.9609970027620953,33.0421598202474,359
14,3,y_dry_ct,n_quadrants,0.9707457085807168,0.70948928506179,1.3682316689196705,67.48127645931423,359
14,3,y_dry_ct,n_melon_tiles,2.184220769633471,0.518631184984065,4.211510670536677,91.57917848018015,359
15,3,y_dry_ct,n_dry_plants,2.0926837995191625,0.5875879352547243,3.5614819058733165,3.265829831180843,359
15,3,y_dry_ct,n_unfed,0.04630039882071465,0.4893616193971231,0.09461387445495863,0.05013953330662435,359
15,3,y_dry_ct,n_weeds,-0.42616724803673817,0.6338845365579485,-0.6723105289030485,-1.634942165732524,359
15,3,y_dry_ct,n_planted,-0.6767785873487137,0.5987594935979186,-1.1303012220849842,-15.470423811847756,359
15,3,y_dry_ct,n_empty,-1.5163231031278717,0.5401211010099347,-2.8073761611842327,-4.467158323692687,359
15,3,y_dry_ct,n_animals,-3.079012757680249,1.366318947188332,-2.253509522074893,-52.6292492445532,359
15,3,y_dry_ct,n_structures,1.4088998823285412,1.4537072777204174,0.9691771541089487,20.420328331991648,359
15,3,y_dry_ct,n_money,-0.6020497075859883,0.7747464779651416,-0.7770925389261034,-3.7101794173890252,359
15,3,y_dry_ct,n_output_per_day,-1.9828604279894078,0.5391596404314816,-3.67768705091233,-26.457298309808824,359
15,3,y_dry_ct,n_revenue_per_day,-0.13285446641154325,0.6123854750793264,-0.2169458156961246,-0.4253337303289148,359
15,3,y_dry_ct,n_shed,-1.4988220700885158,0.5823865308261186,-2.573586425431969,-67.14670972414656,359
15,3,y_dry_ct,n_labour,0.5555995845501197,0.5359276996285572,1.0367062290961948,20.99017454968748,359
15,3,y_dry_ct,n_quadrants,-5.968992220587959,0.8931832346249428,-6.682830565101686,-414.93380878283824,359
15,3,y_dry_ct,n_melon_tiles,-0.3140226277744561,0.5719206483358599,-0.5490667782115931,-13.166221416618932,359
16,3,y_dry_ct,n_dry_plants,-1.9238237615478717,0.5928725539056411,-3.2449195849502233,-3.967618036252658,359
16,3,y_dry_ct,n_unfed,-0.15729055963186803,0.5770117250741945,-0.2725950839415663,-0.15405800096051198,359
16,3,y_dry_ct,n_weeds,2.1191052115388493,0.6169313033765632,3.4349127689592818,9.054515765690548,359
16,3,y_dry_ct,n_planted,3.151073847601748,0.6439212687881978,4.89357006879395,80.75305497410046,359
16,3,y_dry_ct,n_empty,1.1373829665352522,0.5980458126676087,1.9018325058776138,3.4445417359259403,359
16,3,y_dry_ct,n_animals,4.523666809959561,1.586111064307812,2.8520492112787292,79.98350491726171,359
16,3,y_dry_ct,n_structures,-1.175422005691079,1.720475480371763,-0.6831960229023967,-17.582165384148023,359
16,3,y_dry_ct,n_money,-3.3169581186878037,0.811552982280353,-4.0871738396766215,-21.974293614290765,359
16,3,y_dry_ct,n_output_per_day,2.383656883424651,0.6010789059083615,3.965630568622974,32.516291881468106,359
16,3,y_dry_ct,n_revenue_per_day,-1.0411097686517534,0.6146237638467881,-1.6938976816250775,-3.2858284876955475,359
16,3,y_dry_ct,n_shed,0.37294056849505797,0.6466722529911983,0.5767072373524799,16.70760832579478,359
16,3,y_dry_ct,n_labour,1.8871210244583467,0.6284640036273241,3.002751173601662,78.11627790637247,359
16,3,y_dry_ct,n_quadrants,10.31261499305365,1.0265763916233661,10.045638178709625,716.8802470238868,359
16,3,y_dry_ct,n_melon_tiles,0.44260272715618176,0.637686151259999,0.6940761160982508,18.557278966288848,359
17,3,y_dry_ct,n_dry_plants,-0.6562993894962917,0.5519503976599405,-1.1890550170427474,-1.5526629487380963,359
17,3,y_dry_ct,n_unfed,1.4151378957211442,0.5458612004337052,2.5924866881851454,1.3349354016062729,359
17,3,y_dry_ct,n_weeds,0.501583564789629,0.6125302059158932,0.818871559223157,2.3175775023848044,359
17,3,y_dry_ct,n_planted,-1.7688635045665189,0.6561125546124011,-2.695975701320753,-47.301644564818666,359
17,3,y_dry_ct,n_empty,-0.9870627623042783,0.589862948476844,-1.6733764425331201,-2.6974431550078117,359
17,3,y_dry_ct,n_animals,-4.645998645444559,1.3717477013916,-3.3869192131551027,-82.25078275387744,359
17,3,y_dry_ct,n_structures,1.50140193811113,1.443753704620637,1.0399294099166594,21.987742541495006,359
17,3,y_dry_ct,n_money,0.9906274762962151,0.7985463121278783,1.240538540158679,7.100421320430605,359
17,3,y_dry_ct,n_output_per_day,-1.7615881398658506,0.5926735880029709,-2.972273736377502,-22.524282937432872,359
17,3,y_dry_ct,n_revenue_per_day,-1.9508386473894914,0.6342627235215085,-3.075758002233181,-5.876788748250821,359
17,3,y_dry_ct,n_shed,-1.0206440197997246,0.6306254537276881,-1.6184630889327398,-45.7244986558884,359
17,3,y_dry_ct,n_labour,-0.147853885119393,0.6734106076866514,-0.21955978036537221,-6.5214981419258535,359
17,3,y_dry_ct,n_quadrants,-7.9748005425525745,0.928186519323206,-8.59180819429209,-554.3673439532209,359
17,3,y_dry_ct,n_melon_tiles,-1.7168045932500997,0.6755857244958171,-2.541209103450689,-71.98153064318095,359
18,3,y_dry_ct,n_dry_plants,-0.8092262013572967,0.5469106826888405,-1.4796313675549433,-1.8381235001136245,359
18,3,y_dry_ct,n_unfed,0.2651981102340782,0.5419294340761013,0.4893591186575729,0.2787462098497575,359
18,3,y_dry_ct,n_weeds,0.5188439581084683,0.5840092854051923,0.8884173095783716,2.6344242471609784,359
18,3,y_dry_ct,n_planted,3.6808560339966356,0.5805199941997302,6.340618877513153,92.37415756145103,359
18,3,y_dry_ct,n_empty,-0.7577545048713269,0.6126949347749596,-1.2367566008190471,-1.5850117415075813,359
18,3,y_dry_ct,n_animals,4.441504950223378,0.8919446217037302,4.979574787658371,73.46209167657656,359
18,3,y_dry_ct,n_structures,0.15441766022015002,0.9977774470351529,0.15476162613115238,2.293660492941083,359
18,3,y_dry_ct,n_money,-5.697277258522381,0.8277876137424133,-6.8825350415248305,-37.92681506437235,359
18,3,y_dry_ct,n_output_per_day,1.6645177322167612,0.6133742619109654,2.7137065175036232,20.18142036376693,359
18,3,y_dry_ct,n_revenue_per_day,0.28493415561146246,0.5754049311032854,0.4951889360161161,1.0776275590690962,359
18,3,y_dry_ct,n_shed,0.7931120236654604,0.6095392935968671,1.3011663595718956,35.53114401941657,359
18,3,y_dry_ct,n_labour,0.714409982106063,0.60806580284249,1.1748892616003925,25.10980773304262,359
18,3,y_dry_ct,n_quadrants,6.311759594717351,0.9119293366395461,6.92132530572615,438.7612434347788,359
18,3,y_dry_ct,n_melon_tiles,1.9613196125262518,0.6046301509518319,3.2438336219896864,82.23346346182778,359
19,3,y_dry_ct,n_dry_plants,1.0186518601624304,0.4719173654242352,2.1585386230631762,1.9570486795393987,359
19,3,y_dry_ct,n_unfed,0.21647769462701477,0.4575463747654673,0.47312732996295426,0.23845946615054506,359
19,3,y_dry_ct,n_weeds,0.5472024715032278,0.4594388393979127,1.1910235369311135,2.1770285675401486,359
19,3,y_dry_ct,n_planted,-2.07043814158106,0.4791633212947924,-4.320944549733761,-49.8397435285818,359
19,3,y_dry_ct,n_empty,2.341241219442764,0.49758415636121245,4.70521657394409,5.120810478764481,359
19,3,y_dry_ct,n_animals,-3.756532186427875,0.7810168599318822,-4.809796534681092,-60.11672446767244,359
19,3,y_dry_ct,n_structures,1.9447312420784475,0.8366811091042635,2.3243398481417175,27.992909383363557,359
19,3,y_dry_ct,n_money,2.7551338130988396,0.7228610860606588,3.8114291476296773,19.374749832908286,359
19,3,y_dry_ct,n_output_per_day,-0.7497341830209926,0.4865317220839958,-1.5409769784580603,-8.213871251513702,359
19,3,y_dry_ct,n_revenue_per_day,-0.31666949865254207,0.4812599610546569,-0.6580009231571579,-1.01405343534244,359
19,3,y_dry_ct,n_shed,-0.7412354350788374,0.5264686647273669,-1.4079383726715968,-33.20709081468945,359
19,3,y_dry_ct,n_labour,-1.2565800289293927,0.5761950868389373,-2.180823921674018,-55.717232390198305,359
19,3,y_dry_ct,n_quadrants,-4.004503998387532,0.7811711151860968,-5.126282731835966,-278.37263560269344,359
19,3,y_dry_ct,n_melon_tiles,-0.16051317477368812,0.5414085052334439,-0.29647331584582004,-6.729935400937815,359
20,3,y_dry_ct,n_dry_plants,-1.5899555563232208,0.4663675007785635,-3.4092331769879256,-3.532677154465909,359
20,3,y_dry_ct,n_unfed,-0.0006389475488684761,0.4031483676027193,-0.0015848942975210654,-0.0007038257845704638,359
20,3,y_dry_ct,n_weeds,0.6199402290372845,0.4132626590484089,1.5001118912237985,2.5449448365551173,359
20,3,y_dry_ct,n_planted,1.722240645761064,0.4308846785459306,3.9969874342549403,38.21161904490177,359
20,3,y_dry_ct,n_empty,-0.9883109024259229,0.44482653598725896,-2.2217894448055833,-1.9909780914575035,359
20,3,y_dry_ct,n_animals,2.2970807047367074,0.7273603307075032,3.1581055602830825,34.99114959996268,359
20,3,y_dry_ct,n_structures,-1.1569323680802894,0.7690694415406046,-1.5043275751052017,-15.92296997395738,359
20,3,y_dry_ct,n_money,-1.812192034641338,0.6454049578932126,-2.8078371764556227,-12.93864214730243,359
20,3,y_dry_ct,n_output_per_day,2.2153750316689322,0.47443342406384137,4.66951719525314,24.451536962350726,359
20,3,y_dry_ct,n_revenue_per_day,-0.18492382322305004,0.4178198380085804,-0.44259225245128836,-0.6014405147489532,359
20,3,y_dry_ct,n_shed,0.5187740512176348,0.4559322922566202,1.1378313403728908,23.240897852186603,359
20,3,y_dry_ct,n_labour,-0.4727657194941248,0.4851566353193749,-0.9744599683417846,-17.92495281874245,359
20,3,y_dry_ct,n_quadrants,3.0402074044521417,0.7080903181598281,4.293530537676289,211.33966860738428,359
20,3,y_dry_ct,n_melon_tiles,0.2555688481776506,0.4477612868117357,0.5707703093257954,10.715393556651614,359
21,3,y_dry_ct,n_dry_plants,0.02450476701079993,0.469717897134214,0.05216911503756925,0.05418527450106066,359
21,3,y_dry_ct,n_unfed,1.2837286967287507,0.433118565460758,2.963919811110154,1.2515916193286953,359
21,3,y_dry_ct,n_weeds,0.2996549157778607,0.42806616082318794,0.7000200978316357,0.8747802616554575,359
21,3,y_dry_ct,n_planted,-0.5365629390166884,0.4254390021948774,-1.2611982828290607,-12.28179686054507,359
21,3,y_dry_ct,n_empty,1.7945023071928001,0.4628116095509627,3.877392593789715,3.5563467462286287,359
21,3,y_dry_ct,n_animals,-1.5318473599904383,0.4442640118520053,-3.4480563789189667,-22.5468737622323,359
21,3,y_dry_ct,n_structures,0.29962499721629704,0.655734299542905,0.456930493684954,3.526183755599617,359
21,3,y_dry_ct,n_money,3.352711411883993,0.6553668645064915,5.115778037403024,25.118948953459192,359
21,3,y_dry_ct,n_output_per_day,-0.38768477657383427,0.46507689573963434,-0.8335928534082098,-4.316708053116132,359
21,3,y_dry_ct,n_revenue_per_day,0.45592731931193586,0.43287208335203065,1.0532610830002536,1.2628003791120916,359
21,3,y_dry_ct,n_shed,-0.8084922292967872,0.4764125670082079,-1.6970421967959088,-36.22017190580431,359
21,3,y_dry_ct,n_labour,-0.4600162711726592,0.4999572405478815,-0.92011122924942,-19.466650763579093,359
21,3,y_dry_ct,n_quadrants,-1.4853861164324647,0.773902231217139,-1.9193459541993487,-103.25644531393952,359
21,3,y_dry_ct,n_melon_tiles,-0.13884619750040614,0.46239584192614885,-0.30027561866047625,-5.82149061073061,359
22,3,y_dry_ct,n_dry_plants,0.2116884137284313,0.3838464778447435,0.5514923959105704,0.4306015338815991,359
22,3,y_dry_ct,n_unfed,0.4691319087157581,0.3785088513806773,1.2394212367941129,0.48371192774569116,359
22,3,y_dry_ct,n_weeds,-0.27767648179398474,0.38905824315463844,-0.7137144288281203,-0.7740809765111913,359
22,3,y_dry_ct,n_planted,1.5872349735729896,0.40103878670230264,3.9578091351827744,34.11031601528188,359
22,3,y_dry_ct,n_empty,-0.4559773459100189,0.4004115870940682,-1.1387716055352233,-0.9233624938576345,359
22,3,y_dry_ct,n_animals,0.9675916822593055,0.40392746611816716,2.3954589955421377,13.106047098232446,359
22,3,y_dry_ct,n_structures,-1.149229729577195,0.609396185278671,-1.8858498909894936,-13.524890251269163,359
22,3,y_dry_ct,n_money,-2.232840290609223,0.575699284134723,-3.8784837017214384,-17.149017948373903,359
22,3,y_dry_ct,n_output_per_day,1.986074698071409,0.5223732265408052,3.8020223800965933,18.01854843732767,359
22,3,y_dry_ct,n_revenue_per_day,-0.05654866856929546,0.3966365189465901,-0.14257050439904184,-0.17063422363084016,359
22,3,y_dry_ct,n_shed,-0.136298488986394,0.43446442508739697,-0.3137161091129064,-6.10612510881208,359
22,3,y_dry_ct,n_labour,0.989436133012744,0.4035352569127584,2.4519199154552522,30.048799759751,359
22,3,y_dry_ct,n_quadrants,2.1392726333546306,0.6603635341610373,3.2395378040861718,148.7112914506853,359
22,3,y_dry_ct,n_melon_tiles,0.8108081895116143,0.3991205888569832,2.031486753999932,33.995257683103205,359
23,3,y_dry_ct,n_dry_plants,-1.0015090230356904,0.5553790011641696,-1.8032893230323002,-4.11077331886616,359
23,3,y_dry_ct,n_unfed,0.3580724628179602,0.4277992546309639,0.8370104878439941,0.3553960595316132,359
23,3,y_dry_ct,n_weeds,-0.0034112784450544553,0.43537756081424595,-0.007835218789582678,-0.009245300408861713,359
23,3,y_dry_ct,n_planted,0.33512931025736165,0.4330492497983098,0.7738826713438396,8.003569096621538,359
23,3,y_dry_ct,n_empty,0.4146852363670347,0.4571858151228773,0.9070387195971515,0.756108568722541,359
23,3,y_dry_ct,n_animals,-0.7833699813159845,0.49709145189440296,-1.575907166237885,-10.482126965281239,359
23,3,y_dry_ct,n_structures,1.1610792335677027,0.6753874696833759,1.7191305519956135,13.664342996772497,359
23,3,y_dry_ct,n_money,1.494735973885138,0.6291812262977929,2.3756843202083657,11.623249234456003,359
23,3,y_dry_ct,n_output_per_day,0.6495649411004291,0.557228450466359,1.1657067053141152,6.099359550320685,359
23,3,y_dry_ct,n_revenue_per_day,0.08293247674905496,0.48157236831299294,0.17221186722065804,0.20360057668813888,359
23,3,y_dry_ct,n_shed,-0.18432084201949359,0.47919806387584407,-0.3846443796718875,-8.257509895395584,359
23,3,y_dry_ct,n_labour,-0.39301541473736606,0.4502365134049623,-0.8729088002328921,-11.963069307709377,359
23,3,y_dry_ct,n_quadrants,-3.7296458663863383,0.8016443254995247,-4.652494563673613,-259.2659041191403,359
23,3,y_dry_ct,n_melon_tiles,0.5973581791783592,0.4471410078185976,1.3359503349795727,25.0458067554913,359
24,3,y_dry_ct,n_dry_plants,0.748575862910142,0.5758711710539913,1.2999016108760175,1.0144725310457863,359
24,3,y_dry_ct,n_unfed,-0.08503768968865566,0.42729470346263465,-0.1990141441013483,-0.09208498864463426,359
24,3,y_dry_ct,n_weeds,0.5514738001417897,0.4431594512843701,1.2444139429803462,1.3027172800082076,359
24,3,y_dry_ct,n_planted,0.961507569878358,0.455090348131806,2.1127839204356853,21.618527252509544,359
24,3,y_dry_ct,n_empty,-0.12293896335239467,0.4471455536274172,-0.27494171049016675,-0.22338937020066543,359
24,3,y_dry_ct,n_animals,0.3952941685784543,0.4767278321207122,0.8291820656243161,5.1745102576616775,359
24,3,y_dry_ct,n_structures,-5.13113970031932,0.6647662215463518,-7.718713036266305,-60.38662203446539,359
24,3,y_dry_ct,n_money,-0.6450150346196271,0.6134732081386107,-1.0514151654262458,-5.052437524945399,359
24,3,y_dry_ct,n_output_per_day,2.599648412500928,0.5163236319489583,5.034920448417358,26.46144563039214,359
24,3,y_dry_ct,n_revenue_per_day,0.47437162108374037,0.5048683543839704,0.9395946823851904,1.0587626312376641,359
24,3,y_dry_ct,n_shed,0.47407399581418935,0.4760944238693378,0.9957562450769157,21.238350848958152,359
24,3,y_dry_ct,n_labour,0.9337709929988978,0.548336362314869,1.7029164162246495,42.137894912228106,359
24,3,y_dry_ct,n_quadrants,3.678629783403383,0.821750419996337,4.476577916954129,255.71952696885916,359
24,3,y_dry_ct,n_melon_tiles,-1.872146332452243,0.47855646546236946,-3.912069875899433,-78.4946400584906,359
25,3,y_dry_ct,n_dry_plants,0.6392889656308302,0.6833869765509316,0.9354713911250327,2.9615018774013,359
25,3,y_dry_ct,n_unfed,-1.371298743935343,0.5075990696031224,-2.7015391202500103,-3.802428769293443,359
25,3,y_dry_ct,n_weeds,0.6333554363419607,0.4287846133076356,1.4770945987456732,1.478482641638355,359
25,3,y_dry_ct,n_planted,2.1755040853893335,0.42319646708937547,5.1406480312839795,48.116279335843636,359
25,3,y_dry_ct,n_empty,-0.11816648522341462,0.41706569849663444,-0.2833282277812837,-0.21550958003915846,359
25,3,y_dry_ct,n_animals,-7.481907548836462,2.9422749221374302,-2.542898861198597,-61.90988399781505,359
25,3,y_dry_ct,n_structures,6.743217525993739,2.6036122311212773,2.5899469381005673,79.3586126709873,359
25,3,y_dry_ct,n_money,1.545067771579364,0.5478452665040933,2.8202630670494617,11.976434809776656,359
25,3,y_dry_ct,n_output_per_day,2.6315610270109056,0.43273365341884557,6.081248837986265,28.44807127850866,359
25,3,y_dry_ct,n_revenue_per_day,0.5214193404975996,0.46195800541965276,1.1287158884148591,1.1844069227608303,359
25,3,y_dry_ct,n_shed,1.073365109788126,0.45662552371269444,2.350646326251968,48.086385230979154,359
25,3,y_dry_ct,n_labour,-1.086470390729437,0.4632056448381419,-2.3455465252567955,-41.47627677786646,359
25,3,y_dry_ct,n_quadrants,0.37150446757262834,0.920679210579216,0.4035113026380906,25.825090402709055,359
25,3,y_dry_ct,n_melon_tiles,-1.017979820459074,0.45524613582638596,-2.2361086461748547,-42.6814711054539,359
0,3,y_unfed_ct,n_dry_plants,-0.41617682401483713,0.143690347615795,-2.8963450288785393,-1.9279363666705092,359
0,3,y_unfed_ct,n_unfed,-0.04170440432435407,0.0955474944347644,-0.4364782621571306,-0.1156407584492375,359
0,3,y_unfed_ct,n_weeds,-0.07257591966840393,0.08634728169836262,-0.8405119216367893,-0.2928884067990801,359
0,3,y_unfed_ct,n_planted,0.46728165003334815,0.09978440042739142,4.682912840403023,7.5433194203102945,359
0,3,y_unfed_ct,n_empty,-0.6923696490393524,0.11117468738824214,-6.227763399248178,-0.32961822508493727,359
0,3,y_unfed_ct,n_animals,-0.49482010060881254,0.569084417319449,-0.8695021082101619,-4.0944444753588005,359
0,3,y_unfed_ct,n_structures,0.439567161610944,0.5192445938402164,0.8465512531579847,5.173115057715338,359
0,3,y_unfed_ct,n_money,0.3919461598906899,0.09458472316866533,4.143863266288403,0.7696306956251945,359
0,3,y_unfed_ct,n_output_per_day,-0.6173628932596168,0.12471747292964047,-4.9500914247028,-6.787616402596379,359
0,3,y_unfed_ct,n_revenue_per_day,-0.15539293509393,0.07530070057514592,-2.063631996874405,-1.0733306248714465,359
0,3,y_unfed_ct,n_shed,-0.15078826794114641,0.0843914889602079,-1.7867710334183793,-6.755262188428441,359
0,3,y_unfed_ct,n_labour,-0.0030003808392860642,0.0815740601790843,-0.036781065361944136,-0.09394131954134577,359
0,3,y_unfed_ct,n_quadrants,-0.5535852197034007,0.20007808222698395,-2.766845891072522,-38.48241297838219,359
0,3,y_unfed_ct,n_melon_tiles,0.18907899677127452,0.0892395394683808,2.1187805080310693,1.0758615890925525,359
1,3,y_unfed_ct,n_dry_plants,0.025781187282199667,0.1395355816804488,0.18476425132366098,0.11943117845390629,359
1,3,y_unfed_ct,n_unfed,0.07514372111164216,0.1177430189183082,0.638201073846917,0.04219422640768008,359
1,3,y_unfed_ct,n_weeds,0.032706859363186305,0.08199379862585686,0.39889430556120314,0.1319922637433095,359
1,3,y_unfed_ct,n_planted,-0.14615510463852874,0.09851737251696872,-1.4835465147363207,-1.7720152624473624,359
1,3,y_unfed_ct,n_empty,0.07210520121896753,0.08847156279636542,0.8150099188926021,0.15921539917508537,359
1,3,y_unfed_ct,n_animals,0.46898017868019626,0.12698930640323217,3.6930682745130707,5.16505197392144,359
1,3,y_unfed_ct,n_structures,-0.0024450547136589166,0.13919396539877,-0.01756580974364944,-0.03110937514062702,359
1,3,y_unfed_ct,n_money,-0.5788077324998216,0.10033308027760313,-5.7688623821611715,-0.9874283183160898,359
1,3,y_unfed_ct,n_output_per_day,0.40970078166100227,0.1083343087202255,3.781819319298551,5.027333035503799,359
1,3,y_unfed_ct,n_revenue_per_day,-0.07304261566219503,0.08277038480662441,-0.8824728292956923,-0.4207232542675696,359
1,3,y_unfed_ct,n_shed,0.1263419735382545,0.07995353480769589,1.5801924685647983,3.596960084293215,359
1,3,y_unfed_ct,n_labour,-0.20246027658189136,0.07591518641302408,-2.6669272137512277,-2.327992305278347,359
1,3,y_unfed_ct,n_quadrants,0.0750672128850766,0.14306252629680408,0.524716114192886,5.218288683587672,359
1,3,y_unfed_ct,n_melon_tiles,-0.24115292047822498,0.08164434805983642,-2.9537001177532356,-1.4444313137375873,359
2,3,y_unfed_ct,n_dry_plants,-0.15429677034410533,0.06757550919120273,-2.283323828275235,-0.5596974256619147,359
2,3,y_unfed_ct,n_unfed,0.17310094008020727,0.06310744348308883,2.7429559894403557,0.2529154952739613,359
2,3,y_unfed_ct,n_weeds,-0.12119465711858901,0.06126879698125408,-1.9780812271484614,-0.49492674118028274,359
2,3,y_unfed_ct,n_planted,-0.4723461518525056,0.0902957540268555,-5.231100365051737,-5.430217728641193,359
2,3,y_unfed_ct,n_empty,0.39835259184085686,0.06462784690567462,6.163791785022002,0.7369356773194665,359
2,3,y_unfed_ct,n_animals,-0.31511139523243087,0.13482415142540244,-2.337202881686821,-3.0082121776374935,359
2,3,y_unfed_ct,n_structures,-0.44691284364879336,0.13367234748550474,-3.3433455165231987,-5.772023359958489,359
2,3,y_unfed_ct,n_money,-0.22359574871036553,0.05655240400314195,-3.9537797314141225,-0.5479529453503019,359
2,3,y_unfed_ct,n_output_per_day,-0.3000241471326233,0.08444297065820866,-3.552979541032503,-3.6269723349377365,359
2,3,y_unfed_ct,n_revenue_per_day,-0.09039480335351605,0.05966306602968267,-1.5150881335622979,-0.6204719325237517,359
2,3,y_unfed_ct,n_shed,-0.050591556865615894,0.07136685743670698,-0.7088942778583736,-0.868796225162368,359
2,3,y_unfed_ct,n_labour,0.027540724296505982,0.06714195665235012,0.4101865014019069,0.6163999294018563,359
2,3,y_unfed_ct,n_quadrants,-0.03617250104431628,0.09959137354521101,-0.36320917923574203,-2.5145272563348917,359
2,3,y_unfed_ct,n_melon_tiles,-0.012804125164053987,0.06109379490956686,-0.20958143430125914,-0.08460387771728686,359
3,3,y_unfed_ct,n_dry_plants,-0.08883059405268226,0.16819827953314825,-0.5281302180928412,-0.29889192561929956,359
3,3,y_unfed_ct,n_unfed,1.5554068059191588,0.2645871900385581,5.87861719871053,0.8705245601152417,359
3,3,y_unfed_ct,n_weeds,-0.1656768468025644,0.1441974866016377,-1.1489579375281758,-0.6765801713254006,359
3,3,y_unfed_ct,n_planted,-1.3488044538893147,0.20777693031370362,-6.491598715280261,-12.656767158237592,359
3,3,y_unfed_ct,n_empty,0.4271771960825463,0.1778943228025849,2.4012975195200505,0.7428497857051477,359
3,3,y_unfed_ct,n_animals,-1.322851957739099,0.4486708205735572,-2.9483797409602754,-7.596419187418625,359
3,3,y_unfed_ct,n_structures,2.8326538316315,0.42762317142566014,6.624182272882145,18.219844435550677,359
3,3,y_unfed_ct,n_money,-0.06703238873699942,0.15684867786985543,-0.42736980411539893,-0.1564288166429494,359
3,3,y_unfed_ct,n_output_per_day,0.1774577979370499,0.19125202441257805,0.9278740890827353,2.1270117734927374,359
3,3,y_unfed_ct,n_revenue_per_day,-0.05269037613844032,0.14339448861886803,-0.3674504971978906,-0.3497074859645728,359
3,3,y_unfed_ct,n_shed,0.08655089065899106,0.15218692809417453,0.568714355055729,2.815387308284048,359
3,3,y_unfed_ct,n_labour,-0.16034389960402165,0.1380469065633928,-1.1615175131098632,-3.139278333922157,359
3,3,y_unfed_ct,n_quadrants,2.3246843961718415,0.24544387190510278,9.47134828882852,161.6001688517196,359
3,3,y_unfed_ct,n_melon_tiles,0.486947414855177,0.15356133884970122,3.1710287140162197,3.376583830365915,359
4,3,y_unfed_ct,n_dry_plants,-0.40374356978355486,0.14562261180534078,-2.7725335013442423,-1.4481838691781497,359
4,3,y_unfed_ct,n_unfed,0.03100783455833911,0.1842041139883976,0.1683341044179512,0.019597682288302488,359
4,3,y_unfed_ct,n_weeds,0.023304692491281098,0.11069406485456187,0.21053244834671617,0.09542776946820646,359
4,3,y_unfed_ct,n_planted,-0.46111328252122047,0.19989811060908388,-2.3067415750765297,-3.9396806760423932,359
4,3,y_unfed_ct,n_empty,0.19267848405389584,0.11726827083407568,1.643057262492759,0.3283119307168602,359
4,3,y_unfed_ct,n_animals,-0.40577851428965667,0.4974950812483308,-0.8156432688167772,-1.8996911358485393,359
4,3,y_unfed_ct,n_structures,0.8904035860334389,0.527540524368897,1.6878392178470827,4.003928862712156,359
4,3,y_unfed_ct,n_money,-0.1343120396616679,0.13464747426664422,-0.9975087939316852,-0.24453966495049842,359
4,3,y_unfed_ct,n_output_per_day,0.03812879074216823,0.11988758839490589,0.318037849060515,0.4385488854946172,359
4,3,y_unfed_ct,n_revenue_per_day,0.23548598686036076,0.14029534362418072,1.6785018003959853,1.105975936371288,359
4,3,y_unfed_ct,n_shed,0.48105946033743135,0.21581788802976806,2.2290064309733126,1.692176686231859,359
4,3,y_unfed_ct,n_labour,0.09605064801074979,0.13974012934049962,0.6873519329347887,0.7332380530011658,359
4,3,y_unfed_ct,n_quadrants,-0.13744031016258015,0.21258163072648945,-0.6465295693371212,-9.554147378405625,359
4,3,y_unfed_ct,n_melon_tiles,-0.40977918066487395,0.11160181719633094,-3.6717966692602024,-17.18106578112424,359
5,3,y_unfed_ct,n_dry_plants,-0.2836960696057108,0.21698098958864018,-1.307469701117832,-1.3316714720556329,359
5,3,y_unfed_ct,n_unfed,0.5883699259410766,0.1521890778235527,3.8660456739427116,0.474682334368056,359
5,3,y_unfed_ct,n_weeds,0.10922416236966448,0.1475688888069178,0.7401571107076347,0.4447383240688294,359
5,3,y_unfed_ct,n_planted,-0.44745808616330196,0.16475916386163783,-2.7158312513595315,-7.874981567105856,359
5,3,y_unfed_ct,n_empty,-0.07774663467992024,0.1408250801780564,-0.5520794632718757,-0.15861754127452862,359
5,3,y_unfed_ct,n_animals,3.5308164259209085,1.2026938782242558,2.9357565460747677,11.31247383166017,359
5,3,y_unfed_ct,n_structures,-0.9656982325890682,1.2618280557484638,-0.765316818079668,-2.9462799903331813,359
5,3,y_unfed_ct,n_money,-0.20090377645959567,0.178070436693122,-1.1282264489855975,-0.4042582755584355,359
5,3,y_unfed_ct,n_output_per_day,0.5620070782920725,0.16903477289010668,3.3248015700145084,6.2392629699594275,359
5,3,y_unfed_ct,n_revenue_per_day,0.24202042738246957,0.14674312133446854,1.64927953815864,1.2903516753531439,359
5,3,y_unfed_ct,n_shed,0.0006726841852177879,0.1376383707849536,0.004887330338055154,0.007872088019687803,359
5,3,y_unfed_ct,n_labour,-0.09436200568942074,0.14018160804500807,-0.6731411274660508,-2.1502274351654638,359
5,3,y_unfed_ct,n_quadrants,0.8263346159719865,0.24062621096537348,3.4341006021613225,57.4425559396334,359
5,3,y_unfed_ct,n_melon_tiles,0.3683235127562419,0.14149013168854135,2.6031745702733753,15.442928289163312,359
6,3,y_unfed_ct,n_dry_plants,-0.07234066977806446,0.17970165422868817,-0.4025598433612847,-0.24260526634948842,359
6,3,y_unfed_ct,n_unfed,0.17478574715641473,0.1614958961909428,1.0822921899498847,0.3226485860752656,359
6,3,y_unfed_ct,n_weeds,-0.05315226608461623,0.1588825695125264,-0.3345380569290558,-0.21504167296646098,359
6,3,y_unfed_ct,n_planted,0.6592448211744959,0.24371253015628014,2.705009958871448,12.30774077659187,359
6,3,y_unfed_ct,n_empty,0.36537834284854365,0.24721595712983926,1.4779723246450664,0.322053727475453,359
6,3,y_unfed_ct,n_animals,-0.40658258802852504,0.29517428280985075,-1.377432289012938,-4.693823221267008,359
6,3,y_unfed_ct,n_structures,0.20627845285903315,0.3206369562874378,0.6433396051642688,2.4343227880940232,359
6,3,y_unfed_ct,n_money,-0.3461036551350178,0.18215458126337342,-1.9000546279678463,-0.7117425669293198,359
6,3,y_unfed_ct,n_output_per_day,-0.48419570062384437,0.22178663622907163,-2.1831599453257606,-5.0743136710568395,359
6,3,y_unfed_ct,n_revenue_per_day,-0.23135480139706788,0.2194191935280481,-1.0543963710608302,-0.9762980744761239,359
6,3,y_unfed_ct,n_shed,0.071645167927465,0.19752375626594448,0.36271671459610405,0.3231756462241917,359
6,3,y_unfed_ct,n_labour,0.5257748778779022,0.20925118757764993,2.5126494332692624,5.926943232766949,359
6,3,y_unfed_ct,n_quadrants,-0.7571179502266411,0.3388664675109282,-2.234266363939432,-52.63096736863409,359
6,3,y_unfed_ct,n_melon_tiles,-0.2802111632629142,0.19628359505789392,-1.427583202662789,-11.748587180085973,359
7,3,y_unfed_ct,n_dry_plants,0.38622415952245165,0.1374343082018152,2.810245597156871,0.8984941788552082,359
7,3,y_unfed_ct,n_unfed,0.9085448688064225,0.1542448949772449,5.890275129951344,0.5872361982597181,359
7,3,y_unfed_ct,n_weeds,-0.08089482074494957,0.1254686007538589,-0.6447415549301212,-0.32227771704546304,359
7,3,y_unfed_ct,n_planted,-0.2514141725006685,0.12596309251550247,-1.9959352178474545,-6.924568967681522,359
7,3,y_unfed_ct,n_empty,-0.08647925763104132,0.11819012920790319,-0.7316961087242689,-0.1632104023095058,359
7,3,y_unfed_ct,n_animals,0.29639958915484715,0.259606262828835,1.1417274218467948,2.21106147884668,359
7,3,y_unfed_ct,n_structures,0.6975900611518981,0.2079476354945879,3.3546429104266196,6.922287221217284,359
7,3,y_unfed_ct,n_money,-0.0915305870324119,0.12884572940709882,-0.7103889857553088,-0.18681854505970313,359
7,3,y_unfed_ct,n_output_per_day,0.4191935297297384,0.13709354147442787,3.05771902324028,4.544081869688655,359
7,3,y_unfed_ct,n_revenue_per_day,0.05898538510455852,0.12541862568520956,0.47030801671042854,0.37734516036939786,359
7,3,y_unfed_ct,n_shed,0.034679130050204475,0.127567438849396,0.2718493869830379,0.19528896698556902,359
7,3,y_unfed_ct,n_labour,0.03157603673128676,0.14668580131401532,0.21526307555624186,1.0958861232088395,359
7,3,y_unfed_ct,n_quadrants,0.7277501339656139,0.1975268634149811,3.684309675067816,50.58946699361396,359
7,3,y_unfed_ct,n_melon_tiles,0.17713916971637947,0.14281883904857887,1.2403067473201261,7.427023799434641,359
8,3,y_unfed_ct,n_dry_plants,0.4221643382711221,0.16550570825130906,2.5507539451756824,1.0075430315348182,359
8,3,y_unfed_ct,n_unfed,0.9423955585926189,0.22490604926998584,4.190174349029319,0.7458969954279385,359
8,3,y_unfed_ct,n_weeds,0.23033744096839276,0.15746386444004548,1.462795554951555,0.777204457459129,359
8,3,y_unfed_ct,n_planted,-0.4009016982640542,0.1794836684677408,-2.2336388691325952,-9.172409355800161,359
8,3,y_unfed_ct,n_empty,0.22678446655964035,0.22471973955659563,1.0091880090601686,0.17019068603861506,359
8,3,y_unfed_ct,n_animals,0.49323910121916453,0.4133084993894537,1.1933921077059526,5.316732553402933,359
8,3,y_unfed_ct,n_structures,0.24229942497815185,0.4339441720545471,0.5583654317350635,2.7144217080338042,359
8,3,y_unfed_ct,n_money,0.1335905172880322,0.20476369960992327,0.6524130866092153,0.24650548979470402,359
8,3,y_unfed_ct,n_output_per_day,-0.06855578744190495,0.1856071191906725,-0.36935968696048893,-0.7605960578757204,359
8,3,y_unfed_ct,n_revenue_per_day,-0.48892683991035213,0.18780260359736667,-2.6034082091778186,-2.1345488792714264,359
8,3,y_unfed_ct,n_shed,0.13668508601612883,0.17994794148746185,0.7595812704845673,0.5598736883855412,359
8,3,y_unfed_ct,n_labour,0.021535185838160543,0.218658177217585,0.0984879052418472,0.2980993054123388,359
8,3,y_unfed_ct,n_quadrants,-0.05914672302909782,0.1835278373895989,-0.3222765759699942,-1.2315464986813964,359
8,3,y_unfed_ct,n_melon_tiles,-0.3649355792652435,0.18837664327978632,-1.9372655383991693,-15.300880301082332,359
9,3,y_unfed_ct,n_dry_plants,-0.10888376101765855,0.16439972490088978,-0.6623110901389911,-0.32250325478877906,359
9,3,y_unfed_ct,n_unfed,-0.15539155207315447,0.19437626065149632,-0.7994368836622553,-0.11306995500138799,359
9,3,y_unfed_ct,n_weeds,-0.19725174503653323,0.15152995074858086,-1.3017343704137683,-0.6577201879149485,359
9,3,y_unfed_ct,n_planted,-0.6244331720665945,0.4995626062399421,-1.249959793361068,-4.4220784899953705,359
9,3,y_unfed_ct,n_empty,-0.5986575100704892,0.21556694150852213,-2.777130416570957,-0.5521254589787825,359
9,3,y_unfed_ct,n_animals,0.5483306716565873,0.36574921293936363,1.4991985006608703,7.347673049355175,359
9,3,y_unfed_ct,n_structures,0.1888201156724119,0.37989964932820797,0.49702629630301104,2.6279040074319737,359
9,3,y_unfed_ct,n_money,0.2071007995628398,0.2042346841977232,1.0140334408740381,0.3124044827215124,359
9,3,y_unfed_ct,n_output_per_day,0.007174051734366146,0.16462133555472894,0.04357911269636801,0.08361471248964221,359
9,3,y_unfed_ct,n_revenue_per_day,-0.12142402540579852,0.19516880575222262,-0.622148733952663,-0.42305163068338647,359
9,3,y_unfed_ct,n_shed,-0.05341226466973969,0.155883581893388,-0.34264201541294736,-0.3536147974059053,359
9,3,y_unfed_ct,n_labour,-0.01857016221293913,0.18999418508899624,-0.09774068719124522,-0.7960442630986853,359
9,3,y_unfed_ct,n_quadrants,-0.16688967663105564,0.584145342603346,-0.28569889111378094,-0.9017338001099554,359
9,3,y_unfed_ct,n_melon_tiles,0.02411807657350545,0.16754254685601355,0.14395195146599138,1.0112135503108262,359
10,3,y_unfed_ct,n_dry_plants,-0.06910708667774443,0.12392152533435037,-0.557668141118243,-0.11805853491386693,359
10,3,y_unfed_ct,n_unfed,0.4052222068354134,0.14794171924768443,2.7390664979159074,0.3216189762348582,359
10,3,y_unfed_ct,n_weeds,0.06744951934021842,0.12187812520819044,0.5534177624163659,0.20435403914093508,359
10,3,y_unfed_ct,n_planted,-0.447677327079858,0.4055481057989663,-1.103882179890579,-1.9925053791786396,359
10,3,y_unfed_ct,n_empty,-0.36667526430510533,0.17638570588073813,-2.0788264132527274,-0.3885106059174381,359
10,3,y_unfed_ct,n_animals,0.7020802307380912,0.33721003939045274,2.0820264782364863,9.975508919764907,359
10,3,y_unfed_ct,n_structures,-0.14385541634337035,0.3239508070277708,-0.4440656211454917,-1.7511256113253246,359
10,3,y_unfed_ct,n_money,-0.38681805574142286,0.1735209503478834,-2.229229698004252,-1.1595889365639913,359
10,3,y_unfed_ct,n_output_per_day,0.6540608554444752,0.25303012002586256,2.5849130347708122,3.589666952623381,359
10,3,y_unfed_ct,n_revenue_per_day,-0.2779220966575958,0.14547608957754837,-1.9104314493513037,-0.7437759051268408,359
10,3,y_unfed_ct,n_shed,0.017223960475695157,0.12147948947088487,0.14178492641610288,0.054188136171507764,359
10,3,y_unfed_ct,n_labour,-0.09259431321765006,0.12250394831764397,-0.7558475827861453,-1.4581841308297532,359
10,3,y_unfed_ct,n_quadrants,-0.2731746213338271,0.3779486616388641,-0.7227823486641943,-1.6200560429073736,359
10,3,y_unfed_ct,n_melon_tiles,-0.2023154244269134,0.12476494341336339,-1.621572686140005,-8.482604240593693,359
11,3,y_unfed_ct,n_dry_plants,0.491752014367201,0.18717240893719586,2.6272676467619984,1.1083508042252843,359
11,3,y_unfed_ct,n_unfed,0.018620992780879,0.17669214488253696,0.10538664745542614,0.021960502764755127,359
11,3,y_unfed_ct,n_weeds,-0.37551364836090173,0.20588140811899683,-1.8239318051674662,-1.302546745497202,359
11,3,y_unfed_ct,n_planted,-0.12275437580093362,0.18445978406512714,-0.6654804266581641,-2.170937165366536,359
11,3,y_unfed_ct,n_empty,-0.9474042440390149,0.2588056851091195,-3.6606778697290348,-1.2687743130731601,359
11,3,y_unfed_ct,n_animals,1.1298442092304208,0.43972547083072283,2.5694308930886716,16.814797962964615,359
11,3,y_unfed_ct,n_structures,-0.7513294818022568,0.4337059399067503,-1.7323476869230743,-10.063286736211113,359
11,3,y_unfed_ct,n_money,-0.37647674520448476,0.2976730631583087,-1.264732324819954,-1.3600622846350316,359
11,3,y_unfed_ct,n_output_per_day,-0.6345661315365667,0.20760730272535177,-3.05656941353382,-5.590041986708788,359
11,3,y_unfed_ct,n_revenue_per_day,0.31318661716325963,0.170975087023093,1.8317675552401305,0.9760323366541821,359
11,3,y_unfed_ct,n_shed,-0.21518622461989886,0.18101193284257455,-1.1887957950653207,-9.6402683477526,359
11,3,y_unfed_ct,n_labour,-0.12726054348949942,0.19923250034132164,-0.6387539345813503,-2.4053307137735,359
11,3,y_unfed_ct,n_quadrants,0.6283425043981751,0.19507964014617007,3.220953780350261,20.094887485045412,359
11,3,y_unfed_ct,n_melon_tiles,0.0789868442719696,0.2237951911807381,0.3529425447224174,3.311730393618931,359
12,3,y_unfed_ct,n_dry_plants,0.21452441524086194,0.17873205130658762,1.2002571093020018,0.4638316171747506,359
12,3,y_unfed_ct,n_unfed,0.4839198554615422,0.23078160685587037,2.096873585613622,0.3477694344248397,359
12,3,y_unfed_ct,n_weeds,-0.21574294134348865,0.20528410438252323,-1.0509481091700923,-0.7433854268425825,359
12,3,y_unfed_ct,n_planted,0.5131633878949878,0.20734128815046832,2.4749696139756945,10.020417839835087,359
12,3,y_unfed_ct,n_empty,0.11330270692634488,0.19274494719695956,0.5878374949594122,0.2544739678564609,359
12,3,y_unfed_ct,n_animals,-0.3255540901939836,0.47847293345598774,-0.6804023120859137,-5.078643788434017,359
12,3,y_unfed_ct,n_structures,0.5620818135241714,0.45405150068535505,1.2379252412463193,7.88027589818577,359
12,3,y_unfed_ct,n_money,-1.0035067296232545,0.2577246698061389,-3.89371622971947,-4.058398571884193,359
12,3,y_unfed_ct,n_output_per_day,-0.03632490710858732,0.1831494425610375,-0.19833479480278224,-0.40942160767642893,359
12,3,y_unfed_ct,n_revenue_per_day,0.39944697847443966,0.18046674282110395,2.2134104723683636,1.4669335217914279,359
12,3,y_unfed_ct,n_shed,0.6140130076545643,0.1735559642650631,3.53783870381322,22.726900868790125,359
12,3,y_unfed_ct,n_labour,0.051724326181896325,0.21221368618427866,0.2437369950634607,0.9534726115682393,359
12,3,y_unfed_ct,n_quadrants,-0.41156783664618574,0.20061821992471654,-2.0514977991561762,-13.16226311602146,359
12,3,y_unfed_ct,n_melon_tiles,-0.3832499247413228,0.21386058739433197,-1.7920549522977707,-16.068757219212266,359
13,3,y_unfed_ct,n_dry_plants,-0.14257685654831506,0.16721786035801545,-0.8526413162030437,-0.3446945129712385,359
13,3,y_unfed_ct,n_unfed,-0.04477660762641694,0.1746471972048983,-0.25638320192384456,-0.04499892654476566,359
13,3,y_unfed_ct,n_weeds,-0.19075168781673327,0.2092115633672094,-0.9117645542465774,-0.7935062763903425,359
13,3,y_unfed_ct,n_planted,0.8202689784625316,0.19756435884330195,4.151907678414442,17.80206287051309,359
13,3,y_unfed_ct,n_empty,-0.4126846315289929,0.17449462087559917,-2.365027812652198,-1.1384015459523713,359
13,3,y_unfed_ct,n_animals,-0.30698425885984326,0.48904420651812447,-0.627722923139191,-4.949837028114702,359
13,3,y_unfed_ct,n_structures,-0.14293751200595603,0.4656592337779846,-0.3069573233763153,-2.110080581371209,359
13,3,y_unfed_ct,n_money,0.3065298951534835,0.311538878693214,0.9839218027594461,1.2702350215536227,359
13,3,y_unfed_ct,n_output_per_day,-0.5107467119442601,0.1758084216139953,-2.9051322300455826,-6.318874133479087,359
13,3,y_unfed_ct,n_revenue_per_day,0.12048481238218624,0.22016088023363176,0.5472580426383169,0.30386362450257315,359
13,3,y_unfed_ct,n_shed,0.29661929904561213,0.186202082839121,1.5929966760999759,13.288441883177837,359
13,3,y_unfed_ct,n_labour,0.035131116704617514,0.19569680508263176,0.17951809018948275,1.4187036283132155,359
13,3,y_unfed_ct,n_quadrants,-0.3455720807079363,0.2436775001645797,-1.418153421938985,-24.02240350767792,359
13,3,y_unfed_ct,n_melon_tiles,0.20533234236988673,0.1973707963346752,1.0403380144533207,8.609096429753663,359
14,3,y_unfed_ct,n_dry_plants,0.17090081702577445,0.16333646536665564,1.0463114690411504,0.34524234334114867,359
14,3,y_unfed_ct,n_unfed,0.2703343346440791,0.15796839448360817,1.7113191251186055,0.38551934796733633,359
14,3,y_unfed_ct,n_weeds,0.22794548286849614,0.17512670048412102,1.3016032520361696,0.991798759273607,359
14,3,y_unfed_ct,n_planted,-0.08423685100902349,0.1662366851330545,-0.5067284092052304,-1.9680649459331476,359
14,3,y_unfed_ct,n_empty,0.06610532606267301,0.16170850384082897,0.4087931338956734,0.19982679805661055,359
14,3,y_unfed_ct,n_animals,-0.25359678652063183,0.43322648488156773,-0.5853676895814859,-4.182113419930039,359
14,3,y_unfed_ct,n_structures,0.22197800161149797,0.4190832158223912,0.5296752368760408,3.32139863544812,359
14,3,y_unfed_ct,n_money,0.022954616961187335,0.267710417720182,0.08574420508797721,0.11325772945069189,359
14,3,y_unfed_ct,n_output_per_day,-0.1091493802060589,0.16375579959767148,-0.66653749347642,-1.4228013148503624,359
14,3,y_unfed_ct,n_revenue_per_day,0.04450315183338656,0.19909711997550905,0.22352483973078513,0.1108482242692131,359
14,3,y_unfed_ct,n_shed,0.23255907260611883,0.17423184488589702,1.3347678936558345,10.418565921622424,359
14,3,y_unfed_ct,n_labour,0.0412336182904947,0.1699843929456486,0.24257296552912877,0.9045589533676507,359
14,3,y_unfed_ct,n_quadrants,-0.11633670597294306,0.23708815679127151,-0.4906896554742883,-8.087132756532146,359
14,3,y_unfed_ct,n_melon_tiles,-0.19359564568243492,0.17330961057662223,-1.1170508377366875,-8.117004670692031,359
15,3,y_unfed_ct,n_dry_plants,0.05742748947208832,0.25551881587862274,0.22474857389511263,0.08962099687055586,359
15,3,y_unfed_ct,n_unfed,0.2376192544244072,0.21280406560865106,1.1166105015182912,0.25732215758317556,359
15,3,y_unfed_ct,n_weeds,-0.5526064701410905,0.2756513816350594,-2.004729549560893,-2.120011857439581,359
15,3,y_unfed_ct,n_planted,0.24659156189687062,0.2603768859445687,0.9470562680796758,5.6368154109527735,359
15,3,y_unfed_ct,n_empty,0.1784315607463543,0.2348773619752549,0.7596796866492082,0.5256676694784462,359
15,3,y_unfed_ct,n_animals,0.9586896499770055,0.5941582162451013,1.6135258652747941,16.38678385172608,359
15,3,y_unfed_ct,n_structures,-1.0586621617051242,0.6321599541968655,-1.6746745102671252,-15.344049073909652,359
15,3,y_unfed_ct,n_money,0.4340113791543824,0.33690668371189103,1.2882243070177004,2.6746297947852207,359
15,3,y_unfed_ct,n_output_per_day,-0.0962341822659385,0.23445926069410142,-0.4104516152658822,-1.2840522872263653,359
15,3,y_unfed_ct,n_revenue_per_day,-0.3639151336677441,0.26630228781961574,-1.3665490321068816,-1.1650747280604674,359
15,3,y_unfed_ct,n_shed,0.25757845013970776,0.2532569302598736,1.0170637773876503,11.539425371355183,359
15,3,y_unfed_ct,n_labour,-0.09592408187350773,0.23305381712148107,-0.41159627015895034,-3.6239465939733964,359
15,3,y_unfed_ct,n_quadrants,0.0053191659581896126,0.3884101574942412,0.013694713836798869,0.36976121077306867,359
15,3,y_unfed_ct,n_melon_tiles,-0.04869187599004836,0.24870573078727654,-0.195781077645113,-2.041534474821297,359
16,3,y_unfed_ct,n_dry_plants,-0.13789255952910032,0.20146382506800897,-0.6844531988934061,-0.28438416095480157,359
16,3,y_unfed_ct,n_unfed,0.48244165680793244,0.19607416210573808,2.460506022959635,0.472526751776201,359
16,3,y_unfed_ct,n_weeds,-0.18871767834238146,0.20963922071220728,-0.9002021554041792,-0.8063531647750299,359
16,3,y_unfed_ct,n_planted,-0.4869812702057354,0.2188106718688863,-2.225582811141587,-12.479944040096386,359
16,3,y_unfed_ct,n_empty,0.07010274580913538,0.20322174840479823,0.3449569072179097,0.2123047740710911,359
16,3,y_unfed_ct,n_animals,0.7105887205533137,0.538975872458754,1.3184054367993858,12.564005885533986,359
16,3,y_unfed_ct,n_structures,-0.3402202242596151,0.584634199927192,-0.5819369176520717,-5.089072878508457,359
16,3,y_unfed_ct,n_money,-0.10536356668716834,0.27577354859569314,-0.3820655288504122,-0.6980160339041834,359
16,3,y_unfed_ct,n_output_per_day,0.4144307095268131,0.20425242280867228,2.02901245345334,5.653393325744467,359
16,3,y_unfed_ct,n_revenue_per_day,-0.36202522804231896,0.20885509647319228,-1.7333799086333856,-1.142581544601594,359
16,3,y_unfed_ct,n_shed,-0.5676949313886618,0.219745482894607,-2.583420254699553,-25.43253634340505,359
16,3,y_unfed_ct,n_labour,-0.31134963538006344,0.21355814374309337,-1.4579150667024503,-12.888137182604744,359
16,3,y_unfed_ct,n_quadrants,0.13180509320095718,0.3488405817042998,0.37783761441116914,9.162415918421656,359
16,3,y_unfed_ct,n_melon_tiles,0.19228079047517463,0.21669191865842918,0.8873463840535109,8.061875921173963,359
17,3,y_unfed_ct,n_dry_plants,-0.12159810825088076,0.19727679950624044,-0.6163832166540915,-0.28767492449244997,359
17,3,y_unfed_ct,n_unfed,0.26013330575631793,0.19510041310368179,1.3333303687987368,0.24539033266013688,359
17,3,y_unfed_ct,n_weeds,0.14377345129599509,0.21892909061446997,0.6567124126467846,0.664308281918222,359
17,3,y_unfed_ct,n_planted,-0.07907369543981137,0.23450619011881563,-0.33719235897247596,-2.114530503040306,359
17,3,y_unfed_ct,n_empty,-0.17649055405881917,0.21082741332586205,-0.8371328532406236,-0.4823130353515865,359
17,3,y_unfed_ct,n_animals,-1.3728370506132845,0.49028680368358674,-2.8000693477756005,-24.30412288586935,359
17,3,y_unfed_ct,n_structures,0.29691931380818937,0.516023018246498,0.5753993587672761,4.348326228901271,359
17,3,y_unfed_ct,n_money,-0.2955866697657993,0.2854145252580415,-1.0356398977892285,-2.1186469609011596,359
17,3,y_unfed_ct,n_output_per_day,0.34089201286787274,0.21183198542623702,1.6092565633180844,4.358764671026735,359
17,3,y_unfed_ct,n_revenue_per_day,-0.023740722152579413,0.22669667541307761,-0.10472461543302308,-0.07151755426227838,359
17,3,y_unfed_ct,n_shed,0.5096552475495946,0.22539665108678353,2.2611482694716885,22.832378605540324,359
17,3,y_unfed_ct,n_labour,0.0688792246458724,0.2406888191424469,0.2861754230681883,3.0381057297386653,359
17,3,y_unfed_ct,n_quadrants,-0.11712500329691872,0.3317502200437477,-0.3530517727508169,-8.141931154486553,359
17,3,y_unfed_ct,n_melon_tiles,0.11242614292217752,0.2414662442235478,0.4655977620544517,4.713760601331553,359
18,3,y_unfed_ct,n_dry_plants,-0.3543050733411758,0.22819639835135155,-1.5526321883295284,-0.8047891682517926,359
18,3,y_unfed_ct,n_unfed,0.5167866245669326,0.22611799134871036,2.2854732676709673,0.5431875542851103,359
18,3,y_unfed_ct,n_weeds,0.06826773486928651,0.24367564897069932,0.28015821506028016,0.3466286409001745,359
18,3,y_unfed_ct,n_planted,-0.3637714384769221,0.24221975551114794,-1.5018239850389903,-9.12914818288533,359
18,3,y_unfed_ct,n_empty,-0.23568161887583244,0.25564462686370365,-0.92191109888449,-0.4929804188219805,359
18,3,y_unfed_ct,n_animals,0.502416646387409,0.3721604946551232,1.3499999425059683,8.309926061186475,359
18,3,y_unfed_ct,n_structures,-0.03892161109713837,0.41631883774917944,-0.09348991102004267,-0.5781266311628406,359
18,3,y_unfed_ct,n_money,-0.5940665778594304,0.3453912275532388,-1.719981662730159,-3.9547054166436553,359
18,3,y_unfed_ct,n_output_per_day,-0.0613087963663089,0.25592807352262925,-0.23955479179148337,-0.7433375851257916,359
18,3,y_unfed_ct,n_revenue_per_day,0.05900137068030641,0.24008551492508,0.24575148025368423,0.2231445469621044,359
18,3,y_unfed_ct,n_shed,-0.3370539930593578,0.2543279476067003,-1.3252731216963514,-15.099902173167646,359
18,3,y_unfed_ct,n_labour,-0.18057807443778995,0.253713139204166,-0.7117411222935388,-6.346888822254437,359
18,3,y_unfed_ct,n_quadrants,-0.6150536979687353,0.38049904081043073,-1.6164395491213934,-42.75538718644843,359
18,3,y_unfed_ct,n_melon_tiles,0.07471241442979064,0.2522796265443242,0.29614921923417414,3.132513723371993,359
19,3,y_unfed_ct,n_dry_plants,0.062365745360596116,0.21443793575658626,0.29083354650172066,0.11981797155603577,359
19,3,y_unfed_ct,n_unfed,0.4321021455790488,0.20790779764888373,2.0783354470849917,0.4759790477943616,359
19,3,y_unfed_ct,n_weeds,0.12800539474334552,0.20876772830413548,0.6131474236136039,0.5092656113010137,359
19,3,y_unfed_ct,n_planted,0.1430874240884425,0.21773047791186123,0.6571768245801823,3.4444112941657705,359
19,3,y_unfed_ct,n_empty,0.06617361273719351,0.22610085403269892,0.2926729888761208,0.14473627352374033,359
19,3,y_unfed_ct,n_animals,0.44151937762531557,0.3548918846932578,1.24409544615801,7.0657450687462475,359
19,3,y_unfed_ct,n_structures,-1.1594824428125838,0.38018556439761714,-3.04978029518222,-16.689857318569473,359
19,3,y_unfed_ct,n_money,0.28102898540426746,0.3284660631088768,0.8555799729943931,1.9762620102577146,359
19,3,y_unfed_ct,n_output_per_day,-0.24509344982328526,0.22107865869695179,-1.1086255510499197,-2.685173074710174,359
19,3,y_unfed_ct,n_revenue_per_day,0.012655143814948176,0.21868318517603738,0.05786976170463648,0.04052487566660633,359
19,3,y_unfed_ct,n_shed,0.28580434648150005,0.2392258941418161,1.1947048939111569,12.803935753334178,359
19,3,y_unfed_ct,n_labour,0.3322789288736092,0.2618214417766865,1.269105106972169,14.733373022162954,359
19,3,y_unfed_ct,n_quadrants,0.16326082633594008,0.35496197785090977,0.4599389132447095,11.349057595175145,359
19,3,y_unfed_ct,n_melon_tiles,0.04352887359080235,0.24601451603492194,0.17693619991359938,1.825062072036897,359
20,3,y_unfed_ct,n_dry_plants,-0.6830553685126696,0.1972579558695418,-3.462751935665469,-1.517661349704709,359
20,3,y_unfed_ct,n_unfed,0.6711046069852896,0.17051836324935946,3.935673520416638,0.7392480452843915,359
20,3,y_unfed_ct,n_weeds,0.20543360162313612,0.17479637244235602,1.1752738272121956,0.8433348236129355,359
20,3,y_unfed_ct,n_planted,-0.05939711647551967,0.18224990112643302,-0.3259102809296662,-1.3178529915169002,359
20,3,y_unfed_ct,n_empty,-0.2271639856332145,0.1881468435491144,-1.2073760119920107,-0.4576277742699463,359
20,3,y_unfed_ct,n_animals,0.4251950379371693,0.30764925037965024,1.38207727602932,6.476944040730441,359
20,3,y_unfed_ct,n_structures,0.31463427791835713,0.3252908183069579,0.9672399594797514,4.330341425562122,359
20,3,y_unfed_ct,n_money,-0.3461615255964792,0.27298485098028225,-1.2680613021324123,-2.4715151701588587,359
20,3,y_unfed_ct,n_output_per_day,-0.33041707684228694,0.2006695733960596,-1.6465728772450519,-3.6468793102333854,359
20,3,y_unfed_ct,n_revenue_per_day,-0.24580551717810964,0.17672390771167562,-1.3909013237707508,-0.7994502503953616,359
20,3,y_unfed_ct,n_shed,-0.4963219719580174,0.19284420941706693,-2.5736939338666622,-22.235052476117364,359
20,3,y_unfed_ct,n_labour,-0.18493475370929077,0.20520513543477925,-0.9012189354689368,-7.011817054611948,359
20,3,y_unfed_ct,n_quadrants,-0.16919277541682537,0.2994986753966399,-0.56491994561497,-11.76141635435529,359
20,3,y_unfed_ct,n_melon_tiles,0.11885606690146105,0.18938814562881828,0.6275792315660929,4.983352010725398,359
21,3,y_unfed_ct,n_dry_plants,0.3848121709146675,0.24558572351577418,1.5669158834061896,0.8509019123981325,359
21,3,y_unfed_ct,n_unfed,0.6490915389725224,0.22645025219552506,2.8663758714301366,0.6328420735824932,359
21,3,y_unfed_ct,n_weeds,-0.17786375000609878,0.22380866996929458,-0.7947134042237988,-0.519236260034188,359
21,3,y_unfed_ct,n_planted,-0.05161325992633029,0.22243509519928747,-0.2320373944592158,-1.181415128833533,359
21,3,y_unfed_ct,n_empty,0.5147592049988581,0.24197486337335944,2.127325118909567,1.020150387353188,359
21,3,y_unfed_ct,n_animals,-0.3086293504675756,0.2322774998533222,-1.3287096281924329,-4.5426373319307825,359
21,3,y_unfed_ct,n_structures,0.2435472713040959,0.3428419129223418,0.7103777634074238,2.8662242462138763,359
21,3,y_unfed_ct,n_money,0.1927381674750232,0.34264980442527754,0.562493148940507,1.444019360875398,359
21,3,y_unfed_ct,n_output_per_day,-0.2828528187753262,0.2431592379756673,-1.163241097192577,-3.14944799082538,359
21,3,y_unfed_ct,n_revenue_per_day,0.033143781136288936,0.2263213823198511,0.1464456464367478,0.09179967422719464,359
21,3,y_unfed_ct,n_shed,0.002179269494504934,0.24908594216772445,0.008749066589384244,0.09763051871098254,359
21,3,y_unfed_ct,n_labour,-0.04460261130902588,0.2613959599921704,-0.17063236673727422,-1.887462491887776,359
21,3,y_unfed_ct,n_quadrants,-0.04911625513293815,0.40462443637659984,-0.1213872685811386,-3.4143108354482297,359
21,3,y_unfed_ct,n_melon_tiles,0.5141618300208926,0.24175748482854073,2.1267669556768696,21.55758184053934,359
22,3,y_unfed_ct,n_dry_plants,0.2764166973440892,0.21517918555903667,1.2845884541572046,0.5622672104272306,359
22,3,y_unfed_ct,n_unfed,0.8058845621268936,0.2121869837761648,3.7979924488535923,0.8309304224349343,359
22,3,y_unfed_ct,n_weeds,0.20435277391796922,0.21810083126751087,0.9369646723965072,0.5696758823981148,359
22,3,y_unfed_ct,n_planted,-0.38490164787874254,0.22481696324198133,-1.7120667512284398,-8.271690746828742,359
22,3,y_unfed_ct,n_empty,0.051683955159916195,0.22446536355650132,0.23025358719500866,0.10466095773605358,359
22,3,y_unfed_ct,n_animals,0.5711860789882957,0.22643631816621304,2.5225020598021866,7.73672592512959,359
22,3,y_unfed_ct,n_structures,1.3868193744767259,0.34161932543272383,4.0595460245700785,16.321001237091274,359
22,3,y_unfed_ct,n_money,0.28901403472810133,0.32272929474980355,0.8955308347578423,2.2197319215929485,359
22,3,y_unfed_ct,n_output_per_day,-0.24615084773048798,0.292835422317881,-0.8405774335021683,-2.23318940472278,359
22,3,y_unfed_ct,n_revenue_per_day,-0.16362400125415416,0.2223491110016641,-0.7358878140642963,-0.4937314198151432,359
22,3,y_unfed_ct,n_shed,-0.43389192075993777,0.24355492766171655,-1.7814951433156305,-19.43820780087616,359
22,3,y_unfed_ct,n_labour,-0.25508295204602865,0.22621645094778112,-1.1276056669499734,-7.746772421599602,359
22,3,y_unfed_ct,n_quadrants,-1.2369724779430613,0.37019093740683906,-3.3414445167349713,-85.98799976018438,359
22,3,y_unfed_ct,n_melon_tiles,-0.4246407379770709,0.22374164726561882,-1.8979065505536,-17.804175509091664,359
23,3,y_unfed_ct,n_dry_plants,-0.11258708891259701,0.25013142158398194,-0.45011173806004917,-0.4621226474304292,359
23,3,y_unfed_ct,n_unfed,0.7033178311331612,0.19267209507220814,3.6503357212655896,0.6980609003438528,359
23,3,y_unfed_ct,n_weeds,0.3818055990872754,0.19608521025094117,1.9471412382334063,1.0347755301138808,359
23,3,y_unfed_ct,n_planted,-0.2763508098741419,0.1950365862606841,-1.4169177956425774,-6.599819037124732,359
23,3,y_unfed_ct,n_empty,0.22294247994908584,0.20590720503477078,1.082732777182024,0.40649800050406953,359
23,3,y_unfed_ct,n_animals,-0.09143030039378341,0.22387989329621472,-0.4083899587749593,-1.2234117212296676,359
23,3,y_unfed_ct,n_structures,0.08443445617890151,0.3041807982617155,0.27757983627307914,0.9936801353593344,359
23,3,y_unfed_ct,n_money,-0.06508548129290648,0.28337044475561507,-0.2296833791154107,-0.5061126405124633,359
23,3,y_unfed_ct,n_output_per_day,-0.15237889430051288,0.25096437598473254,-0.6071734034067962,-1.4308248573955025,359
23,3,y_unfed_ct,n_revenue_per_day,0.06333671030229561,0.21689041326588987,0.2920217143237677,0.15549265195705034,359
23,3,y_unfed_ct,n_shed,0.10615088237045833,0.21582107477291063,0.49184669514852286,4.7555227720060556,359
23,3,y_unfed_ct,n_labour,0.09101649093150306,0.2027773806912604,0.44884932738173905,2.770467895987469,359
23,3,y_unfed_ct,n_quadrants,-0.053501013841722886,0.3610443216643259,-0.14818406115652594,-3.7191168335787745,359
23,3,y_unfed_ct,n_melon_tiles,0.042345784005065064,0.2013832278492993,0.2102746313945946,1.7754579414304206,359
24,3,y_unfed_ct,n_dry_plants,-0.4628830572688288,0.29236064467272127,-1.5832604890682063,-0.6273006784645531,359
24,3,y_unfed_ct,n_unfed,0.31752846604763657,0.2169307325125028,1.4637320511022376,0.3438428924562542,359
24,3,y_unfed_ct,n_weeds,0.0072785915532617195,0.22498501293818135,0.03235145069534762,0.01719383040158556,359
24,3,y_unfed_ct,n_planted,0.41599371793566475,0.23104213972134002,1.8005101512537707,9.353198882461923,359
24,3,y_unfed_ct,n_empty,-0.22831078108138445,0.2270086937704962,-1.005735847774203,-0.41485791164188324,359
24,3,y_unfed_ct,n_animals,0.9185549802270272,0.24202714658757052,3.79525599990774,12.024139350458508,359
24,3,y_unfed_ct,n_structures,0.19067190585886992,0.3374912495310846,0.5649684432523578,2.2439522180567812,359
24,3,y_unfed_ct,n_money,-0.04256281465971229,0.3114506015166214,-0.13665992119601286,-0.33339682086765876,359
24,3,y_unfed_ct,n_output_per_day,-0.1767628939904761,0.2621293051014801,-0.6743347292743349,-1.7992439617247988,359
24,3,y_unfed_ct,n_revenue_per_day,-0.4569026314106463,0.25631364267185164,-1.7825919316967491,-1.0197731288110767,359
24,3,y_unfed_ct,n_shed,-0.0748007381892974,0.24170557528131134,-0.30947047084966844,-3.3510471686956254,359
24,3,y_unfed_ct,n_labour,-0.2076598868777247,0.2783816597216668,-0.7459539076149931,-9.370981275222658,359
24,3,y_unfed_ct,n_quadrants,1.1588654778995933,0.4171896330745196,2.777790688036089,80.55840062134598,359
24,3,y_unfed_ct,n_melon_tiles,-0.28250073163208783,0.24295551468361268,-1.1627673156543603,-11.844583332690235,359
25,3,y_unfed_ct,n_dry_plants,-1.6427514752189332,0.4440464539051542,-3.6995036460077566,-7.6100352728034135,359
25,3,y_unfed_ct,n_unfed,-0.2685045605313349,0.32982420589928163,-0.8140838535462983,-0.7445273833773595,359
25,3,y_unfed_ct,n_weeds,-0.5290950851696979,0.2786126946540635,-1.899034377549247,-1.2351009469779137,359
25,3,y_unfed_ct,n_planted,0.5340998974563205,0.27498166772895943,1.942310925187804,11.812848356317668,359
25,3,y_unfed_ct,n_empty,0.14269639480537535,0.27099805939761623,0.526558733012944,0.26024671935926225,359
25,3,y_unfed_ct,n_animals,2.503877050875134,1.9118110096027239,1.3096885823434201,20.718611764800233,359
25,3,y_unfed_ct,n_structures,-2.0563062396378395,1.6917571130905595,-1.2154854995001672,-24.199962373348654,359
25,3,y_unfed_ct,n_money,-0.09437943368828117,0.35597510082449807,-0.2651293123302235,-0.7315725275894654,359
25,3,y_unfed_ct,n_output_per_day,0.5827319582487089,0.28117867457156537,2.0724614309268765,6.2995310062613665,359
25,3,y_unfed_ct,n_revenue_per_day,0.6722358829163761,0.3001678714964607,2.2395330971466163,1.5269875350127335,359
25,3,y_unfed_ct,n_shed,0.5514458257819176,0.2967029684858127,1.8585787280665034,24.70458203900345,359
25,3,y_unfed_ct,n_labour,-0.37140085153746427,0.30097855399194584,-1.2339777921432997,-14.17831967198017,359
25,3,y_unfed_ct,n_quadrants,1.7209515433504783,0.5982325573502184,2.8767266545524963,119.6317489156954,359
25,3,y_unfed_ct,n_melon_tiles,0.7216998280536056,0.2958066793838951,2.4397685324643748,30.259156162830248,359
0,5,y_money,n_dry_plants,-256.64731793329327,37.007674172672694,-6.934975614403984,-1188.9169917698357,359
0,5,y_money,n_unfed,-9.560776283674361,24.608406902262438,-0.3885166691873648,-26.51075920444068,359
0,5,y_money,n_weeds,-13.545593703395028,22.23887769645652,-0.6090952020278139,-54.664789327667506,359
0,5,y_money,n_planted,282.86907681751205,25.699628679348244,11.006737892863818,4566.350509185421,359
0,5,y_money,n_empty,-270.1909466157463,28.63321493322456,-9.436276968753171,-128.6305088345076,359
0,5,y_money,n_animals,-308.7593880135058,146.56858336243886,-2.1065864248001707,-2554.864220171391,359
0,5,y_money,n_structures,302.6979934845436,133.73225873279327,2.2634628051064034,3562.3487939735246,359
0,5,y_money,n_money,113.02045097361733,24.360443654140337,4.639507086908419,221.92846162074227,359
0,5,y_money,n_output_per_day,-192.1140617282819,32.121180569208306,-5.9809153438290625,-2112.20429797995,359
0,5,y_money,n_revenue_per_day,-24.65284704694257,19.39381341960552,-1.2711706828127265,-170.2822313624519,359
0,5,y_money,n_shed,20.503083660263286,21.735160212270042,0.9433141260531763,918.5310481212001,359
0,5,y_money,n_labour,-50.110510165531,21.00952701514448,-2.3851327128597135,-1568.9499766836707,359
0,5,y_money,n_quadrants,6.456648372064858,51.53042357408505,0.12529779350216605,448.8331701542223,359
0,5,y_money,n_melon_tiles,75.13488433511786,22.98378321691925,3.269039027474301,427.5183253423402,359
1,5,y_money,n_dry_plants,-115.08363433303876,39.08909746618031,-2.9441363907828397,-533.1241699114081,359
1,5,y_money,n_unfed,-25.117061471003513,32.98419146594593,-0.7614878629641497,-14.103573295612907,359
1,5,y_money,n_weeds,42.05458291494521,22.969507472641734,1.8308874478495072,169.7160689776347,359
1,5,y_money,n_planted,269.1346207849083,27.59837404947275,9.751828868702862,3263.0448102605624,359
1,5,y_money,n_empty,-94.69080792337968,24.784169739960888,-3.820616503069879,-209.0866473827463,359
1,5,y_money,n_animals,76.55393021877501,35.57441991051735,2.1519375554495643,843.1167165756912,359
1,5,y_money,n_structures,-201.17324168800562,38.9933980612704,-5.1591615937626605,-2559.6048255962387,359
1,5,y_money,n_money,89.6797399498697,28.107021211514024,3.19065258730201,152.99089807123713,359
1,5,y_money,n_output_per_day,-166.0356681839233,30.34846238856874,-5.470974643066708,-2037.3810280490313,359
1,5,y_money,n_revenue_per_day,-95.45962526355198,23.187058096972308,-4.116935614010335,-549.8445507179606,359
1,5,y_money,n_shed,-39.19414687981673,22.397953820989958,-1.7498985484596556,-1115.8586328552135,359
1,5,y_money,n_labour,8.896429335534187,21.266662489412436,0.41832748039158735,102.29571641032018,359
1,5,y_money,n_quadrants,-91.0143602085485,40.07712561073097,-2.27098023677074,-6326.852798535948,359
1,5,y_money,n_melon_tiles,155.29460536291103,22.871613393796192,6.789840431853133,930.1665946897133,359
2,5,y_money,n_dry_plants,-46.04294681830898,16.266148708741667,-2.8305991567361497,-167.01657945674876,359
2,5,y_money,n_unfed,-36.85857539934347,15.19063744558612,-2.4264008361316867,-53.853577270569126,359
2,5,y_money,n_weeds,22.780110868235585,14.748055543065359,1.5446179194074812,93.02791314232022,359
2,5,y_money,n_planted,-6.68342276644971,21.735154945158754,-0.3074936794015523,-76.83441614172825,359
2,5,y_money,n_empty,25.18099041866034,15.556614830959338,1.6186677302408656,46.583781830052565,359
2,5,y_money,n_animals,-113.477851320862,32.4536170406098,-3.4966164535332105,-1083.3167552819148,359
2,5,y_money,n_structures,19.075044201169682,32.17636549794397,0.5928278071800419,246.36034136426724,359
2,5,y_money,n_money,-3.279528598669959,13.612769246756928,-0.24091560939749754,-8.036947774572983,359
2,5,y_money,n_output_per_day,-34.32740123413577,20.326327312575362,-1.688814742882661,-414.9817132935027,359
2,5,y_money,n_revenue_per_day,-28.40359109247597,14.36153890771768,-1.9777540049842637,-194.96287841725234,359
2,5,y_money,n_shed,-15.756654357714774,17.178766831877137,-0.9172168475141375,-270.5851069879725,359
2,5,y_money,n_labour,69.05219967997427,16.161787969852156,4.272559435180236,1545.4848082255764,359
2,5,y_money,n_quadrants,56.819999132615095,23.972710107305232,2.370195062564089,3949.8357149494173,359
2,5,y_money,n_melon_tiles,-42.96005782354923,14.705930670364099,-2.92127433390692,-283.8606646110264,359
3,5,y_money,n_dry_plants,-31.8274548299117,59.68202177878592,-0.5332837910197075,-107.09113637168498,359
3,5,y_money,n_unfed,-620.91153358901,93.88382855103409,-6.613615392255656,-347.509563151639,359
3,5,y_money,n_weeds,88.65969958896594,51.165788138213834,1.7327926103565536,362.06262911947607,359
3,5,y_money,n_planted,3.6573208636469663,73.72576767450147,0.04960709096708225,34.31917685374332,359
3,5,y_money,n_empty,-72.91591701681537,63.122481854719844,-1.1551497164613347,-126.7988409193286,359
3,5,y_money,n_animals,75.02693793999721,159.2024707939983,0.4712674217040206,430.83889138641433,359
3,5,y_money,n_structures,382.9852493647099,151.7341051345893,2.5240551491373617,2463.390191422217,359
3,5,y_money,n_money,103.50337615897324,55.65482735367473,1.8597376199054763,241.53861970551344,359
3,5,y_money,n_output_per_day,56.53132157544546,67.86221308511581,0.8330309166979473,677.5852510281376,359
3,5,y_money,n_revenue_per_day,-35.23037575735632,50.880859283834354,-0.6924092134691908,-233.82497978988624,359
3,5,y_money,n_shed,57.9374708872496,54.000692410013755,1.072902370350085,1884.6301750113096,359
3,5,y_money,n_labour,-22.81659013524517,48.98336954978616,-0.4658027886802405,-446.71251754788096,359
3,5,y_money,n_quadrants,224.1580727937929,87.09117922709171,2.573832100829603,15582.322689739987,359
3,5,y_money,n_melon_tiles,-99.38484500342561,54.488376427186935,-1.823964146486068,-689.152977065901,359
4,5,y_money,n_dry_plants,-131.86210788352156,74.72963036243047,-1.7645224155934516,-472.9749075511419,359
4,5,y_money,n_unfed,190.81648021557154,94.52862559554164,2.0186105427155523,120.60051299619786,359
4,5,y_money,n_weeds,55.99090480451959,56.80523407280991,0.985664538108468,229.2708714350545,359
4,5,y_money,n_planted,207.50713431957897,102.58236499654107,2.0228343763236087,1772.9089102571158,359
4,5,y_money,n_empty,-128.38900460568547,60.17894078418431,-2.1334540444325585,-218.7667304519473,359
4,5,y_money,n_animals,-360.21972932998534,255.30117244780502,-1.4109599492874652,-1686.4033029542202,359
4,5,y_money,n_structures,374.4156151289006,270.7196904282179,1.3830379849232943,1683.656166236994,359
4,5,y_money,n_money,-17.15957772015389,69.09748325783123,-0.24833867908219498,-31.24215369633797,359
4,5,y_money,n_output_per_day,-46.42760874914181,61.523104514637915,-0.7546369630631286,-534.0000476489919,359
4,5,y_money,n_revenue_per_day,-57.65867242208313,71.99581878547708,-0.8008614027140416,-270.797872400589,359
4,5,y_money,n_shed,240.41196590036935,110.7519690666163,2.1707240776528653,845.674095053482,359
4,5,y_money,n_labour,-74.5927257689188,71.71089766177899,-1.0401867526569226,-569.4310881143732,359
4,5,y_money,n_quadrants,-23.207623604820345,109.09120835759255,-0.21273596611697204,-1613.2752899111788,359
4,5,y_money,n_melon_tiles,-193.49241430224816,57.27106830088784,-3.3785368431698797,-8112.676424608891,359
5,5,y_money,n_dry_plants,-2310.7085399000575,278.8201416908541,-8.287451996427466,-10846.483164524918,359
5,5,y_money,n_unfed,1168.0978727743218,195.56266345272923,5.973010656283431,942.3925332893451,359
5,5,y_money,n_weeds,1164.0855081707869,189.62572972088986,6.138858423296272,4739.916761499241,359
5,5,y_money,n_planted,1208.2131667468034,211.7151991050443,5.706785208875524,21263.793663555007,359
5,5,y_money,n_empty,841.9173127087328,180.95994899512263,4.652506355046689,1717.667326027785,359
5,5,y_money,n_animals,-2615.502284217207,1545.4592504760421,-1.692378678642975,-8379.87524064989,359
5,5,y_money,n_structures,-378.0631127952272,1621.4465514249866,-0.2331640919418352,-1153.4449859406977,359
5,5,y_money,n_money,-1.1376445132582225,228.82015831827457,-0.00497178448620698,-2.289166571345049,359
5,5,y_money,n_output_per_day,-550.8817158388184,217.20934823484805,-2.536178669636271,-6115.751959754871,359
5,5,y_money,n_revenue_per_day,-305.0119499094227,188.56462015498508,-1.617546015041036,-1626.1961224718534,359
5,5,y_money,n_shed,464.0654315333289,176.86503373919643,2.6238393294721867,5430.726638447761,359
5,5,y_money,n_labour,-114.47580737266561,180.1330885791443,-0.6355068259564587,-2608.5607218395435,359
5,5,y_money,n_quadrants,-2860.691308367469,309.20420430883354,-9.251786581498767,-198860.6278022512,359
5,5,y_money,n_melon_tiles,816.3417935608436,181.81453886834925,4.4899698266261945,34227.268531048794,359
6,5,y_money,n_dry_plants,792.2895283490851,222.67021176173768,3.558129855271586,2657.0615483757165,359
6,5,y_money,n_unfed,985.9671834404262,200.1112652960098,4.927094843870773,1820.062120791697,359
6,5,y_money,n_weeds,2419.153703442758,196.87306469411087,12.287885634337478,9787.331714572121,359
6,5,y_money,n_planted,-148.24173270844813,301.9867620685727,-0.49088818229319137,-2767.5921901030247,359
6,5,y_money,n_empty,-1494.5126961790604,306.3278953176937,-4.878800523958474,-1317.3013507354192,359
6,5,y_money,n_animals,1696.402767452929,365.75356160185925,4.638103208136486,19584.249146285463,359
6,5,y_money,n_structures,-1961.6103632071918,397.30462839426036,-4.937295523425445,-23149.25646538535,359
6,5,y_money,n_money,896.5843337359355,225.7096594763056,3.9722904895439646,1843.7749087419672,359
6,5,y_money,n_output_per_day,403.1443069207968,274.8181560543856,1.4669493191745886,4224.904651943936,359
6,5,y_money,n_revenue_per_day,-390.0852020986345,271.8846328776883,-1.434745310795556,-1646.1272011247447,359
6,5,y_money,n_shed,27.30227314451424,244.75376603789874,0.11154996136111195,123.15456885802543,359
6,5,y_money,n_labour,-606.0180192239982,259.28534964967497,-2.3372628651900307,-6831.5063140171915,359
6,5,y_money,n_quadrants,108.62640436760422,419.89300768253264,0.258700198336556,7551.152025826396,359
6,5,y_money,n_melon_tiles,2383.982392707748,243.21706922784108,9.801871226704403,99954.70790804086,359
7,5,y_money,n_dry_plants,-841.4333309803271,291.0104326110053,-2.891419814165474,-1957.4719269642767,359
7,5,y_money,n_unfed,-1717.949015136639,326.6060287468617,-5.260003992357862,-1110.3929845294342,359
7,5,y_money,n_weeds,2534.73551307071,265.67363173146697,9.54078692925283,10098.159152141876,359
7,5,y_money,n_planted,-355.87550439189926,266.720693876002,-1.3342628171076414,-9801.692758842393,359
7,5,y_money,n_empty,-301.56386161803454,250.26182385722694,-1.2049934623271792,-569.1348483433425,359
7,5,y_money,n_animals,-1631.0809113652024,549.7035772422056,-2.967200831306451,-12167.426352664896,359
7,5,y_money,n_structures,-1298.8722597907527,440.3189578897039,-2.9498440539916726,-12888.897572732682,359
7,5,y_money,n_money,779.7776083945499,272.824536649031,2.858165244124202,1591.565431770028,359
7,5,y_money,n_output_per_day,-451.23913519000604,290.28887571554066,-1.5544485956540184,-4891.45806814544,359
7,5,y_money,n_revenue_per_day,-608.9761996594366,265.5678119653715,-2.2931099787757545,-3895.7823419190922,359
7,5,y_money,n_shed,485.0118248877321,270.1178188500561,1.7955565721377487,2731.2524311016396,359
7,5,y_money,n_labour,339.5298026734447,310.6000172504217,1.093141609196043,11783.809422700167,359
7,5,y_money,n_quadrants,747.6296754393468,418.25348216748534,1.7875037682052486,51971.39103635293,359
7,5,y_money,n_melon_tiles,1828.3168591290234,302.4119135921807,6.045783175045843,76656.97455509327,359
8,5,y_money,n_dry_plants,-1130.8282531458149,298.74581457912467,-3.7852522042490677,-2698.8497678078134,359
8,5,y_money,n_unfed,1796.7545777422022,405.9663053488866,4.425871196867127,1422.1139189797957,359
8,5,y_money,n_weeds,1157.1645354042798,284.22989724009216,4.07122736432899,3904.503892848402,359
8,5,y_money,n_planted,1287.358020645775,323.9767093629574,3.9736128661135415,29454.040239705395,359
8,5,y_money,n_empty,5107.465370813564,405.6300072980287,12.591438697633022,3832.9037634887313,359
8,5,y_money,n_animals,-2882.7978668548662,746.0418473004623,-3.8641235438550976,-31074.31107084395,359
8,5,y_money,n_structures,-54.73796916696866,783.2902353159419,-0.06988210333668972,-613.2161963401375,359
8,5,y_money,n_money,1289.9914723534225,369.6083892364352,3.4901574475037864,2380.3334711090242,359
8,5,y_money,n_output_per_day,-141.90950190098314,335.02983431910457,-0.42357273103570575,-1574.422988175302,359
8,5,y_money,n_revenue_per_day,-2538.3664962920957,338.992789944041,-7.487966032289697,-11081.959339425719,359
8,5,y_money,n_shed,-354.8403935756072,324.81474463635755,-1.09243930404965,-1453.456304047025,359
8,5,y_money,n_labour,-811.3782256542302,394.68859387052197,-2.055742776089455,-11231.446401805544,359
8,5,y_money,n_quadrants,-723.4119261532529,331.2766300220174,-2.1837095061766756,-15062.802791629028,359
8,5,y_money,n_melon_tiles,1389.6754723158824,340.028959356789,4.086932698157952,58265.78516149764,359
9,5,y_money,n_dry_plants,-289.18814303061606,299.5872295888698,-0.9652886187020567,-856.5475375025966,359
9,5,y_money,n_unfed,-1527.2922216221086,354.2137644179881,-4.311781119323854,-1111.3272276956418,359
9,5,y_money,n_weeds,1718.5282299442943,276.134514044187,6.223518403314465,5730.295111593354,359
9,5,y_money,n_planted,-3123.712247318633,910.3578324102758,-3.4313015564970204,-22121.343573223345,359
9,5,y_money,n_empty,-1821.515816166558,392.8297497846637,-4.63690903544106,-1679.93425142141,359
9,5,y_money,n_animals,-3748.531776004413,666.5083746026421,-5.624133047449264,-50230.61325748516,359
9,5,y_money,n_structures,3324.319270833798,692.2948534897758,4.801883553050121,46266.21428917953,359
9,5,y_money,n_money,2025.16397353404,372.17886624591586,5.441372837639632,3054.89068566428,359
9,5,y_money,n_output_per_day,-8.972197816109576,299.991072854855,-0.029908216036983886,-104.57239068969183,359
9,5,y_money,n_revenue_per_day,-3095.3232399513204,355.6580271209456,-8.703088371174934,-10784.369401173351,359
9,5,y_money,n_shed,-538.3694813365549,284.068178739252,-1.8952122118216124,-3564.264055259277,359
9,5,y_money,n_labour,839.0704461642558,346.2282651818432,2.4234602733071666,35968.30266454601,359
9,5,y_money,n_quadrants,-3951.746297029534,1064.4937816853394,-3.712324454139138,-21351.96902183815,359
9,5,y_money,n_melon_tiles,1498.063887730611,305.31442483323065,4.906626631050551,62810.253458131876,359
10,5,y_money,n_dry_plants,-625.5612563169776,317.20412937352944,-1.972109434869105,-1068.6725337452879,359
10,5,y_money,n_unfed,-2022.4059064372138,378.68904635712033,-5.340545035279411,-1605.1541751359496,359
10,5,y_money,n_weeds,1885.3863787264909,311.9736017776861,6.043416391589524,5712.217456890353,359
10,5,y_money,n_planted,-471.6900443200878,1038.0886893698232,-0.4543831843562707,-2099.3802762880005,359
10,5,y_money,n_empty,-2433.126956828283,451.4976241365378,-5.389013865757306,-2578.018536545844,359
10,5,y_money,n_animals,-474.2743982603771,863.1625270288066,-0.5494612931042464,-6738.729112609721,359
10,5,y_money,n_structures,-2380.545064220212,829.2226344522907,-2.8708153459807386,-28977.938661134165,359
10,5,y_money,n_money,1560.1987210698526,444.1646585180514,3.512658405275719,4677.10632671005,359
10,5,y_money,n_output_per_day,-2594.311540050186,647.6856923083333,-4.005510034974115,-14238.29957504344,359
10,5,y_money,n_revenue_per_day,-2261.9721554725543,372.3777302983254,-6.074402337810067,-6053.496312605372,359
10,5,y_money,n_shed,-297.74110935671985,310.95320680071967,-0.9575109786455199,-936.7204366524506,359
10,5,y_money,n_labour,545.7345216794059,313.5755323062237,1.7403606641938705,8594.279621560885,359
10,5,y_money,n_quadrants,-6290.768381697539,967.4419019583725,-6.50247665411563,-37307.262591006074,359
10,5,y_money,n_melon_tiles,2045.790352461774,319.3630416103615,6.405845654982639,85775.12054908558,359
11,5,y_money,n_dry_plants,1041.3000040769004,387.44456184994795,2.687610323151682,2346.966892334102,359
11,5,y_money,n_unfed,-1684.2802100841523,365.7505454199326,-4.604997124885662,-1986.340934955745,359
11,5,y_money,n_weeds,-278.3977363119698,426.17195779363186,-0.6532521232820773,-965.6801210016976,359
11,5,y_money,n_planted,-1365.3747821667755,381.8294620551134,-3.575875928530881,-24146.942542129294,359
11,5,y_money,n_empty,-2782.7545899145293,535.7245538525079,-5.194375672914664,-3726.695933108564,359
11,5,y_money,n_animals,-224.5855572659996,910.226263302715,-0.24673596700132672,-3342.372992644556,359
11,5,y_money,n_structures,-2337.816641627023,897.7659090516602,-2.60403811066577,-31312.652799069445,359
11,5,y_money,n_money,-198.86023432909792,616.1795436879878,-0.3227309902871328,-718.4037475615872,359
11,5,y_money,n_output_per_day,-4064.142889555682,429.74453819346394,-9.457113536894031,-35801.98857696375,359
11,5,y_money,n_revenue_per_day,-1967.7316073002721,353.916306655787,-5.559878339299168,-6132.349127741972,359
11,5,y_money,n_shed,395.2985283485169,374.69245284616574,1.0549946371906542,17709.237185060025,359
11,5,y_money,n_labour,439.60268506744995,412.40880127216803,1.0659391451186209,8308.85843527208,359
11,5,y_money,n_quadrants,1303.1271997462932,403.81243224603406,3.227060624404764,41675.032763675816,359
11,5,y_money,n_melon_tiles,1147.0588476231621,463.2532662452436,2.476094463230219,48093.447509602694,359
12,5,y_money,n_dry_plants,-1292.9622943891554,337.77313727476076,-3.8279014868414425,-2795.564277749704,359
12,5,y_money,n_unfed,-3527.4301897508426,436.13793274997596,-8.087877537982935,-2534.9908424252408,359
12,5,y_money,n_weeds,-594.6802752705032,387.95199553203275,-1.532870772980471,-2049.0897524336074,359
12,5,y_money,n_planted,123.67459168543769,391.83972249633416,0.315625457514953,2414.9639551305645,359
12,5,y_money,n_empty,-721.3003993628117,364.2551239838848,-1.9802065966125522,-1620.0157932822121,359
12,5,y_money,n_animals,2001.0917365718678,904.2323559374382,2.2130282370810437,31217.030976240432,359
12,5,y_money,n_structures,-4632.645167799413,858.0800071931633,-5.398849907892742,-64948.76934687833,359
12,5,y_money,n_money,-1219.2833420423322,487.05573307719766,-2.503375402931716,-4931.045929233116,359
12,5,y_money,n_output_per_day,-1511.423592714825,346.1212544237448,-4.366745969504777,-17035.404257457805,359
12,5,y_money,n_revenue_per_day,-1514.5712802666842,341.05140880344703,-4.4408885029399014,-5562.128397243412,359
12,5,y_money,n_shed,1341.703689599876,327.9912143010018,4.090669600584414,49661.4344788949,359
12,5,y_money,n_labour,-987.1888513667747,401.04772496651475,-2.4615246264000112,-18197.579392598684,359
12,5,y_money,n_quadrants,42.36796536143195,379.13426854935796,0.11174923734417384,1354.9608548664485,359
12,5,y_money,n_melon_tiles,402.84078321527585,404.1600877712536,0.996735688169376,16890.15528927419,359
13,5,y_money,n_dry_plants,-748.0168613998468,292.9317024789737,-2.553553797931921,-1808.40926063706,359
13,5,y_money,n_unfed,91.34434980823337,305.9463905403309,0.2985632536697374,91.79788075046251,359
13,5,y_money,n_weeds,113.28950356379137,366.49613446932676,0.30911513903913473,471.2720141872769,359
13,5,y_money,n_planted,932.6461184387864,346.09259956579297,2.6947878099932856,20240.951775973655,359
13,5,y_money,n_empty,315.20482264306054,305.67910782421495,1.0311624660469876,869.500897232452,359
13,5,y_money,n_animals,3647.814249133646,856.7060462089338,4.25795319792107,58817.62833412849,359
13,5,y_money,n_structures,-4771.72274332475,815.7403272209788,-5.849560925326328,-70441.40729102209,359
13,5,y_money,n_money,-1798.7192852290589,545.7527917688082,-3.2958499019296497,-7453.746816106869,359
13,5,y_money,n_output_per_day,-1484.7083882943368,307.9806196734429,-4.820785119104567,-18368.56745457888,359
13,5,y_money,n_revenue_per_day,-944.7251545529609,385.6771120502847,-2.4495235134144737,-2382.6041137086872,359
13,5,y_money,n_shed,309.84836224123404,326.18820151396625,0.9499067127600181,13881.099333348928,359
13,5,y_money,n_labour,604.9725698422366,342.8210249779299,1.7646892278009596,24430.671734165007,359
13,5,y_money,n_quadrants,5032.944581370469,426.87345015779675,11.790249732116171,349864.56463085994,359
13,5,y_money,n_melon_tiles,-574.8177514240083,345.7535173943865,-1.6625073137530453,-24100.740265403074,359
14,5,y_money,n_dry_plants,-269.65399485712595,286.469968038565,-0.9412993505162982,-544.7368754342228,359
14,5,y_money,n_unfed,-498.81685604507595,277.0551010592696,-1.8004247318960769,-711.3545134797631,359
14,5,y_money,n_weeds,-349.9011625575928,307.1484385178031,-1.1391923860856992,-1522.432182142512,359
14,5,y_money,n_planted,435.19012208927626,291.55655946149113,1.4926439072167619,10167.550351668828,359
14,5,y_money,n_empty,35.47396708847326,283.6147447102978,0.12507800722669982,107.23264946813215,359
14,5,y_money,n_animals,3393.7173783721832,759.8203928246528,4.466473143417416,55966.4465242954,359
14,5,y_money,n_structures,-4218.839148597059,735.0150205138948,-5.739799910003751,-63125.38400021152,359
14,5,y_money,n_money,-1195.329500232012,469.52769937647696,-2.5458125299516614,-5897.737495276652,359
14,5,y_money,n_output_per_day,-704.2178850424502,287.20542330562324,-2.451965833155847,-9179.732682750686,359
14,5,y_money,n_revenue_per_day,-933.6500139324684,349.1892974904422,-2.6737646905057955,-2325.5307066970195,359
14,5,y_money,n_shed,50.46053998691221,305.5789833808444,0.16513092434770954,2260.6147178128917,359
14,5,y_money,n_labour,135.75154777761526,298.1295297708565,0.4553441850659826,2978.0378988488,359
14,5,y_money,n_quadrants,4540.354839693477,415.82041429545416,10.919028223725938,315622.2453032506,359
14,5,y_money,n_melon_tiles,-138.64203241602496,303.9615097045961,-0.4561170674233186,-5812.930454650278,359
15,5,y_money,n_dry_plants,-130.93369006617556,352.1118800335641,-0.37185252043667105,-204.33433422811154,359
15,5,y_money,n_unfed,-266.30431583524916,293.2497920460069,-0.9081142529624355,-288.3857256872154,359
15,5,y_money,n_weeds,-1560.8904794916068,379.8551033810207,-4.109173381108762,-5988.178755565212,359
15,5,y_money,n_planted,117.94642467894901,358.8064327551436,0.32871881301926914,2696.1272282914947,359
15,5,y_money,n_empty,377.36520032123894,323.6673949746105,1.1659042776021376,1111.735415894947,359
15,5,y_money,n_animals,1700.6275332656724,818.7661869051207,2.077061266652848,29068.651988249894,359
15,5,y_money,n_structures,-2216.0435131144104,871.1336156939843,-2.5438617833029094,-32118.915405817395,359
15,5,y_money,n_money,-586.7633833013492,464.2665761805138,-1.2638501529199182,-3615.976222845821,359
15,5,y_money,n_output_per_day,-160.05540786526979,323.0912400341409,-0.4953876429715544,-2135.618630648362,359
15,5,y_money,n_revenue_per_day,496.0065963106954,366.9717977479444,1.351620476981119,1587.9657009276577,359
15,5,y_money,n_shed,-260.85763221176376,348.99494011311236,-0.7474539090085875,-11686.33159266,359
15,5,y_money,n_labour,616.2442049558285,321.15450055397866,1.9188403210692422,23281.2870760694,359
15,5,y_money,n_quadrants,5035.330877059689,535.2397642778524,9.40761732053555,350030.44770167297,359
15,5,y_money,n_melon_tiles,-214.3734268524632,342.7232634180186,-0.6255000746505864,-8988.167584554192,359
16,5,y_money,n_dry_plants,33.55133986890082,266.95114743783597,0.12568344504574122,69.19495634942614,359
16,5,y_money,n_unfed,125.92537407701111,259.80953423955725,0.4846834218212396,123.33741736257697,359
16,5,y_money,n_weeds,-830.0963203961592,277.7840165508904,-2.9882796379110044,-3546.836739932647,359
16,5,y_money,n_planted,-435.4324885651513,289.9367164667142,-1.5018190654550665,-11158.895470943304,359
16,5,y_money,n_empty,594.439956809527,269.28049689650544,2.207512106002955,1800.2496089508354,359
16,5,y_money,n_animals,1655.674929045023,714.1740088852323,2.318307455110831,29274.19047245068,359
16,5,y_money,n_structures,-2411.4139785702287,774.67391701354,-3.112811630300548,-36070.34679935287,359
16,5,y_money,n_money,-1139.932397548822,365.41580209634435,-3.119548719593334,-7551.861768483761,359
16,5,y_money,n_output_per_day,-148.11826243443096,270.6461997201072,-0.5472763430175989,-2020.5326898283406,359
16,5,y_money,n_revenue_per_day,-1429.267235849891,276.745006866307,-5.164563769493254,-4510.885539156192,359
16,5,y_money,n_shed,-370.0058701916948,291.17539480447255,-1.2707319258214032,-16576.13485803871,359
16,5,y_money,n_labour,174.97112509786632,282.97681480865424,0.6183231838840926,7242.828020348451,359
16,5,y_money,n_quadrants,4410.787252490324,462.2338205253919,9.542329134369401,306615.36935732904,359
16,5,y_money,n_melon_tiles,-148.26711979459617,287.12924668657774,-0.5163776296060861,-6216.487460967646,359
17,5,y_money,n_dry_plants,1079.7909963232619,271.7909806567256,3.972872807310142,2554.5528446382864,359
17,5,y_money,n_unfed,-508.24871924996756,268.79254294828803,-1.8908587034267077,-479.443883312927,359
17,5,y_money,n_weeds,-565.1568594054992,301.6216421866155,-1.8737278111357558,-2611.319258887565,359
17,5,y_money,n_planted,-149.53083440409688,323.08242805028505,-0.46282564887999317,-3998.643401372389,359
17,5,y_money,n_empty,462.82650834678424,290.45984910833,1.5934268015617137,1264.8113621283026,359
17,5,y_money,n_animals,567.4387977733386,675.4749241154344,0.8400590125775963,10045.694982614521,359
17,5,y_money,n_structures,-1068.6391966768588,710.9320635862332,-1.503152342413991,-15650.015448788921,359
17,5,y_money,n_money,-1303.267930439712,393.2195468890047,-3.314351844283035,-9341.30298316152,359
17,5,y_money,n_output_per_day,-147.11652188104784,291.8438620129628,-0.5040932533798274,-1881.083375068648,359
17,5,y_money,n_revenue_per_day,-1586.360631926059,312.32315141137894,-5.079228436180101,-4778.8197782765255,359
17,5,y_money,n_shed,-409.90852627793026,310.532089880548,-1.3200198615080627,-18363.76003311147,359
17,5,y_money,n_labour,-296.6108208977736,331.6003217386218,-0.894482910458609,-13082.827791761672,359
17,5,y_money,n_quadrants,5065.883238240408,457.0568757423625,11.083704254557558,352154.29158076184,359
17,5,y_money,n_melon_tiles,141.62085145806572,332.6713910468648,0.4257079366290172,5937.825247568572,359
18,5,y_money,n_dry_plants,442.7979994476849,234.90435454998232,1.8850140104723667,1005.7971519247945,359
18,5,y_money,n_unfed,94.76936992851557,232.76485165258833,0.4071463936916171,99.61082548479165,359
18,5,y_money,n_weeds,-1162.3955127447764,250.83862608943394,-4.634037153154938,-5902.049885537594,359
18,5,y_money,n_planted,-458.0636576242971,249.339935856458,-1.8371050592071976,-11495.490204385444,359
18,5,y_money,n_empty,418.24422884713925,263.15943854261843,1.5893187459411797,874.8506399880384,359
18,5,y_money,n_animals,-1700.179692575354,383.1003531061913,-4.437948643978625,-28120.818921150327,359
18,5,y_money,n_structures,459.16380989932736,428.5567545106287,1.0714189079195566,6820.242510169629,359
18,5,y_money,n_money,-237.79804310625195,355.5441889608557,-0.6688283777081582,-1583.0232573058183,359
18,5,y_money,n_output_per_day,-343.7044086313238,263.4512172689494,-1.3046225870364696,-4167.238964904805,359
18,5,y_money,n_revenue_per_day,-1541.819018124459,247.1429581173407,-6.238571512899108,-5831.19514563712,359
18,5,y_money,n_shed,-545.6041723069877,261.80405478875434,-2.084017272945705,-24442.877986188825,359
18,5,y_money,n_labour,205.92983986531698,261.1711737616539,0.7884860985969667,7237.942938970142,359
18,5,y_money,n_quadrants,4353.294475494571,391.68401532281337,11.114302103716756,302618.76556648005,359
18,5,y_money,n_melon_tiles,403.9057149535133,259.6955222240652,1.55530488740974,16934.805342547705,359
19,5,y_money,n_dry_plants,535.0604533644641,255.7896758842686,2.091798472767724,1027.96587792389,359
19,5,y_money,n_unfed,-468.81096515820417,248.00028029922257,-1.8903646584292744,-516.4153871361318,359
19,5,y_money,n_weeds,-703.5194905965959,249.02603809162864,-2.825084059433726,-2798.9311244202745,359
19,5,y_money,n_planted,-146.81615949554634,259.7171446306992,-0.5652925212323173,-3534.169694884801,359
19,5,y_money,n_empty,250.77521000366687,269.7016456818978,0.9298245450806263,548.5006468093812,359
19,5,y_money,n_animals,-1771.4817809869655,423.32845557089115,-4.184650848944197,-28349.466167721803,359
19,5,y_money,n_structures,359.5233677706361,453.49971286578824,0.7927752930618412,5175.06215637746,359
19,5,y_money,n_money,-529.7502366890305,391.8067366446414,-1.3520702610315258,-3725.3284254203695,359
19,5,y_money,n_output_per_day,-343.35906484550253,263.7109812380074,-1.3020279369239094,-3761.7427823777557,359
19,5,y_money,n_revenue_per_day,-1492.5835847522953,260.85356986934175,-5.72192125068448,-4779.618871075788,359
19,5,y_money,n_shed,-419.9639396094217,285.35768967259355,-1.4717106102564441,-18814.239068348852,359
19,5,y_money,n_labour,-713.5328449787822,312.31051304108433,-2.2846904448743843,-31638.315448634312,359
19,5,y_money,n_quadrants,4045.3724851245006,423.4120653389774,9.554221091658867,281213.60376520356,359
19,5,y_money,n_melon_tiles,1026.7394412714098,293.4554144879895,3.4987919478767426,43048.741158437704,359
20,5,y_money,n_dry_plants,1385.6803911976267,274.17448949863706,5.05400919586472,3078.803958958024,359
20,5,y_money,n_unfed,20.933681573594423,237.00836292228422,0.08832465367670862,23.059271271288967,359
20,5,y_money,n_weeds,-337.2969381144,242.9544905772622,-1.3883132487610303,-1384.6530049729474,359
20,5,y_money,n_planted,72.14798067397781,253.31436383515904,0.2848159874618368,1600.7583836547392,359
20,5,y_money,n_empty,-235.32344803930962,261.51069321115034,-0.8998616658834043,-474.0652241136448,359
20,5,y_money,n_animals,-1816.6234087455834,427.6105153561678,-4.248313227827129,-27672.402337077143,359
20,5,y_money,n_structures,339.029355201522,452.1310365138747,0.7498475614847956,4666.0931892860035,359
20,5,y_money,n_money,64.39616511308502,379.42947258299733,0.16971840557008613,459.77408581961436,359
20,5,y_money,n_output_per_day,-431.16302536472665,278.91639453143705,-1.5458504190442262,-4758.832477931472,359
20,5,y_money,n_revenue_per_day,-1106.9948144993268,245.63362712273988,-4.506690828394502,-3600.355646194042,359
20,5,y_money,n_shed,38.04092402618988,268.0396967342628,0.1419227244683239,1704.2202234679091,359
20,5,y_money,n_labour,-299.5681293730762,285.2205022723577,-1.0503036317039296,-11358.151328647797,359
20,5,y_money,n_quadrants,3890.0858581266207,416.2817974586492,9.344837756238999,270418.8717213204,359
20,5,y_money,n_melon_tiles,655.2679181659481,263.2360145677272,2.4892791331839446,27473.824287517145,359
21,5,y_money,n_dry_plants,496.2532229631353,283.7089032735682,1.7491633756894116,1097.32188420492,359
21,5,y_money,n_unfed,280.6787174232787,261.6029619990869,1.072918728742293,273.6521597952022,359
21,5,y_money,n_weeds,3.0292869870098116,258.5513171983147,0.01171638582172173,8.843373906438353,359
21,5,y_money,n_planted,49.48203043896356,256.9645173388435,0.19256366969029662,1132.6317975154755,359
21,5,y_money,n_empty,241.615881414209,279.53751596239607,0.8643415198935647,478.8346330124083,359
21,5,y_money,n_animals,-1571.3300781407443,268.33479485333226,-5.855856595115104,-23128.00990227846,359
21,5,y_money,n_structures,-413.65219161506246,396.06253050439307,-1.044411323354089,-4868.13067031337,359
21,5,y_money,n_money,6.559019117194704,395.84060029513097,0.016569849359324002,49.14102233958616,359
21,5,y_money,n_output_per_day,-949.2436916329083,280.9057454126892,-3.3792249077651957,-10569.432011888854,359
21,5,y_money,n_revenue_per_day,-1405.5424764847637,261.454087176198,-5.375867295344848,-3892.9879763330114,359
21,5,y_money,n_shed,-296.2773737521802,287.75247380668475,-1.0296258094073678,-13273.123748434826,359
21,5,y_money,n_labour,25.57104288174443,301.97342120645214,0.08467978002693856,1082.0977270445067,359
21,5,y_money,n_quadrants,3908.671151783939,467.4357834758965,8.361942516935036,271710.82627572236,359
21,5,y_money,n_melon_tiles,499.1885373295226,279.28639294244675,1.7873714937211125,20929.787314050584,359
22,5,y_money,n_dry_plants,47.62521603657309,257.1082666382199,0.18523409091154233,96.87583139575767,359
22,5,y_money,n_unfed,-86.81064872880152,253.53301463683655,-0.3424037254207309,-89.5086125358928,359
22,5,y_money,n_weeds,-431.23547653067925,260.59921424955706,-1.6547842547127412,-1202.1586294326507,359
22,5,y_money,n_planted,278.43275247041527,268.6240287593037,1.0365146921383586,5983.631493698233,359
22,5,y_money,n_empty,313.9646920015405,268.2039175601212,1.1706193364277069,635.7842633853023,359
22,5,y_money,n_animals,-1717.707803091378,270.55892565260496,-6.348738260799048,-23266.38372474546,359
22,5,y_money,n_structures,123.40681325746154,408.18610026771205,0.30232977844302933,1452.3324298093899,359
22,5,y_money,n_money,-332.42521172871164,385.61522273134403,-0.8620645455179824,-2553.14540247401,359
22,5,y_money,n_output_per_day,43.32631589010064,349.8963324301865,0.12382615041769658,393.0755083053118,359
22,5,y_money,n_revenue_per_day,-691.36201219682,265.6752992612402,-2.6022818610509946,-2086.167953795373,359
22,5,y_money,n_shed,553.8420165940812,291.0132089198772,1.9031507836009156,24811.93055762949,359
22,5,y_money,n_labour,-245.99039217699485,270.29621585902186,-0.9100770848575099,-7470.634830003657,359
22,5,y_money,n_quadrants,3630.9115840905547,442.3250789548915,8.208694819361206,252402.40182320433,359
22,5,y_money,n_melon_tiles,341.7183747181513,267.3391803849004,1.2782203275485615,14327.438170786227,359
23,5,y_money,n_dry_plants,-991.870938258567,395.0798568206472,-2.5105581090377953,-4071.2130344997986,359
23,5,y_money,n_unfed,129.12820426584307,304.32347624468457,0.42431233324247514,128.1630388701648,359
23,5,y_money,n_weeds,-648.7915599967962,309.7144545055805,-2.094805555757832,-1758.365073833384,359
23,5,y_money,n_planted,676.4795236822966,308.0581643309758,2.195947395685612,16155.706005192527,359
23,5,y_money,n_empty,1666.031451274051,325.22818831924957,5.122653912269886,3037.7272822768377,359
23,5,y_money,n_animals,-1476.418836326817,353.61585373148705,-4.175205440443611,-19755.6838600227,359
23,5,y_money,n_structures,331.9392457590233,480.4502587631902,0.6908920116174467,3906.4790558729565,359
23,5,y_money,n_money,-55.882373178575335,447.580531995109,-0.1248543428139676,-434.5481493826504,359
23,5,y_money,n_output_per_day,-163.70262489873468,396.3954992269579,-0.4129780111479168,-1537.1537246100959,359
23,5,y_money,n_revenue_per_day,222.10941097000605,342.5760461289689,0.648350675652287,545.2822095039069,359
23,5,y_money,n_shed,924.1409196625704,340.8870376228657,2.7109887372278942,41401.19318707644,359
23,5,y_money,n_labour,274.29462017080556,320.2846648479583,0.8564088458653348,8349.304960539464,359
23,5,y_money,n_quadrants,4393.472672524751,570.2655748156677,7.7042572207605104,305411.7483192902,359
23,5,y_money,n_melon_tiles,600.1732074803497,318.0826156143991,1.8868469322696955,25163.834192497132,359
0,5,y_plants,n_dry_plants,-1.708817401455301,0.29391356066753954,-5.814013472444814,-7.916085236278371,359
0,5,y_plants,n_unfed,-0.7928725752031196,0.1954390449195111,-4.0568790925562155,-2.198530045819302,359
0,5,y_plants,n_weeds,-0.22143778216665239,0.1766203328130797,-1.253750225921065,-0.8936374422844277,359
0,5,y_plants,n_planted,0.4676871356673394,0.20410548735749823,2.2913991275901773,7.549865167735481,359
0,5,y_plants,n_empty,-3.4704299674664365,0.22740391939024723,-15.261082468463709,-1.6521766483337665,359
0,5,y_plants,n_animals,0.15924195959680107,1.1640421934394796,0.13680084836639586,1.3176654725913928,359
0,5,y_plants,n_structures,-2.9319352888963026,1.062096584531977,-2.7605166343589063,-34.50494012257628,359
0,5,y_plants,n_money,1.1113834662995428,0.19346973010036822,5.7444824351746355,2.1823273648426795,359
0,5,y_plants,n_output_per_day,-1.0526803475512616,0.2551052116891025,-4.1264556712944245,-11.573728307517612,359
0,5,y_plants,n_revenue_per_day,0.036113516531427706,0.1540249390027125,0.23446538440629877,0.24944340771703935,359
0,5,y_plants,n_shed,0.13009757530919863,0.1726198274406814,0.753665307387154,5.828326323341475,359
0,5,y_plants,n_labour,0.4781986171332449,0.16685687579690506,2.865920956804315,14.972302351801808,359
0,5,y_plants,n_quadrants,1.1814648712809654,0.4092526918795029,2.8868835678393694,82.12939485711846,359
0,5,y_plants,n_melon_tiles,0.32472383428484736,0.18253634452617937,1.7789544056431756,1.847682219260633,359
1,5,y_plants,n_dry_plants,-0.9690765243884433,0.3413585961360297,-2.8388812684309,-4.489240547879555,359
1,5,y_plants,n_unfed,1.5653952246378118,0.28804546595732794,5.434542145751792,0.8789908131876596,359
1,5,y_plants,n_weeds,0.35455911768406884,0.20058889391296078,1.7675909706043773,1.4308637846966774,359
1,5,y_plants,n_planted,1.1255940995889124,0.24101201695219499,4.6702820623760655,13.646939863819508,359
1,5,y_plants,n_empty,0.4576118760368175,0.2164360381088337,2.1143053626157666,1.010452176524761,359
1,5,y_plants,n_animals,-0.7602921922774141,0.3106655007707568,-2.4473016488510626,-8.37337880575408,359
1,5,y_plants,n_structures,1.124859554232642,0.34052286912699953,3.303330425696374,14.312022409009918,359
1,5,y_plants,n_money,0.5607479971077701,0.24545394814063465,2.284534436522836,0.9566189611736254,359
1,5,y_plants,n_output_per_day,0.40381725296035736,0.2650280816744897,1.5236772284996198,4.955137766355982,359
1,5,y_plants,n_revenue_per_day,0.20784051929126135,0.20248872738377072,1.02643007330155,1.1971550970913474,359
1,5,y_plants,n_shed,0.2856687168869488,0.19559761079845359,1.4604918522307804,8.13299763488727,359
1,5,y_plants,n_labour,-0.8166368000603013,0.1857182314880901,-4.397181652640663,-9.390109599986369,359
1,5,y_plants,n_quadrants,1.2534345544279426,0.3499868818276731,3.5813758158087476,87.1323591166577,359
1,5,y_plants,n_melon_tiles,-1.1161835845746222,0.19973400118094883,-5.588350395901881,-6.6855940133017375,359
2,5,y_plants,n_dry_plants,-0.190143057490049,0.14240024707836718,-1.3352719632951726,-0.689726554530774,359
2,5,y_plants,n_unfed,-0.5789248224758216,0.1329847995528807,-4.353315750538957,-0.8458594051252317,359
2,5,y_plants,n_weeds,0.4842560260330557,0.12911026395137717,3.7507167223779057,1.9775727953661852,359
2,5,y_plants,n_planted,1.846219627262569,0.19027807318728454,9.702745021205859,21.224634754846168,359
2,5,y_plants,n_empty,0.10157489026321788,0.13618870915898396,0.7458392908669206,0.18790930971193337,359
2,5,y_plants,n_animals,-2.5880752678254613,0.2841116952709238,-9.109358435095462,-24.707070753732292,359
2,5,y_plants,n_structures,0.6360887019025611,0.28168452649942133,2.258159898974315,8.21529051707567,359
2,5,y_plants,n_money,-0.2695255045329792,0.11917152233566063,-2.2616603300059293,-0.6605102955118286,359
2,5,y_plants,n_output_per_day,-0.3962933134281881,0.17794464340234156,-2.2270595273393505,-4.79076400370361,359
2,5,y_plants,n_revenue_per_day,-0.3330041664824402,0.12572654569335895,-2.6486384768306723,-2.285747974999981,359
2,5,y_plants,n_shed,-0.784458729737383,0.150389664152419,-5.216174490172003,-13.47131468995578,359
2,5,y_plants,n_labour,0.199586433638933,0.1414866322289492,1.4106380970038819,4.4670235350424115,359
2,5,y_plants,n_quadrants,1.4563266319762258,0.20986650887949598,6.939299842322337,101.2363785889229,359
2,5,y_plants,n_melon_tiles,0.41249787647474,0.1287414862899766,3.204078874354706,2.725599715151477,359
3,5,y_plants,n_dry_plants,-0.07053622099189133,0.5039853993277064,-0.13995687392131487,-0.237336101857784,359
3,5,y_plants,n_unfed,1.2511677666821832,0.7928028812107939,1.578157441571554,0.7002491345521256,359
3,5,y_plants,n_weeds,-0.07756406815205295,0.4320699835259349,-0.17951737243834062,-0.3167510218343844,359
3,5,y_plants,n_planted,4.1992622983519725,0.6225779448273107,6.744958335324189,39.40458899979883,359
3,5,y_plants,n_empty,-1.2948864504063706,0.5330383970908773,-2.4292554860463578,-2.2517731073149236,359
3,5,y_plants,n_animals,-4.53903991737307,1.3443867755430272,-3.3762902164368973,-26.065237095557357,359
3,5,y_plants,n_structures,-1.3852867180574633,1.281320090853058,-1.0811402458656432,-8.910269309929914,359
3,5,y_plants,n_money,-0.8652736377694678,0.4699777177844612,-1.8410950243523996,-2.019228820259953,359
3,5,y_plants,n_output_per_day,-0.16797291514584156,0.5730631024487344,-0.29311416915184874,-2.0133258289942297,359
3,5,y_plants,n_revenue_per_day,-0.8984563250878932,0.4296638991109885,-2.091067755394103,-5.9630795170246165,359
3,5,y_plants,n_shed,-0.12028888043690987,0.4560093595540231,-0.26378599017036036,-3.912840003508303,359
3,5,y_plants,n_labour,-0.006351095851238211,0.4136405290435485,-0.015354143042809913,-0.12434434769076146,359
3,5,y_plants,n_quadrants,2.0717411167944726,0.7354422895286097,2.817000254530344,144.01684583178525,359
3,5,y_plants,n_melon_tiles,0.6835961905425785,0.46012761186544404,1.4856665257952042,4.74018297062383,359
4,5,y_plants,n_dry_plants,0.7049834259452282,0.3580972346419555,1.9686927396971046,2.528698168590407,359
4,5,y_plants,n_unfed,-0.610006235432793,0.45297212439158785,-1.3466749995976606,-0.3855383184982932,359
4,5,y_plants,n_weeds,-0.24280140043745987,0.2722052435694749,-0.8919791450508546,-0.9942202016255787,359
4,5,y_plants,n_planted,2.1578755538989673,0.491564872596519,4.389808292241768,18.436555491347846,359
4,5,y_plants,n_empty,-0.3313881421179908,0.28837172315698195,-1.1491700312710336,-0.564664400852343,359
4,5,y_plants,n_animals,-7.532043020348848,1.2233787777487755,-6.156754684112704,-35.26198370959754,359
4,5,y_plants,n_structures,3.036565614187496,1.297262839857544,2.3407481667484973,13.654698719629799,359
4,5,y_plants,n_money,0.13936544985265498,0.33110852489627424,0.420905652901307,0.2537403236410692,359
4,5,y_plants,n_output_per_day,-0.1736309913981942,0.2948128270731528,-0.5889533136056886,-1.997065112290352,359
4,5,y_plants,n_revenue_per_day,-0.5500809964579539,0.3449970712798289,-1.5944512062590246,-2.5834927727499712,359
4,5,y_plants,n_shed,-0.7985103893007232,0.5307128332036462,-1.5045997370753559,-2.808843346601723,359
4,5,y_plants,n_labour,0.8243424214907498,0.3436317565312809,2.398912224562428,6.292921960011099,359
4,5,y_plants,n_quadrants,9.310945510592564,0.5227546268747894,17.81131152536452,647.2493079743176,359
4,5,y_plants,n_melon_tiles,0.7674331354619061,0.2744374765949462,2.7963860657216024,32.17664489833774,359
5,5,y_plants,n_dry_plants,3.486165029248728,0.514821673887387,6.771597246333685,16.36408471495817,359
5,5,y_plants,n_unfed,0.06201283210599554,0.3610926281654361,0.17173663284420226,0.050030422370357965,359
5,5,y_plants,n_weeds,-0.6844657562418328,0.3501304998806979,-1.9548875532838614,-2.7870037792850297,359
5,5,y_plants,n_planted,0.24069607809133226,0.3909171429641936,0.6157214704533411,4.236099954068435,359
5,5,y_plants,n_empty,-1.1444975457446105,0.33412974860166333,-3.4253087327134004,-2.334987069834271,359
5,5,y_plants,n_animals,-6.593741770916439,2.8535812134296794,-2.3106900689858105,-21.125859358933344,359
5,5,y_plants,n_structures,4.87229948775258,2.9938863909232585,1.6274162915881567,14.865056187572582,359
5,5,y_plants,n_money,-0.19706980477427374,0.4225002405142066,-0.4664371422237031,-0.39654356352384207,359
5,5,y_plants,n_output_per_day,3.5401370050882495,0.40106170079434006,8.826913659610675,39.30172159317757,359
5,5,y_plants,n_revenue_per_day,0.2706273775063653,0.34817123610734135,0.7772824100349598,1.4428719663812162,359
5,5,y_plants,n_shed,0.5198899486582593,0.32656877716789806,1.5919768973840678,6.084013161486419,359
5,5,y_plants,n_labour,0.1024359631251116,0.3326030093178953,0.30798267079780195,2.334208738463758,359
5,5,y_plants,n_quadrants,10.66444944618426,0.5709236967958721,18.679290255484396,741.3379786314061,359
5,5,y_plants,n_melon_tiles,-0.08232235010060948,0.33570768836725434,-0.2452203299274792,-3.4515802145937364,359
6,5,y_plants,n_dry_plants,-1.4135899211600829,0.40203747488756336,-3.516065067206527,-4.740685431640609,359
6,5,y_plants,n_unfed,-0.8402817196528592,0.3613066478880832,-2.325674671541447,-1.5511316749887385,359
6,5,y_plants,n_weeds,-2.860851352923194,0.3554599835189853,-8.048307785875972,-11.574337396294453,359
6,5,y_plants,n_planted,2.3315325301871668,0.5452457888773732,4.276112860931298,43.52843901391753,359
6,5,y_plants,n_empty,3.581982465299942,0.5530838298789892,6.476382551418389,3.157250086877055,359
6,5,y_plants,n_animals,0.7839979059081731,0.6603785803863506,1.1871946322812283,9.050922701879974,359
6,5,y_plants,n_structures,-2.3874720842964106,0.7173449393926405,-3.32820649200903,-28.17491415214761,359
6,5,y_plants,n_money,0.2606730009387661,0.40752528519927766,0.6396486559387313,0.5360592645141203,359
6,5,y_plants,n_output_per_day,1.8903491203339755,0.4961920889157163,3.8097123323041777,19.810635187429813,359
6,5,y_plants,n_revenue_per_day,-0.09542663864527788,0.49089552840520906,-0.19439296779763715,-0.4026925008710643,359
6,5,y_plants,n_shed,-0.63868078115716,0.44190996760890844,-1.4452735352699586,-2.880948990033862,359
6,5,y_plants,n_labour,2.5515088225536213,0.4681471599804114,5.4502281348035595,28.762591339883684,359
6,5,y_plants,n_quadrants,2.365383744579192,0.7581289082001827,3.1200284265569995,164.42937938266886,359
6,5,y_plants,n_melon_tiles,-1.8792077630115447,0.4391354172984052,-4.279335460055978,-78.79070903581483,359
7,5,y_plants,n_dry_plants,-1.0608444367850705,0.4750782817076225,-2.232988704455124,-2.4678998649407617,359
7,5,y_plants,n_unfed,1.6562304637394594,0.5331885511466077,3.1062753695250587,1.0705013195947233,359
7,5,y_plants,n_weeds,-3.2939875421809677,0.43371562773738126,-7.594809436231583,-13.122951201255425,359
7,5,y_plants,n_planted,2.1653190277212273,0.4354249701826114,4.972886664752188,59.63824869279741,359
7,5,y_plants,n_empty,0.3562187938793331,0.40855565275913336,0.8718978466547963,0.6722839008088836,359
7,5,y_plants,n_animals,6.8974495067746755,0.8973981742910349,7.686052528715939,51.45312431169447,359
7,5,y_plants,n_structures,-3.3712603761046838,0.7188263734762773,-4.6899508706130435,-33.45350503183861,359
7,5,y_plants,n_money,-0.7226347638780275,0.44538957217439046,-1.6224779586781228,-1.4749340037494767,359
7,5,y_plants,n_output_per_day,3.4711267284891436,0.47390033077653054,7.324592331052764,37.627212529946256,359
7,5,y_plants,n_revenue_per_day,0.6212913984320877,0.43354287560545146,1.4330564135425858,3.97456593632319,359
7,5,y_plants,n_shed,-1.5805303019001387,0.44097082048405734,-3.5842060936485036,-8.900457696044416,359
7,5,y_plants,n_labour,0.7111919832810567,0.5070585310971697,1.402583606555607,24.68281349073925,359
7,5,y_plants,n_quadrants,2.4459461610756343,0.6828041999853864,3.582207258139278,170.0296665142754,359
7,5,y_plants,n_melon_tiles,0.5638429955408052,0.49369134634884565,1.1420961694199718,23.64059487086362,359
8,5,y_plants,n_dry_plants,-0.5533672598876122,0.4929474399888902,-1.1225684829605438,-1.3206736714488103,359
8,5,y_plants,n_unfed,-1.3116205730407948,0.6698672957993147,-1.9580304655352854,-1.0381350332695236,359
8,5,y_plants,n_weeds,-3.1915553726370045,0.4689953578435813,-6.805089473191433,-10.768944255925323,359
8,5,y_plants,n_planted,2.13351630750502,0.53457983912339,3.9910152822141285,48.81367433575151,359
8,5,y_plants,n_empty,-12.763180380654589,0.6693123850519385,-19.069093394505423,-9.578144649721645,359
8,5,y_plants,n_animals,4.082792408654369,1.231011116488603,3.316617010169923,44.00931567311769,359
8,5,y_plants,n_structures,-3.256799831271472,1.2924730571079597,-2.519820288214668,-36.48513883811836,359
8,5,y_plants,n_money,-1.2956605520556252,0.6098746840326422,-2.1244701345666575,-2.390794238063491,359
8,5,y_plants,n_output_per_day,2.286176692214644,0.5528181185740532,4.135495229627495,25.3641165040857,359
8,5,y_plants,n_revenue_per_day,1.9877021096678682,0.559357218821714,3.553546897731941,8.677877678580606,359
8,5,y_plants,n_shed,0.9082514942065728,0.5359626445803468,1.6946171592196024,3.7202750414416776,359
8,5,y_plants,n_labour,-0.2446450079299861,0.6512584359228168,-0.3756496567807683,-3.3864814301855253,359
8,5,y_plants,n_quadrants,-4.4610632587141374,0.54662511984498,-8.161101816870897,-92.88776377286,359
8,5,y_plants,n_melon_tiles,0.6835092955070359,0.5610669567811511,1.218231241825999,28.65791802566047,359
9,5,y_plants,n_dry_plants,-1.038115666275173,0.49403148935115626,-2.101314771733676,-3.0747990158667347,359
9,5,y_plants,n_unfed,3.4153277586733526,0.5841128602986341,5.847034007995012,2.4851476855472017,359
9,5,y_plants,n_weeds,-3.456851944673887,0.4553570104497394,-7.591520203586371,-11.526596685996163,359
9,5,y_plants,n_planted,12.046973699864818,1.5012169791260281,8.024805119695802,85.31363426994672,359
9,5,y_plants,n_empty,1.2323643222236704,0.6477921859816469,1.9024068966750172,1.1365759312978534,359
9,5,y_plants,n_animals,3.0567685333274826,1.0990993355151841,2.7811576575057013,40.96093275722098,359
9,5,y_plants,n_structures,-6.29754794866211,1.1416222847984874,-5.516314837681815,-87.64612516177034,359
9,5,y_plants,n_money,-0.8593975270165913,0.6137380416675999,-1.400267652761926,-1.2963718172333827,359
9,5,y_plants,n_output_per_day,2.934874059669449,0.49469744327193227,5.93266470159654,34.20642334052695,359
9,5,y_plants,n_revenue_per_day,1.0107817617723824,0.5864945080582383,1.7234292016115738,3.52164961714745,359
9,5,y_plants,n_shed,0.6876023493772642,0.4684399452286833,1.4678559255692638,4.552257182396134,359
9,5,y_plants,n_labour,-1.475034888059172,0.5709444482596457,-2.583499835326146,-63.23009174856711,359
9,5,y_plants,n_quadrants,1.541619518522371,1.755393409434535,0.8782188142195275,8.329637008249646,359
9,5,y_plants,n_melon_tiles,0.9432227147644336,0.5034758665372577,1.8734219005403592,39.54708358371085,359
10,5,y_plants,n_dry_plants,0.18813158578960204,0.3367087978990918,0.558736768874044,0.32139307930767785,359
10,5,y_plants,n_unfed,0.8756465478617043,0.4019743810658598,2.178364067729574,0.6949879387564136,359
10,5,y_plants,n_weeds,-1.960724599856653,0.3311566486800615,-5.9208371858810445,-5.940472156704967,359
10,5,y_plants,n_planted,9.941243680209158,1.1019200645359737,9.021746676693365,44.24611279232597,359
10,5,y_plants,n_empty,3.5690379169605237,0.47925990931313484,7.4469778247790295,3.7815724665486736,359
10,5,y_plants,n_animals,1.4957780751292318,0.9162378101489657,1.6325216647477603,21.25276695906101,359
10,5,y_plants,n_structures,-2.6520685356659115,0.88021097640997,-3.012991892560398,-32.28314410289254,359
10,5,y_plants,n_money,2.4004519657010506,0.4714760445718016,5.091355103483912,7.1959865907628195,359
10,5,y_plants,n_output_per_day,1.1937710092407314,0.6875114498171434,1.7363652773466351,6.551745613883628,359
10,5,y_plants,n_revenue_per_day,0.4816169293153634,0.39527498642835923,1.218435129597185,1.2889045953307932,359
10,5,y_plants,n_shed,-0.6475059948061127,0.3300735103024017,-1.961702392333425,-2.037112374237791,359
10,5,y_plants,n_labour,-0.6797660309470318,0.3328570808391479,-2.042215924123683,-10.70502069251424,359
10,5,y_plants,n_quadrants,3.5843555130568996,1.0269292536921115,3.4903626517309654,21.256941001704718,359
10,5,y_plants,n_melon_tiles,0.2743925222569235,0.33900046019702285,0.8094163709909125,11.50462541092418,359
11,5,y_plants,n_dry_plants,-0.22590870556167897,0.24574750922390304,-0.9192715982152693,-0.5091714689018265,359
11,5,y_plants,n_unfed,-0.13882286542746922,0.2319874748146359,-0.5984067266493259,-0.1637195157049654,359
11,5,y_plants,n_weeds,-0.5442048808721964,0.27031143921287026,-2.013251390532663,-1.8876871707802811,359
11,5,y_plants,n_planted,1.0993115869433252,0.24218597571821748,4.539121572515703,19.44155851750239,359
11,5,y_plants,n_empty,3.6876185214336443,0.33979822586935143,10.852377207088455,4.938499785963762,359
11,5,y_plants,n_animals,-0.5243589868950472,0.5773363703152278,-0.9082382712330167,-7.803722276640787,359
11,5,y_plants,n_structures,0.22438443253697504,0.5694330434324772,0.39404884406498675,3.0053990139520383,359
11,5,y_plants,n_money,0.045960776443878006,0.39082904499428445,0.117598159687825,0.1660381933548336,359
11,5,y_plants,n_output_per_day,1.168452571899553,0.2725774478789072,4.28668101852153,10.29317294413464,359
11,5,y_plants,n_revenue_per_day,-0.49130389976346284,0.22448127912572585,-2.1886185862665943,-1.5311270246374336,359
11,5,y_plants,n_shed,0.33779342416801694,0.2376591287596939,1.421335784284443,15.13302843078354,359
11,5,y_plants,n_labour,0.13854151916336063,0.26158177368844265,0.5296298637701368,2.6185505895153405,359
11,5,y_plants,n_quadrants,-0.8031188560586013,0.25612928710183236,-3.1355994667618616,-25.684372673584246,359
11,5,y_plants,n_melon_tiles,-0.20831220393857797,0.293831292342919,-0.7089517330763565,-8.734034933333225,359
12,5,y_plants,n_dry_plants,0.11160403162397327,0.1825141257602394,0.6114816108566986,0.2413034358501745,359
12,5,y_plants,n_unfed,0.3165312026517691,0.23566508026358662,1.3431400286276411,0.22747543024253583,359
12,5,y_plants,n_weeds,-0.15838707420124956,0.2096280357661234,-0.7555624591071298,-0.5457543223812049,359
12,5,y_plants,n_planted,1.3425498071892763,0.21172875074247988,6.340895142871666,26.21564662672221,359
12,5,y_plants,n_empty,1.5067988923557198,0.19682354270087193,7.655582618212088,3.3842182883480922,359
12,5,y_plants,n_animals,-1.2873600960969183,0.48859769980404244,-2.634805887570139,-20.082817425591845,359
12,5,y_plants,n_structures,0.9204788467910271,0.46365949527183603,1.985247484797794,12.904931447039662,359
12,5,y_plants,n_money,-0.19920141825390636,0.2631782741408065,-0.7569067731910459,-0.8056136819954068,359
12,5,y_plants,n_output_per_day,0.9954604609616665,0.18702499159013955,5.322606634001046,11.219932953631568,359
12,5,y_plants,n_revenue_per_day,-0.02051181538811663,0.18428552435898635,-0.1113045392982675,-0.07532781872713787,359
12,5,y_plants,n_shed,0.2428776458232503,0.17722850969789,1.370420855184463,8.989803328361289,359
12,5,y_plants,n_labour,-0.025527953851840833,0.2167042515605809,-0.11780089069781978,-0.4705755806564247,359
12,5,y_plants,n_quadrants,-1.0427877079773054,0.20486341847174624,-5.090160633637584,-33.349171058645325,359
12,5,y_plants,n_melon_tiles,-0.24681841345680577,0.2183860021608174,-1.1301933778477753,-10.348508654621366,359
13,5,y_plants,n_dry_plants,0.011902590924803879,0.22131514215988185,0.05378118645042933,0.028775762639505615,359
13,5,y_plants,n_unfed,-0.1741291360997801,0.23114797184028332,-0.7533232271667881,-0.17499369916614022,359
13,5,y_plants,n_weeds,0.148243105197396,0.2768943866939369,0.5353777913932772,0.6166751956540673,359
13,5,y_plants,n_planted,0.8132619060780867,0.2614791510279925,3.1102361426553022,17.649990384046603,359
13,5,y_plants,n_empty,-0.4598559085762591,0.2309460349662151,-1.9911833889831925,-1.268524769868411,359
13,5,y_plants,n_animals,-2.716309502165648,0.647256745519273,-4.196649198281342,-43.79797649422122,359
13,5,y_plants,n_structures,1.5169719532088877,0.6163064118927792,2.461392456635353,22.39393295734327,359
13,5,y_plants,n_money,-0.27954197784400137,0.4123259984232532,-0.6779635019692626,-1.1583992813295492,359
13,5,y_plants,n_output_per_day,0.5547024448554222,0.232684868345409,2.3839214333095105,6.8626872158054395,359
13,5,y_plants,n_revenue_per_day,-0.17428610846908313,0.2913859584295018,-0.5981280271995333,-0.43955090747764874,359
13,5,y_plants,n_shed,-0.5152648977607291,0.24644102218373365,-2.0908243814074687,-23.083688992475583,359
13,5,y_plants,n_labour,0.1799178493309162,0.25900741789404963,0.6946436159774928,7.265641675732216,359
13,5,y_plants,n_quadrants,-1.3662888088590397,0.32251052892690313,-4.236416136258015,-94.9774096541553,359
13,5,y_plants,n_melon_tiles,0.42459847051883925,0.26122296838086473,1.6254254867044158,17.8024033351635,359
14,5,y_plants,n_dry_plants,0.4885649291544906,0.2276055541118218,2.146542210101167,0.9869660306548453,359
14,5,y_plants,n_unfed,-0.20284398991939734,0.22012527256474124,-0.921493418524848,-0.28927247748894763,359
14,5,y_plants,n_weeds,0.40980967683930847,0.24403497170081778,1.6793071664405843,1.7830962206960161,359
14,5,y_plants,n_planted,0.6022621136653064,0.23164694269884353,2.5999139321613547,14.070931426927693,359
14,5,y_plants,n_empty,-0.5187113933520702,0.2253370277033022,-2.301935898591196,-1.567989192743057,359
14,5,y_plants,n_animals,-3.7181746098540227,0.6036910002064714,-6.159069140640413,-61.317133181608995,359
14,5,y_plants,n_structures,2.5270902500024666,0.5839826847121922,4.327337635443606,37.81218880735107,359
14,5,y_plants,n_money,-0.7401828023534234,0.3730482218402918,-1.9841477830989582,-3.65205064038946,359
14,5,y_plants,n_output_per_day,0.9666396714463038,0.22818988658035025,4.236119689318179,12.600494779941759,359
14,5,y_plants,n_revenue_per_day,-0.3513032395591172,0.27743719207079504,-1.26624421526539,-0.8750243225680046,359
14,5,y_plants,n_shed,-0.5354551791222648,0.24278801130023217,-2.2054432434891513,-23.98820660593174,359
14,5,y_plants,n_labour,0.4734493146178685,0.23686928610770744,1.9987788302894836,10.386253602248027,359
14,5,y_plants,n_quadrants,-1.29386520031065,0.3303768156038721,-3.916331713367013,-89.94289082246203,359
14,5,y_plants,n_melon_tiles,0.24400837801954545,0.24150289930449856,1.0103745285139947,10.230690556550776,359
15,5,y_plants,n_dry_plants,0.09913112634828486,0.2652457891194711,0.37373308235115676,0.1547034433492404,359
15,5,y_plants,n_unfed,0.05855510899915578,0.22090499330198526,0.2650691961458236,0.06341037901865042,359
15,5,y_plants,n_weeds,-0.17358928598752962,0.28614475216727403,-0.6066485045514763,-0.6659555479400617,359
15,5,y_plants,n_planted,1.4707325687743191,0.27028879397141764,5.441337567734478,33.619349929436694,359
15,5,y_plants,n_empty,-0.3749695995578584,0.24381856580385916,-1.537904213001992,-1.1046778647250777,359
15,5,y_plants,n_animals,-4.568930669842417,0.6167763590631693,-7.407759072968091,-78.09626329232357,359
15,5,y_plants,n_structures,3.901920890440746,0.6562247297683435,5.946013177251304,56.55370314643622,359
15,5,y_plants,n_money,-1.0789573914128665,0.34973189302518565,-3.085098651083464,-6.649161116464825,359
15,5,y_plants,n_output_per_day,0.6722519528705112,0.24338454843464866,2.7620979112855144,8.969854965778593,359
15,5,y_plants,n_revenue_per_day,0.02122308834500775,0.27643976133087594,0.07677292240028176,0.06794574227500677,359
15,5,y_plants,n_shed,-0.3685728214238979,0.26289779907505856,-1.4019623698662789,-16.511934769481087,359
15,5,y_plants,n_labour,-0.4389707706640049,0.24192560307987815,-1.8144866234727008,-16.584017257516702,359
15,5,y_plants,n_quadrants,-0.30006569083882617,0.40319597745598856,-0.7442179674810379,-20.859032041516635,359
15,5,y_plants,n_melon_tiles,0.15206306518115204,0.2581733466256445,0.5889959872645022,6.37564241677129,359
16,5,y_plants,n_dry_plants,0.02792621274068148,0.22151643622386338,0.12606835509243833,0.05759391664078867,359
16,5,y_plants,n_unfed,-0.04633675035314698,0.2155903155843542,-0.214929646665955,-0.04538446011712077,359
16,5,y_plants,n_weeds,0.9853636618325023,0.23050556619402832,4.274793351424197,4.21026325753878,359
16,5,y_plants,n_planted,1.2062832644132109,0.2405898936138167,5.013856759708613,30.91360706751954,359
16,5,y_plants,n_empty,-0.8416372435995993,0.22344933366879607,-3.7665685987101742,-2.548881684873231,359
16,5,y_plants,n_animals,-2.988177521124806,0.5926225933484934,-5.042294294317597,-52.83433141634792,359
16,5,y_plants,n_structures,2.2510809476373397,0.64282550189218,3.5018538328227518,33.67205762937398,359
16,5,y_plants,n_money,-1.059084741540896,0.30322254463849524,-3.4927638471062457,-7.0162595487463095,359
16,5,y_plants,n_output_per_day,0.5225893091985295,0.22458259578558684,2.326935920259178,7.128822369610697,359
16,5,y_plants,n_revenue_per_day,-0.7239375829371923,0.2296433945017917,-3.1524424401919564,-2.284806852219788,359
16,5,y_plants,n_shed,-0.3325696091200036,0.24161775063425456,-1.3764287112474038,-14.899003325548156,359
16,5,y_plants,n_labour,-0.01789044070206183,0.23481455746501437,-0.07618965746928776,-0.7405643939295671,359
16,5,y_plants,n_quadrants,-0.6590329109668278,0.3835622720024811,-1.7181901325335898,-45.81259712778971,359
16,5,y_plants,n_melon_tiles,-0.00594445992588871,0.23826025125613834,-0.024949440347471985,-0.24923705702724971,359
17,5,y_plants,n_dry_plants,0.06741093155866307,0.2276477185825226,0.2961195129843856,0.15947973965264092,359
17,5,y_plants,n_unfed,0.32288606008350423,0.22513627577456674,1.4341805156571756,0.30458659441876446,359
17,5,y_plants,n_weeds,0.6011541376580144,0.2526333970059865,2.3795513371645365,2.7776454467484157,359
17,5,y_plants,n_planted,0.11234499069720398,0.2706086032804834,0.4151567590065102,3.0042469669808054,359
17,5,y_plants,n_empty,-0.4033960087834415,0.24328446010078758,-1.6581248494717793,-1.1023998110415285,359
17,5,y_plants,n_animals,0.921876096778862,0.5657668442971422,1.6294275743996944,16.32050208118286,359
17,5,y_plants,n_structures,-1.8038731127236625,0.5954651694162686,-3.029351178494604,-26.417374703799883,359
17,5,y_plants,n_money,-0.5889813489745505,0.32935431681743,-1.7882909647759035,-4.2215826106809695,359
17,5,y_plants,n_output_per_day,0.8735867434963001,0.24444368686934018,3.5737750264061794,11.169986068593596,359
17,5,y_plants,n_revenue_per_day,-0.23259659800057583,0.2615968076185121,-0.8891415767572078,-0.7006838171062197,359
17,5,y_plants,n_shed,-0.18344623693867887,0.26009664352053735,-0.7053002855232688,-8.218327890635498,359
17,5,y_plants,n_labour,0.03865098620265169,0.2777430529248129,0.13916094676583973,1.7048069754856479,359
17,5,y_plants,n_quadrants,-2.3060376446095545,0.3828234284073533,-6.0237631071935205,-160.30394205811103,359
17,5,y_plants,n_melon_tiles,0.4950865117330832,0.2786401632110929,1.7767952258842683,20.757799143509732,359
18,5,y_plants,n_dry_plants,-0.009902859826189178,0.17917276007434976,-0.05526989606053886,-0.022493932270505466,359
18,5,y_plants,n_unfed,0.14439241482261408,0.17754085912450343,0.813291180039613,0.1517689486072575,359
18,5,y_plants,n_weeds,0.4369416082246025,0.19132658930824004,2.283747438369165,2.2185660048868905,359
18,5,y_plants,n_planted,0.6295654191875033,0.19018346675500686,3.3103057270404346,15.799470202077604,359
18,5,y_plants,n_empty,0.6513186299372635,0.20072426087471484,3.2448425870343303,1.3623774841015235,359
18,5,y_plants,n_animals,2.092079117048681,0.29220891959620526,7.15953202229303,34.602800089990225,359
18,5,y_plants,n_structures,-1.6225841865754314,0.3268806859765413,-4.963842332036334,-24.101241010342477,359
18,5,y_plants,n_money,-0.439050742683651,0.27119051831352037,-1.618975270278695,-2.9227639038857127,359
18,5,y_plants,n_output_per_day,0.662212345414947,0.20094681443200352,3.2954607779514054,8.028983683518188,359
18,5,y_plants,n_revenue_per_day,-0.06032957137121675,0.18850772700086876,-0.32003765750641466,-0.22816783265920887,359
18,5,y_plants,n_shed,-0.17187034608631507,0.1996904450112116,-0.8606838753685256,-7.699731988977757,359
18,5,y_plants,n_labour,0.00044534481376432445,0.19920771645285215,0.0022355801356205357,0.015652808511387336,359
18,5,y_plants,n_quadrants,-0.7971677826639393,0.2987560883528017,-2.6682896641843903,-55.415026871510385,359
18,5,y_plants,n_melon_tiles,0.23973899666717627,0.19808216661192118,1.210300759365523,10.051685557466284,359
19,5,y_plants,n_dry_plants,0.10289065118696522,0.18177568592136528,0.5660308784722446,0.19767500646422098,359
19,5,y_plants,n_unfed,-0.06898312493775396,0.17624018993041204,-0.3914154028374105,-0.0759878710570875,359
19,5,y_plants,n_weeds,0.5812436648642547,0.17696913970392894,3.28443516104944,2.3124604310266728,359
19,5,y_plants,n_planted,1.0083559763955148,0.18456672243544317,5.463368277280931,24.273221324394516,359
19,5,y_plants,n_empty,0.40599668694582586,0.1916621594224519,2.118293397972986,0.8880042225425518,359
19,5,y_plants,n_animals,1.829874072377158,0.3008363027765325,6.082623857189293,29.283932616651203,359
19,5,y_plants,n_structures,-1.9159493369770697,0.3222773596562923,-5.945032375282034,-27.578616012665016,359
19,5,y_plants,n_money,-0.14314765850183495,0.27843554692338385,-0.5141141642421986,-1.0066480471669714,359
19,5,y_plants,n_output_per_day,0.3266398241735188,0.18740492294624006,1.74296287972766,3.578571608630032,359
19,5,y_plants,n_revenue_per_day,0.20872988894307828,0.18537431749000696,1.1259914090004963,0.668404320094045,359
19,5,y_plants,n_shed,-0.022213602552719734,0.20278805074463105,-0.10954098365831771,-0.99516170218053,359
19,5,y_plants,n_labour,0.025187838452502227,0.22194194324786687,0.11348841090560431,1.1168382563429204,359
19,5,y_plants,n_quadrants,-0.7339687410700347,0.30089571965053674,-2.439279435156051,-51.02175275238265,359
19,5,y_plants,n_melon_tiles,0.1991129971659353,0.20854265939970065,0.9547830536883483,8.3483340872373,359
20,5,y_plants,n_dry_plants,-0.22757327788522733,0.20638082043178352,-1.1026861769863383,-0.5056386114409298,359
20,5,y_plants,n_unfed,-0.06250624616053922,0.17840456447476333,-0.35036237074181587,-0.06885308163777287,359
20,5,y_plants,n_weeds,0.9382662871211546,0.18288042474196214,5.130490529235239,3.851719618891056,359
20,5,y_plants,n_planted,1.2968196133274499,0.19067866719130086,6.8010734102016706,28.77273693219999,359
20,5,y_plants,n_empty,0.4114544453340205,0.19684833375743346,2.090210455329714,0.8288857122612135,359
20,5,y_plants,n_animals,1.6843696192290976,0.32187753552798126,5.232951769890362,25.657796526932668,359
20,5,y_plants,n_structures,-1.6058489730029482,0.3403349977200194,-4.718436198924269,-22.101451809378133,359
20,5,y_plants,n_money,-0.247406769458034,0.2856099631693384,-0.8662399823613517,-1.7664284985510406,359
20,5,y_plants,n_output_per_day,0.34672581994926593,0.209950219805403,1.6514668108975377,3.8268821671715023,359
20,5,y_plants,n_revenue_per_day,0.1117586098017493,0.18489710543065624,0.6044367733147841,0.36348024086500325,359
20,5,y_plants,n_shed,-0.19108502846657113,0.20176294527423053,-0.9470769184443344,-8.56054310590542,359
20,5,y_plants,n_labour,-0.30301759561676617,0.21469554432498422,-1.4113827865849373,-11.488938137247517,359
20,5,y_plants,n_quadrants,-0.8142773783803451,0.3133500095046612,-2.5986192873188103,-56.60439845300718,359
20,5,y_plants,n_melon_tiles,0.4738314036140469,0.19814704407045322,2.3913119967894714,19.86662304670181,359
21,5,y_plants,n_dry_plants,-0.19622524423106066,0.28933019662930465,-0.6782052012444044,-0.43389593208585275,359
21,5,y_plants,n_unfed,-0.6561275599976816,0.2667862571835473,-2.4593754075805703,-0.6397019536887417,359
21,5,y_plants,n_weeds,0.5046323763280303,0.2636741483280884,1.9138485116110768,1.4731693656956337,359
21,5,y_plants,n_planted,1.427084053274467,0.26205590825858494,5.4457236349210065,32.66561137703763,359
21,5,y_plants,n_empty,0.6987274988935733,0.2850761591386495,2.4510204606543073,1.3847389647984718,359
21,5,y_plants,n_animals,-0.35669024398030286,0.27365147184872235,-1.303447197161378,-5.250033465014377,359
21,5,y_plants,n_structures,-0.4113961668457331,0.4039099531460213,-1.0185343630217634,-4.8415802891110395,359
21,5,y_plants,n_money,0.34205550707264054,0.40368362570143673,0.8473355996996118,2.5627242449057386,359
21,5,y_plants,n_output_per_day,0.26682256654147946,0.28647149813337114,0.9314105182542669,2.9709578279593885,359
21,5,y_plants,n_revenue_per_day,0.5721997419610326,0.26663443261518666,2.1460084369029913,1.5848448216849735,359
21,5,y_plants,n_shed,0.08539881558495001,0.29345388483200785,0.2910127280606214,3.8258373660923706,359
21,5,y_plants,n_labour,-0.6185244234549553,0.3079566003264956,-2.0084791908963657,-26.17428924730902,359
21,5,y_plants,n_quadrants,-1.5833254331853515,0.47669736685790565,-3.3214478267871583,-110.06468567144852,359
21,5,y_plants,n_melon_tiles,0.4348817466587444,0.28482006046884484,1.5268648772241733,18.233556629770884,359
22,5,y_plants,n_dry_plants,-0.5829470306713415,0.38768908374836836,-1.5036457179426448,-1.1857894400438302,359
22,5,y_plants,n_unfed,-0.8976073676887104,0.3822980234347138,-2.3479257350698743,-0.9255038553485145,359
22,5,y_plants,n_weeds,0.9159640576548699,0.39295302293845763,2.3309759797886165,2.5534404196488003,359
22,5,y_plants,n_planted,1.4456667997567365,0.405053501173613,3.5690761728216702,31.06795919541643,359
22,5,y_plants,n_empty,-0.25306772932780747,0.4044200228027574,-0.6257546982317267,-0.5124667963507237,359
22,5,y_plants,n_animals,-1.34355460854647,0.40797109854813485,-3.293259285591157,-18.19847183632396,359
22,5,y_plants,n_structures,-3.122577079502576,0.615496721598156,-5.073263544596483,-36.74853792456134,359
22,5,y_plants,n_money,2.0455914060029015,0.5814624879039745,3.5180109612517607,15.710879046799954,359
22,5,y_plants,n_output_per_day,1.3545841416005153,0.5276025944262992,2.567432677379939,12.28938669404832,359
22,5,y_plants,n_revenue_per_day,0.9119173813616426,0.40060716324650686,2.276338181203489,2.7516883831390855,359
22,5,y_plants,n_shed,0.6161376682819908,0.438813756554836,1.4040983425846534,27.60275418135527,359
22,5,y_plants,n_labour,-1.2944586254979942,0.4075749630193256,-3.1760013321441827,-39.31221706694104,359
22,5,y_plants,n_quadrants,-0.70129310910222,0.666974293830251,-1.0514544797144811,-48.75030994834828,359
22,5,y_plants,n_melon_tiles,-1.8916016241043867,0.4031161006553756,-4.692448704055904,-79.3103541343597,359
23,5,y_plants,n_dry_plants,0.8534843190241447,0.596630736634572,1.4305067885681053,3.5031941660200876,359
23,5,y_plants,n_unfed,0.5512941147687116,0.45957478386321754,1.1995743328963677,0.5471734812832463,359
23,5,y_plants,n_weeds,1.4541200154758498,0.46771598183990765,3.1089808172806332,3.940978899891084,359
23,5,y_plants,n_planted,1.538982837959952,0.465214731497996,3.3081128643635425,36.75403823278872,359
23,5,y_plants,n_empty,-0.3265943488707161,0.4911440819401969,-0.6649664749711535,-0.5954896968141445,359
23,5,y_plants,n_animals,0.2129811275716361,0.5340137788732091,0.39883077178464377,2.849860568647624,359
23,5,y_plants,n_structures,0.3280763523857482,0.7255530416279433,0.45217418102146506,3.861017989576732,359
23,5,y_plants,n_money,1.1842896627704556,0.6759147496319022,1.7521287461405601,9.209180856463846,359
23,5,y_plants,n_output_per_day,3.538891736451492,0.5986175569810753,5.91177404534991,33.22989241646758,359
23,5,y_plants,n_revenue_per_day,0.18489681112550116,0.5173419885288473,0.35739765034593013,0.4539246728017068,359
23,5,y_plants,n_shed,1.3140087162667,0.5147913285248473,2.552507479160611,58.867135470555155,359
23,5,y_plants,n_labour,0.8899703705975165,0.48367860882298414,1.8400035775062078,27.08997363978875,359
23,5,y_plants,n_quadrants,-1.540125536438971,0.8611878436871712,-1.7883735212110423,-107.06164980985456,359
23,5,y_plants,n_melon_tiles,-2.8602187895324787,0.48035317920757237,-5.954407950939173,-119.92216659624322,359
0,5,y_weeds_ct,n_dry_plants,0.008707943076254493,0.007382701655810446,1.1795062948806871,0.040339488330107455,359
0,5,y_weeds_ct,n_unfed,-0.003043776443667905,0.004909158179909187,-0.6200200384914489,-0.008439986668029961,359
0,5,y_weeds_ct,n_weeds,-0.009388756465113623,0.004436458190453698,-2.11627295064252,-0.03788939823919101,359
0,5,y_weeds_ct,n_planted,0.022447539168849003,0.005126847213350166,4.378429517149691,0.362370228187797,359
0,5,y_weeds_ct,n_empty,-0.007177786144889002,0.00571207156419435,-1.2565994778290879,-0.003417147375538835,359
0,5,y_weeds_ct,n_animals,-0.16331567385252074,0.02923912802601076,-5.5855179301939915,-1.351373878551457,359
0,5,y_weeds_ct,n_structures,0.14438571261769237,0.02667839549643767,5.412083820294665,1.6992258960477986,359
0,5,y_weeds_ct,n_money,0.0015244061170007646,0.0048596917186030895,0.31368370778855753,0.0029933441383117585,359
0,5,y_weeds_ct,n_output_per_day,0.013548035106206417,0.006407889668191872,2.114274091430993,0.14895431246977653,359
0,5,y_weeds_ct,n_revenue_per_day,0.004354656800704706,0.0038688931862442457,1.125556222691177,0.030078500687150303,359
0,5,y_weeds_ct,n_shed,0.0024583536522740997,0.0043359710350811985,0.5669672680892488,0.11013339233708773,359
0,5,y_weeds_ct,n_labour,-0.0011702521276505486,0.004191213669867318,-0.2792155732989856,-0.03664035832655124,359
0,5,y_weeds_ct,n_quadrants,0.014799215123048739,0.010279860919385533,1.4396318431838613,1.028765739855215,359
0,5,y_weeds_ct,n_melon_tiles,-0.0031808013677604714,0.004585060212663552,-0.6937316458735623,-0.018098795067366478,359
1,5,y_weeds_ct,n_dry_plants,0.0025948984999354433,0.005396249508574472,0.4808707410234146,0.012020850026156042,359
1,5,y_weeds_ct,n_unfed,0.006797213476905862,0.004553467297187762,1.4927555274425373,0.003816728266088825,359
1,5,y_weeds_ct,n_weeds,-0.008003083122964943,0.003170940273529744,-2.523883275182689,-0.03229735532219895,359
1,5,y_weeds_ct,n_planted,0.017016005270694277,0.0038099552574927904,4.466195564168374,0.20630563072106567,359
1,5,y_weeds_ct,n_empty,0.0022624695011456133,0.003421454381120023,0.6612595841201856,0.0049957559046600085,359
1,5,y_weeds_ct,n_animals,-0.0054806227819799115,0.004911048307678152,-1.1159781860445683,-0.06036012353026875,359
1,5,y_weeds_ct,n_structures,0.010352849328262812,0.005383038206697707,1.9232353423354016,0.13172329916713876,359
1,5,y_weeds_ct,n_money,0.00010460989612903067,0.003880173993051415,0.026960104447987448,0.00017846128863515385,359
1,5,y_weeds_ct,n_output_per_day,-0.0005181580788322552,0.004189604924800222,-0.12367707412339438,-0.006358184665319941,359
1,5,y_weeds_ct,n_revenue_per_day,0.0002098179803163749,0.0032009731350111236,0.06554818533822084,0.0012085452127126265,359
1,5,y_weeds_ct,n_shed,0.0030649050778008744,0.003092037297718693,0.9912251317479783,0.087257946969297,359
1,5,y_weeds_ct,n_labour,-0.005292650343618932,0.002935862540873474,-1.8027582252009215,-0.06085761356495017,359
1,5,y_weeds_ct,n_quadrants,-0.012034216519399852,0.005532646783904304,-2.1751282865933272,-0.8365571794328911,359
1,5,y_weeds_ct,n_melon_tiles,0.0011519250974060208,0.0031574259969384347,0.36483043419639066,0.0068996746067759825,359
2,5,y_weeds_ct,n_dry_plants,0.015021402512259334,0.012498735332468678,1.2018337945949922,0.05448876406935216,359
2,5,y_weeds_ct,n_unfed,0.010775227089442951,0.011672323938722718,0.9231432528784037,0.01574354185917836,359
2,5,y_weeds_ct,n_weeds,-0.06097196922415707,0.011332248721066885,-5.380394547007155,-0.24899330340881842,359
2,5,y_weeds_ct,n_planted,-0.043485471262103004,0.016701061445709143,-2.6037549411732357,-0.4999206113137221,359
2,5,y_weeds_ct,n_empty,0.008351222776947676,0.011953537061715407,0.6986403048596248,0.015449413759643267,359
2,5,y_weeds_ct,n_animals,-0.05430653715426608,0.024937013501781537,-2.177748235585081,-0.5184375711715704,359
2,5,y_weeds_ct,n_structures,0.023210894164667317,0.02472397637084491,0.9388010171388995,0.29977617611112406,359
2,5,y_weeds_ct,n_money,0.01068472489756182,0.010459906828820937,1.0214933146556742,0.02618442663442861,359
2,5,y_weeds_ct,n_output_per_day,0.04039518295698798,0.01561853330558061,2.586362122911663,0.48833473055413495,359
2,5,y_weeds_ct,n_revenue_per_day,0.014434777157791227,0.011035253457264168,1.3080603190214228,0.09908063015102579,359
2,5,y_weeds_ct,n_shed,-0.005983518523899499,0.013199981373245033,-0.45329749752734183,-0.10275347565526442,359
2,5,y_weeds_ct,n_labour,0.008057012744044856,0.012418545652794847,0.648788752669407,0.18032721409760352,359
2,5,y_weeds_ct,n_quadrants,-0.024779012948511116,0.01842037498846793,-1.3451959020391284,-1.7225102396920566,359
2,5,y_weeds_ct,n_melon_tiles,-0.010279268727430648,0.011299880417774293,-0.9096794255682334,-0.0679207664167603,359
3,5,y_weeds_ct,n_dry_plants,-0.024867363156775124,0.027759925750937397,-0.8958007805887378,-0.08367223182808953,359
3,5,y_weeds_ct,n_unfed,-0.06437301384845559,0.04366822758536011,-1.4741384619429072,-0.03602805989433977,359
3,5,y_weeds_ct,n_weeds,-0.09599554322688925,0.023798766150544156,-4.033635299395314,-0.3920202631591751,359
3,5,y_weeds_ct,n_planted,-0.011411100574380282,0.03429209962358374,-0.33276179352204244,-0.10707826666252578,359
3,5,y_weeds_ct,n_empty,-0.0013652287770264952,0.029360188500262323,-0.04649931920615215,-0.0023740965429640114,359
3,5,y_weeds_ct,n_animals,-0.3870730569967717,0.07404991715910791,-5.227190952355615,-2.2227500060766263,359
3,5,y_weeds_ct,n_structures,0.2593170588195684,0.0705761528661607,3.6742872526833876,1.6679470037663675,359
3,5,y_weeds_ct,n_money,-0.00974454659951996,0.02588675498872617,-0.37642982304131073,-0.022740169670301645,359
3,5,y_weeds_ct,n_output_per_day,-0.0360580338158545,0.0315647818285996,-1.1423501677171024,-0.43219212312399086,359
3,5,y_weeds_ct,n_revenue_per_day,-0.009807710342452041,0.023666237063791846,-0.41441781876922656,-0.06509404521835263,359
3,5,y_weeds_ct,n_shed,-0.00690543648567285,0.02511736645513628,-0.27492677219990747,-0.22462482005556722,359
3,5,y_weeds_ct,n_labour,0.040465412631939424,0.022783656806615184,1.7760718999326912,0.7922483702989674,359
3,5,y_weeds_ct,n_quadrants,-0.08795450962745538,0.040508759536779015,-2.1712466793163356,-6.114147636760031,359
3,5,y_weeds_ct,n_melon_tiles,-0.020385135889894657,0.02534420314235217,-0.8043313011419752,-0.1413543190204666,359
4,5,y_weeds_ct,n_dry_plants,0.003191554916128644,0.031207963563689642,0.10226732383916287,0.011447757173226403,359
4,5,y_weeds_ct,n_unfed,0.03758239109251113,0.03947625445226915,0.9520252519891953,0.023752956978664093,359
4,5,y_weeds_ct,n_weeds,-0.14750692281589145,0.023722527016035624,-6.218010531347768,-0.6040095414563273,359
4,5,y_weeds_ct,n_planted,-0.07868044574317178,0.04283958977935248,-1.836629298936322,-0.6722335777922657,359
4,5,y_weeds_ct,n_empty,0.03849333470814599,0.02513142621187695,1.5316812656638759,0.06559020380410871,359
4,5,y_weeds_ct,n_animals,-0.15070742141785234,0.10661674156391768,-1.4135436818569616,-0.7055512859651233,359
4,5,y_weeds_ct,n_structures,0.0403102843482949,0.11305569415882745,0.35655244654607654,0.18126556709556052,359
4,5,y_weeds_ct,n_money,-0.007292471475461136,0.028855913369232388,-0.25272017496547977,-0.01327727980129304,359
4,5,y_weeds_ct,n_output_per_day,-0.027899058928431867,0.02569276463306521,-1.0858722028118093,-0.3208887814498961,359
4,5,y_weeds_ct,n_revenue_per_day,-0.01000808521457027,0.03006629202497364,-0.3328672922573014,-0.047003652166494096,359
4,5,y_weeds_ct,n_shed,-0.14958080421905295,0.04625131154101739,-3.2340878395718384,-0.5261660365846429,359
4,5,y_weeds_ct,n_labour,-0.0031896524925874893,0.029947305646963046,-0.10650883021628196,-0.02434938890941595,359
4,5,y_weeds_ct,n_quadrants,-0.1556876771490866,0.045557758536086734,-3.4173691189342623,-10.822610999090918,359
4,5,y_weeds_ct,n_melon_tiles,0.046901507259004376,0.02391706481243672,1.9610059857602549,1.966468574961218,359
5,5,y_weeds_ct,n_dry_plants,0.09648012678986777,0.034277572606856856,2.8146720859273437,0.45287843657806887,359
5,5,y_weeds_ct,n_unfed,-0.05552596178415727,0.024042070113871994,-2.309533310616187,-0.044796975500707076,359
5,5,y_weeds_ct,n_weeds,-0.15442609859119308,0.023312195737433084,-6.6242622672915585,-0.628791311280495,359
5,5,y_weeds_ct,n_planted,-0.05929621984271928,0.02602782950072778,-2.2781853493031856,-1.0435762649064135,359
5,5,y_weeds_ct,n_empty,-0.04543152644795577,0.022246842545152103,-2.0421561556768393,-0.09268873246014121,359
5,5,y_weeds_ct,n_animals,-0.49858467682650975,0.18999556971700943,-2.624191067029253,-1.5974283080988978,359
5,5,y_weeds_ct,n_structures,0.4650447379991001,0.19933729162304187,2.332954030892153,1.4188200412286804,359
5,5,y_weeds_ct,n_money,0.02730378008449489,0.028130677873923548,0.9706051239456561,0.054940625047954224,359
5,5,y_weeds_ct,n_output_per_day,-0.04794463745251094,0.02670326885230288,-1.7954594891619873,-0.5322694546386479,359
5,5,y_weeds_ct,n_revenue_per_day,0.009223822842577192,0.02318174511801743,0.3978916511944654,0.04917756483121632,359
5,5,y_weeds_ct,n_shed,0.038029922369001934,0.02174342211737122,1.7490311397955676,0.44504524240264665,359
5,5,y_weeds_ct,n_labour,0.030253609558092864,0.022145190032630758,1.3661481122317947,0.6893891329387947,359
5,5,y_weeds_ct,n_quadrants,-0.10131889133718537,0.03801292653847434,-2.6653799263425992,-7.0431710966531895,359
5,5,y_weeds_ct,n_melon_tiles,0.022265000209887642,0.022351904059901236,0.9961120157915541,0.9335184686595167,359
6,5,y_weeds_ct,n_dry_plants,0.1467019706609761,0.029089610360719723,5.0431053851127094,0.4919870216213141,359
6,5,y_weeds_ct,n_unfed,0.05290646938637646,0.02614251223904307,2.023771430328039,0.0976635556357617,359
6,5,y_weeds_ct,n_weeds,-0.23891888835907732,0.025719474092028228,-9.289415775151111,-0.9666101041530799,359
6,5,y_weeds_ct,n_planted,-0.021962570701227906,0.03945151519445252,-0.5566977742927394,-0.4100292005278206,359
6,5,y_weeds_ct,n_empty,-0.08396092612557955,0.04001864033320264,-2.09804544648457,-0.07400528725984892,359
6,5,y_weeds_ct,n_animals,-0.24265749972050388,0.04778200241004053,-5.078428853570058,-2.8013777287550354,359
6,5,y_weeds_ct,n_structures,0.20424198743156033,0.051903830077039234,3.935008016333483,2.4102901558507974,359
6,5,y_weeds_ct,n_money,-0.026197453864657216,0.029486683453833623,-0.8884503374438074,-0.05387358031041211,359
6,5,y_weeds_ct,n_output_per_day,0.047295869465290005,0.03590221168975978,1.3173525317600416,0.49565511776132903,359
6,5,y_weeds_ct,n_revenue_per_day,0.021578829778704674,0.03551897656585567,0.6075296043143419,0.09106087202504204,359
6,5,y_weeds_ct,n_shed,-0.03835894976091454,0.03197460330248203,-1.1996692937215245,-0.17302881319247526,359
6,5,y_weeds_ct,n_labour,0.06341643359584484,0.033873007681973565,1.8721819506330288,0.7148793481045558,359
6,5,y_weeds_ct,n_quadrants,-0.31253149672446784,0.054854773299202644,-5.697434843450729,-21.725591106183558,359
6,5,y_weeds_ct,n_melon_tiles,0.00859379148108603,0.03177384941136448,0.2704674328195283,0.3603172237941387,359
7,5,y_weeds_ct,n_dry_plants,0.1060847108562999,0.03684256336274395,2.8794063488963206,0.24679060804424513,359
7,5,y_weeds_ct,n_unfed,-0.005285599108801142,0.0413490444338983,-0.12782880913368733,-0.003416336641970142,359
7,5,y_weeds_ct,n_weeds,-0.29097335848760775,0.03363486842398073,-8.650943860394346,-1.1592117867483112,359
7,5,y_weeds_ct,n_planted,0.05217138385630713,0.03376742880354735,1.5450209182295338,1.4369291200217622,359
7,5,y_weeds_ct,n_empty,-0.008543532281192985,0.03168369951554466,-0.26965071667219154,-0.01612402070687117,359
7,5,y_weeds_ct,n_animals,-0.22562412865335327,0.06959368670588023,-3.24202006436152,-1.6830955163812806,359
7,5,y_weeds_ct,n_structures,0.11802560964015989,0.05574535235839276,2.117227798316903,1.171185220212817,359
7,5,y_weeds_ct,n_money,0.04701471191207923,0.03454018877680284,1.361159668694523,0.09595939849818191,359
7,5,y_weeds_ct,n_output_per_day,-0.0354943831678081,0.0367512126664735,-0.9658016863260691,-0.3847611463197085,359
7,5,y_weeds_ct,n_revenue_per_day,-0.032744371937045075,0.0336214714079273,-0.9739125197633253,-0.20947443604677918,359
7,5,y_weeds_ct,n_shed,-0.046174787764785,0.034197512326618315,-1.3502382080828708,-0.2600245908795393,359
7,5,y_weeds_ct,n_labour,-0.010973489648258632,0.03932264803480199,-0.279062835202418,-0.3808487788078533,359
7,5,y_weeds_ct,n_quadrants,-0.2778943660850767,0.05295181440811729,-5.248061264591468,-19.31779494723738,359
7,5,y_weeds_ct,n_melon_tiles,-0.03624137013114399,0.03828601603112155,-0.9465954906795336,-1.5195143960485513,359
8,5,y_weeds_ct,n_dry_plants,0.26867864368108213,0.034625117165251164,7.759645762317327,0.6412320289101457,359
8,5,y_weeds_ct,n_unfed,0.07947383254379567,0.04705214333346365,1.6890587104726769,0.0629027719507597,359
8,5,y_weeds_ct,n_weeds,-0.48064771177026305,0.032942699156037585,-14.590416817201579,-1.6218012255621082,359
8,5,y_weeds_ct,n_planted,0.05082670596665069,0.037549418177819656,1.353595033775354,1.1628869504711987,359
8,5,y_weeds_ct,n_empty,0.06587287781886364,0.04701316585212285,1.4011580931618797,0.04943438339231222,359
8,5,y_weeds_ct,n_animals,-0.456579702033806,0.08646744192667917,-5.280365555638466,-4.921572841702819,359
8,5,y_weeds_ct,n_structures,0.4620789163885879,0.0907845896031067,5.089838687476704,5.176558060684702,359
8,5,y_weeds_ct,n_money,0.012966980438018775,0.04283820277315305,0.3026966492194966,0.023927086509743744,359
8,5,y_weeds_ct,n_output_per_day,-0.010897813889569112,0.038830493017940615,-0.2806509277266725,-0.12090641203550616,359
8,5,y_weeds_ct,n_revenue_per_day,-0.09015797697075348,0.03928980590581296,-2.29469133003313,-0.39361023570640385,359
8,5,y_weeds_ct,n_shed,-0.03437560114201239,0.03764654780479359,-0.9131142998890138,-0.14080537359853343,359
8,5,y_weeds_ct,n_labour,-0.027412149739852527,0.04574503855663389,-0.5992376573454052,-0.37945076762834407,359
8,5,y_weeds_ct,n_quadrants,0.12351017398438766,0.038395490644050116,3.2167885320024467,2.5717151269254837,359
8,5,y_weeds_ct,n_melon_tiles,-0.010038752379790789,0.03940989959606263,-0.25472666722535225,-0.42090099530619624,359
9,5,y_weeds_ct,n_dry_plants,-0.013531458052825284,0.040923075778651265,-0.33065593910916075,-0.040078880663997764,359
9,5,y_weeds_ct,n_unfed,-0.016360046417110124,0.04838496201260373,-0.33812254338132,-0.011904313249489951,359
9,5,y_weeds_ct,n_weeds,-0.3502693823790603,0.037719477091326364,-9.286167502560769,-1.1679452770191698,359
9,5,y_weeds_ct,n_planted,0.3058722563737861,0.12435323966425339,2.459704766836985,2.1661102998746804,359
9,5,y_weeds_ct,n_empty,-0.10774461691386363,0.0536598360370954,-2.0079192347769954,-0.09936991529439854,359
9,5,y_weeds_ct,n_animals,-0.4627457629441678,0.09104384308503564,-5.082669483887666,-6.200828709464576,359
9,5,y_weeds_ct,n_structures,0.5011822170388706,0.09456622964006646,5.299801196964781,6.975203631879365,359
9,5,y_weeds_ct,n_money,0.047159351289644894,0.05083896255356265,0.9276222196697855,0.071138270717556,359
9,5,y_weeds_ct,n_output_per_day,-0.08388701040775258,0.04097824004115769,-2.047111108810389,-0.9777164309060541,359
9,5,y_weeds_ct,n_revenue_per_day,0.13021576779046717,0.04858224569561824,2.6803159451768956,0.45368280882092743,359
9,5,y_weeds_ct,n_shed,0.01926497303059916,0.03880320139414163,0.49647895891156335,0.1275433568931791,359
9,5,y_weeds_ct,n_labour,0.04571205197180697,0.04729415720487015,0.9665475541469156,1.959531441317796,359
9,5,y_weeds_ct,n_quadrants,-0.16406127204762136,0.14540793261980425,-1.1282828184937455,-0.8864514407408558,359
9,5,y_weeds_ct,n_melon_tiles,-0.020378408036673304,0.041705400330020646,-0.48862756082943987,-0.8544181488786096,359
10,5,y_weeds_ct,n_dry_plants,0.00799569343817162,0.03194087586862068,0.25032793311803764,0.013659378485057137,359
10,5,y_weeds_ct,n_unfed,-0.003362031759378925,0.03813210075917915,-0.08816801834789072,-0.002668395745052815,359
10,5,y_weeds_ct,n_weeds,-0.4408102233483297,0.031414187792408746,-14.032201827444723,-1.3355373102286245,359
10,5,y_weeds_ct,n_planted,0.2379172693973339,0.10453036041260198,2.2760590172867237,1.0589132180668122,359
10,5,y_weeds_ct,n_empty,0.017124917886953524,0.045463561889953624,0.3766734759675248,0.018144698789964307,359
10,5,y_weeds_ct,n_animals,-0.5981327755823864,0.08691616715306473,-6.881720572526372,-8.498571212798737,359
10,5,y_weeds_ct,n_structures,0.7036138664637279,0.08349858902152582,8.426655763995452,8.564962608757927,359
10,5,y_weeds_ct,n_money,-0.05701417414622438,0.044725168776876816,-1.274767110005878,-0.17091499371862115,359
10,5,y_weeds_ct,n_output_per_day,-0.13079655395812578,0.06521872316340817,-2.0055062045665886,-0.7178476793897709,359
10,5,y_weeds_ct,n_revenue_per_day,-0.014318873067003314,0.03749658266803786,-0.3818714146238383,-0.038320208806310686,359
10,5,y_weeds_ct,n_shed,0.051452355346905995,0.03131143910070471,1.643244667912692,0.16187375962788952,359
10,5,y_weeds_ct,n_labour,-0.03586188152495655,0.03157549421759062,-1.1357504423470905,-0.564756351920545,359
10,5,y_weeds_ct,n_quadrants,0.12514186177028494,0.09741658080423889,1.2846053591406654,0.7421510402091094,359
10,5,y_weeds_ct,n_melon_tiles,-0.0165537409408883,0.032158267577562454,-0.5147584801004086,-0.6940589601639341,359
11,5,y_weeds_ct,n_dry_plants,0.08206107309744362,0.03589046749215384,2.28643087793112,0.1849559406079534,359
11,5,y_weeds_ct,n_unfed,0.032688627940992344,0.03388086800845464,0.9648108169139945,0.03855104358406436,359
11,5,y_weeds_ct,n_weeds,-0.6231990501456325,0.0394779338861482,-15.786009773026574,-2.1616947828857125,359
11,5,y_weeds_ct,n_planted,0.042851604274752694,0.03537031938195851,1.2115130715107478,0.7578397080239367,359
11,5,y_weeds_ct,n_empty,-0.01985113090974402,0.04962620869676464,-0.40001304615152294,-0.026584855558973663,359
11,5,y_weeds_ct,n_animals,-0.14876337023320968,0.08431773040660925,-1.7643189577781715,-2.21395657412356,359
11,5,y_weeds_ct,n_structures,0.20193769061986866,0.08316348026807872,2.4282015371280696,2.7047479604838314,359
11,5,y_weeds_ct,n_money,-0.04269464699039433,0.05707906126355373,-0.7479914007915864,-0.15423895331410808,359
11,5,y_weeds_ct,n_output_per_day,0.004244414165661502,0.039808875634539394,0.10661979515891976,0.03739004055822685,359
11,5,y_weeds_ct,n_revenue_per_day,-0.06228441983473838,0.03278461733550431,-1.8998062169628278,-0.19410665876811717,359
11,5,y_weeds_ct,n_shed,-0.07482389096346742,0.03470919099811467,-2.155737106276309,-3.352084404961042,359
11,5,y_weeds_ct,n_labour,0.053022372751228716,0.03820300020437328,1.3879112234006947,1.0021671933705116,359
11,5,y_weeds_ct,n_quadrants,-0.03219972228450341,0.03740668575461077,-0.8608012614572369,-1.0297724438943505,359
11,5,y_weeds_ct,n_melon_tiles,0.0035923211145436596,0.042912916917512894,0.08371188380060042,0.15061747469882322,359
12,5,y_weeds_ct,n_dry_plants,-0.022915202824164736,0.03342959212679833,-0.6854765902391944,-0.049545855057504896,359
12,5,y_weeds_ct,n_unfed,-0.03292874746205523,0.043164809731440254,-0.7628609431369898,-0.023664273643566994,359
12,5,y_weeds_ct,n_weeds,-0.6600188172748652,0.03839582117172237,-17.189860696636273,-2.2742267587000264,359
12,5,y_weeds_ct,n_planted,0.20982799503288943,0.03878059163560693,5.410644504975344,4.0972607055019585,359
12,5,y_weeds_ct,n_empty,0.14708565903581536,0.036050528834601664,4.079986169152699,0.3303493119008919,359
12,5,y_weeds_ct,n_animals,-0.013305273324271205,0.08949237079872785,-0.14867494519946656,-0.20756226309877754,359
12,5,y_weeds_ct,n_structures,0.061122048545993395,0.08492464760243404,0.719720955830514,0.8569190363673266,359
12,5,y_weeds_ct,n_money,-0.08817384625500695,0.04820417227716029,-1.8291745732720477,-0.35659413251090183,359
12,5,y_weeds_ct,n_output_per_day,-0.1215132213325451,0.03425580984668248,-3.547229561245159,-1.3695874922182874,359
12,5,y_weeds_ct,n_revenue_per_day,0.013207386414379,0.03375404445290422,0.391283078174729,0.04850295260837728,359
12,5,y_weeds_ct,n_shed,-0.07883793640035207,0.03246146986027683,-2.428661941054808,-2.9180847033110293,359
12,5,y_weeds_ct,n_labour,0.12817378386837486,0.03969191267600776,3.229216614341969,2.362721787999558,359
12,5,y_weeds_ct,n_quadrants,-0.03144044506734961,0.037523125909764636,-0.8378951461282139,-1.005490161314601,359
12,5,y_weeds_ct,n_melon_tiles,-0.05575302395765396,0.03999994492496781,-1.3938275180687345,-2.3375916037482547,359
13,5,y_weeds_ct,n_dry_plants,-0.03565740291152669,0.03141681228022341,-1.1349783865237242,-0.08620551348909064,359
13,5,y_weeds_ct,n_unfed,-0.07319778078149919,0.03281263256272996,-2.230780497162561,-0.07356121276778634,359
13,5,y_weeds_ct,n_weeds,-0.693276081516283,0.03930656928086105,-17.637664497314685,-2.883953102858025,359
13,5,y_weeds_ct,n_planted,0.07312835057268961,0.037118298020042774,1.9701428802905372,1.5870836624250177,359
13,5,y_weeds_ct,n_empty,0.13457143555931544,0.03278396659435951,4.104794188707736,0.371218888656366,359
13,5,y_weeds_ct,n_animals,0.3811615425110056,0.09188139353066574,4.148408375889419,6.145877068164846,359
13,5,y_weeds_ct,n_structures,-0.2764735622579525,0.08748783594547625,-3.160137169586124,-4.081374348804398,359
13,5,y_weeds_ct,n_money,-0.040294144880388176,0.058531776742871355,-0.6884148598016998,-0.16697566795237592,359
13,5,y_weeds_ct,n_output_per_day,-0.11849077880912008,0.03303080285385619,-3.5872812215125083,-1.4659483845183376,359
13,5,y_weeds_ct,n_revenue_per_day,-0.04341131639698443,0.04136372173965094,-1.0495021862447809,-0.10948367419930506,359
13,5,y_weeds_ct,n_shed,-0.014154489202076499,0.03498355899434797,-0.40460403712393395,-0.6341162148014462,359
13,5,y_weeds_ct,n_labour,0.0818442980376837,0.0367674229054074,2.2260003984572663,3.305127006325665,359
13,5,y_weeds_ct,n_quadrants,-0.13319195689882615,0.045782013136599416,-2.909263874033289,-9.25882358912268,359
13,5,y_weeds_ct,n_melon_tiles,-0.021120934711977235,0.03708193158774304,-0.569574825464553,-0.8855505251792728,359
14,5,y_weeds_ct,n_dry_plants,-0.007575561830279245,0.04103826028046224,-0.18459753845573879,-0.015303640813003982,359
14,5,y_weeds_ct,n_unfed,0.07437773015744477,0.03968953334671873,1.8739885275973855,0.10606885755500026,359
14,5,y_weeds_ct,n_weeds,-0.8417104336144623,0.04400055493054083,-19.129541319267094,-3.662311501948391,359
14,5,y_weeds_ct,n_planted,0.10701401180367817,0.04176694002369559,2.5621702653573863,2.5002184059792834,359
14,5,y_weeds_ct,n_empty,0.10372580056488229,0.040629235212646046,2.5529843232834746,0.31354802762924117,359
14,5,y_weeds_ct,n_animals,0.30509126030709943,0.10884808366000667,2.8029088804178652,5.031318699024146,359
14,5,y_weeds_ct,n_structures,-0.238478227970255,0.10529458961589236,-2.2648668734092388,-3.56828719609242,359
14,5,y_weeds_ct,n_money,-0.004159009679512384,0.067262198784148,-0.0618327939718283,-0.02052049022911065,359
14,5,y_weeds_ct,n_output_per_day,-0.09732285471201965,0.041143617937604536,-2.3654423113595047,-1.2686383137296624,359
14,5,y_weeds_ct,n_revenue_per_day,0.03714813677435073,0.050023118917775646,0.7426193643665467,0.09252839016353506,359
14,5,y_weeds_ct,n_shed,-0.10589356746487724,0.04377572260745296,-2.4190021582156254,-4.743995153339665,359
14,5,y_weeds_ct,n_labour,0.05584965873858654,0.04270855100029602,1.3076926617856794,1.2251970830840762,359
14,5,y_weeds_ct,n_quadrants,-0.0403422637756574,0.0595683607207623,-0.677243141955328,-2.804387833781862,359
14,5,y_weeds_ct,n_melon_tiles,0.013862144015407241,0.04354401138767952,0.3183478869686645,0.5812067070115674,359
15,5,y_weeds_ct,n_dry_plants,-0.04823302566278475,0.05378728140440989,-0.8967366337059423,-0.0752721715979391,359
15,5,y_weeds_ct,n_unfed,0.06833085490133076,0.04479573107575843,1.5253876487866618,0.07399670980074957,359
15,5,y_weeds_ct,n_weeds,-0.8304863767662337,0.05802523145912771,-14.312504334450066,-3.186066507214306,359
15,5,y_weeds_ct,n_planted,0.14512043408272907,0.05480991600304351,2.6477040044117337,3.3172955837953366,359
15,5,y_weeds_ct,n_empty,0.019824360052685636,0.04944220925823966,0.4009602392389426,0.05840348593156487,359
15,5,y_weeds_ct,n_animals,0.15048447070277218,0.1250716314805495,1.2031862775067002,2.572215622132648,359
15,5,y_weeds_ct,n_structures,-0.20243101304237762,0.13307108219043043,-1.5212246696295004,-2.9339968032867616,359
15,5,y_weeds_ct,n_money,0.11899427981274928,0.0709196093505929,1.677875567877116,0.7333117551348308,359
15,5,y_weeds_ct,n_output_per_day,-0.18939175368653913,0.04935419800479197,-3.8373990732895797,-2.52705336894714,359
15,5,y_weeds_ct,n_revenue_per_day,0.02675018897956732,0.05605722633121429,0.4771943017928456,0.08564076145124033,359
15,5,y_weeds_ct,n_shed,0.02086134201289475,0.05331114943008969,0.3913129286445335,0.9345808982605,359
15,5,y_weeds_ct,n_labour,0.07784975604426668,0.04905834899391342,1.5868808804374024,2.941110852958779,359
15,5,y_weeds_ct,n_quadrants,-0.2660405725055458,0.0817612056068617,-3.253872916022886,-18.493779847751146,359
15,5,y_weeds_ct,n_melon_tiles,0.05225298886624044,0.05235311177670426,0.9980875461445184,2.1908434623608617,359
16,5,y_weeds_ct,n_dry_plants,-0.033741048053524056,0.06539394643073286,-0.5159659249081036,-0.06958620300620426,359
16,5,y_weeds_ct,n_unfed,-0.02551145162095651,0.06364449423545429,-0.4008430254245764,-0.02498715274155005,359
16,5,y_weeds_ct,n_weeds,-0.7591023783613245,0.06804763070693619,-11.155456413032,-3.2434937233034105,359
16,5,y_weeds_ct,n_planted,-0.004527944001552691,0.07102462861427508,-0.06375174485097737,-0.11603831854189074,359
16,5,y_weeds_ct,n_empty,0.19556705687873738,0.06596455777734324,2.96472929506864,0.592270949549282,359
16,5,y_weeds_ct,n_animals,-0.1399672033891685,0.17494832791508458,-0.8000488204557461,-2.474777204166592,359
16,5,y_weeds_ct,n_structures,0.1013167620857984,0.18976874651668701,0.5338959335798178,1.5155136270666858,359
16,5,y_weeds_ct,n_money,0.23459645761552517,0.08951443594298918,2.6207667528055167,1.554162354800981,359
16,5,y_weeds_ct,n_output_per_day,-0.12958968956501637,0.06629910849249876,-1.954621902339433,-1.7677779885294946,359
16,5,y_weeds_ct,n_revenue_per_day,0.14639072836697392,0.06779310869305168,2.159374768161029,0.4620212393411908,359
16,5,y_weeds_ct,n_shed,-0.00267371438310742,0.07132806265320589,-0.03748474700773677,-0.11978147850277317,359
16,5,y_weeds_ct,n_labour,-0.07031746380000213,0.06931968956247225,-1.0143938070673364,-2.91075054152866,359
16,5,y_weeds_ct,n_quadrants,0.13434153011422362,0.11323155561618028,1.186431903926142,9.33873603918324,359
16,5,y_weeds_ct,n_melon_tiles,0.17430136318093062,0.07033689405995594,2.478092976814618,7.308041325311523,359
17,5,y_weeds_ct,n_dry_plants,0.04854499422656742,0.06230711577718878,0.779124400496487,0.11484699679538847,359
17,5,y_weeds_ct,n_unfed,0.08401491276182795,0.061619734595521586,1.3634416524723882,0.07925339406692494,359
17,5,y_weeds_ct,n_weeds,-0.6496882940896636,0.06914568884963554,-9.395933497784338,-3.0018985462102994,359
17,5,y_weeds_ct,n_planted,-0.19974047080786397,0.07406549769040778,-2.6968085955862326,-5.341312504312468,359
17,5,y_weeds_ct,n_empty,0.30886308344273783,0.0665868874798133,4.6384970845254445,0.8440604205575233,359
17,5,y_weeds_ct,n_animals,0.19934266750755741,0.15485022424126835,1.2873256624863938,3.5290777484016345,359
17,5,y_weeds_ct,n_structures,-0.25291070114201414,0.1629786473728853,-1.5518026761098938,-3.7038285628534915,359
17,5,y_weeds_ct,n_money,0.27222456145829405,0.09014418276378022,3.0198794099853266,1.9511967176098886,359
17,5,y_weeds_ct,n_output_per_day,-0.10985998657593736,0.06690416751639772,-1.6420499746747688,-1.4047082658761718,359
17,5,y_weeds_ct,n_revenue_per_day,-0.06352108763735677,0.0715989717828913,-0.8871787688511924,-0.19135360764120743,359
17,5,y_weeds_ct,n_shed,0.04869740786428433,0.07118837729629023,0.6840640244067209,2.1816270092609216,359
17,5,y_weeds_ct,n_labour,0.036173532654320835,0.07601819452727336,0.47585361477300947,1.5955321417597659,359
17,5,y_weeds_ct,n_quadrants,-0.060721410362902725,0.10477866338621221,-0.5795207573805817,-4.221041868615995,359
17,5,y_weeds_ct,n_melon_tiles,0.11312294637369572,0.07626373335726999,1.4833124657529246,4.742975911679004,359
18,5,y_weeds_ct,n_dry_plants,0.14831227674301162,0.10408285571817923,1.4249443457296227,0.3368851388887704,359
18,5,y_weeds_ct,n_unfed,0.07457216361552811,0.10313487171079591,0.7230547959049052,0.07838181029939081,359
18,5,y_weeds_ct,n_weeds,-0.5918487293156487,0.11114311004506164,-5.325104984696674,-3.005105135742182,359
18,5,y_weeds_ct,n_planted,-0.27499043474239426,0.11047906122577128,-2.48907287671854,-6.901114716840637,359
18,5,y_weeds_ct,n_empty,0.21409822077719026,0.11660229085655521,1.8361407756608752,0.44783395095137457,359
18,5,y_weeds_ct,n_animals,-0.3889314436529773,0.16974644362946836,-2.2912494384975615,-6.432891033500103,359
18,5,y_weeds_ct,n_structures,-0.18428022378691927,0.1898875435163119,-0.9704703129781078,-2.737227518716432,359
18,5,y_weeds_ct,n_money,0.35328860104200854,0.15753669016457397,2.2425798121881213,2.3518447195154084,359
18,5,y_weeds_ct,n_output_per_day,0.01728466763791766,0.11673157395619176,0.14807191449679613,0.20956769441215453,359
18,5,y_weeds_ct,n_revenue_per_day,-0.08454023092070247,0.10950561091458114,-0.7720173442678413,-0.31973310638982383,359
18,5,y_weeds_ct,n_shed,0.18419599573199924,0.1160017391470458,1.587872708516113,8.25191682494792,359
18,5,y_weeds_ct,n_labour,0.0688415721321404,0.11572131835724536,0.5948910115214756,2.4196171436218794,359
18,5,y_weeds_ct,n_quadrants,0.33307665374507583,0.1735497450954536,1.9191999018026866,23.153785337229582,359
18,5,y_weeds_ct,n_melon_tiles,0.12006234562100511,0.11506747766377932,1.0434081641367035,5.033928406522837,359
19,5,y_weeds_ct,n_dry_plants,-0.0921215020387998,0.0991432992700351,-0.9291752717235067,-0.17698516144021118,359
19,5,y_weeds_ct,n_unfed,0.008312170157294492,0.09612415326677608,0.08647327310364432,0.00915621196759356,359
19,5,y_weeds_ct,n_weeds,-0.453016973843488,0.09652173386278536,-4.69341935452065,-1.8023143991447492,359
19,5,y_weeds_ct,n_planted,-0.3642625487107601,0.10066557419358303,-3.6185414093031634,-8.76855562125039,359
19,5,y_weeds_ct,n_empty,0.195510819953954,0.1045355363895117,1.8702809274872585,0.4276252473336906,359
19,5,y_weeds_ct,n_animals,-0.32726836757388933,0.16408081997482932,-1.9945559000990711,-5.237357569171515,359
19,5,y_weeds_ct,n_structures,-0.09414294100191672,0.17577510740453234,-0.5355874468917506,-1.3551151745438412,359
19,5,y_weeds_ct,n_money,0.35830556609124736,0.15186309773014778,2.359398507252475,2.5196891249896827,359
19,5,y_weeds_ct,n_output_per_day,-0.19819785166522416,0.10221357309785908,-1.9390560926333131,-2.1713984406379647,359
19,5,y_weeds_ct,n_revenue_per_day,-0.10417003368178995,0.10110604915467467,-1.030304660826257,-0.3335780078733162,359
19,5,y_weeds_ct,n_shed,0.10670451105278023,0.11060377135399349,0.9647456840442314,4.7803251452621645,359
19,5,y_weeds_ct,n_labour,-0.10546173982013515,0.12105060359676041,-0.8712202722379283,-4.676213317538947,359
19,5,y_weeds_ct,n_quadrants,0.28213465938512855,0.16411322686627486,1.7191463770011763,19.612558449069105,359
19,5,y_weeds_ct,n_melon_tiles,0.24655568676202302,0.11374242482780465,2.167666876587915,10.337493149592058,359
20,5,y_weeds_ct,n_dry_plants,0.2512939168768191,0.10958094116132763,2.293226488234467,0.5583428264245935,359
20,5,y_weeds_ct,n_unfed,0.1510795903298731,0.09472653535207373,1.5949025240746935,0.16642009408255104,359
20,5,y_weeds_ct,n_weeds,-0.2735015111061922,0.09710305938933694,-2.8166106487910088,-1.1227634953786234,359
20,5,y_weeds_ct,n_planted,-0.5269814457376567,0.10124365125836293,-5.20508139708293,-11.692218679091958,359
20,5,y_weeds_ct,n_empty,0.2359107270159914,0.10451952673726604,2.257097160504826,0.4752483129304097,359
20,5,y_weeds_ct,n_animals,-0.3214862777403789,0.17090562586218344,-1.8810748687677619,-4.8971611731152205,359
20,5,y_weeds_ct,n_structures,0.07317002666717562,0.18070588769960402,0.4049122449668581,1.0070460208044272,359
20,5,y_weeds_ct,n_money,0.3170928145179247,0.151648823295056,2.090967853413357,2.2639711333574937,359
20,5,y_weeds_ct,n_output_per_day,-0.16141950578794012,0.11147616641493184,-1.4480180919310708,-1.7816193447142008,359
20,5,y_weeds_ct,n_revenue_per_day,-0.008147407966669696,0.0981738457512994,-0.08298959773165308,-0.026498377309845472,359
20,5,y_weeds_ct,n_shed,0.17038842656276024,0.10712901222301123,1.5904975041500562,7.633342507485264,359
20,5,y_weeds_ct,n_labour,0.1216802041023707,0.11399576647216447,1.067409850979708,4.613515378914972,359
20,5,y_weeds_ct,n_quadrants,0.49993253187591147,0.16637781012107877,3.004802933228257,34.752752545099895,359
20,5,y_weeds_ct,n_melon_tiles,0.056230558718519265,0.10520909613668447,0.5344648018405769,2.357613499750604,359
21,5,y_weeds_ct,n_dry_plants,0.16539993059706679,0.11894729455991632,1.390531253434699,0.36573457882331784,359
21,5,y_weeds_ct,n_unfed,0.11316456734365156,0.10967919659767339,1.0317778653937744,0.1103315867700038,359
21,5,y_weeds_ct,n_weeds,-0.2928239401774785,0.10839976937906515,-2.7013336085014816,-0.8548386477908807,359
21,5,y_weeds_ct,n_planted,-0.48741003825985735,0.10773449046777855,-4.5241782473147065,-11.156698762438904,359
21,5,y_weeds_ct,n_empty,0.07350050783730384,0.1171984060706924,0.6271459681198172,0.14566339137354112,359
21,5,y_weeds_ct,n_animals,-0.3368779173611988,0.11250157297078964,-2.9944285085566507,-4.958420841665377,359
21,5,y_weeds_ct,n_structures,-0.9584077364449951,0.16605247821435204,-5.771715946375796,-11.279171707605189,359
21,5,y_weeds_ct,n_money,-0.011453583718077528,0.1659594321461171,-0.06901435832820486,-0.08581173545947758,359
21,5,y_weeds_ct,n_output_per_day,-0.13880676416168075,0.11777204753760344,-1.1786053402643029,-1.5455553400343645,359
21,5,y_weeds_ct,n_revenue_per_day,0.00514192498462301,0.10961677960192036,0.04690819237069549,0.014241798078139172,359
21,5,y_weeds_ct,n_shed,0.24565592132089717,0.12064259481213518,2.036228760691304,11.00530020883528,359
21,5,y_weeds_ct,n_labour,0.235603974235042,0.12660484414503725,1.8609396490795915,9.970126215869039,359
21,5,y_weeds_ct,n_quadrants,0.5712063478540261,0.19597630241212363,2.914670502624453,39.707343678303474,359
21,5,y_weeds_ct,n_melon_tiles,0.11403384657276086,0.11709312067612061,0.9738731525328316,4.781167789106219,359
22,5,y_weeds_ct,n_dry_plants,0.7309441230270104,0.12819575967802177,5.70178081445798,1.4868346123134952,359
22,5,y_weeds_ct,n_unfed,0.1427795049747216,0.12641311708799322,1.1294674814112537,0.14721690916944918,359
22,5,y_weeds_ct,n_weeds,-0.22392965988443247,0.12993636758177796,-1.723379405257716,-0.6242505259115375,359
22,5,y_weeds_ct,n_planted,-0.5172684945741435,0.1339375893464587,-3.862011382302216,-11.116307357413318,359
22,5,y_weeds_ct,n_empty,0.23749093671692462,0.13372811932422787,1.7759237018889098,0.4809235054383583,359
22,5,y_weeds_ct,n_animals,-0.20860334117777202,0.13490234081236324,-1.5463285508731097,-2.8255360855735994,359
22,5,y_weeds_ct,n_structures,-1.0454302819112122,0.20352409472488678,-5.136641356024063,-12.303310177508573,359
22,5,y_weeds_ct,n_money,-0.309729129846796,0.19227011666261873,-1.6109062355763044,-2.3788313159772376,359
22,5,y_weeds_ct,n_output_per_day,0.02660142522121254,0.17446045874346672,0.15247824872642507,0.2413398999120295,359
22,5,y_weeds_ct,n_revenue_per_day,0.1426426945604462,0.13246733472169725,1.076814105606688,0.4304208402909892,359
22,5,y_weeds_ct,n_shed,0.23626896485176144,0.1451009719820373,1.628307251318828,10.584767809556537,359
22,5,y_weeds_ct,n_labour,0.1685251319860786,0.13477135209697266,1.2504521870851226,5.118044284592606,359
22,5,y_weeds_ct,n_quadrants,0.6784353736314945,0.22054599901703056,3.0761626901202854,47.161357091900356,359
22,5,y_weeds_ct,n_melon_tiles,0.27175894693217,0.13329695606157305,2.038748332757412,11.39420586540037,359
23,5,y_weeds_ct,n_dry_plants,0.03281479991189877,0.23490100129752725,0.13969629644249712,0.13469095219220797,359
23,5,y_weeds_ct,n_unfed,-0.1187378788901232,0.18094035434631847,-0.6562266295934173,-0.11785037571053088,359
23,5,y_weeds_ct,n_weeds,-1.3516566503073295,0.18414564606037442,-7.340149926021994,-3.6632810786360546,359
23,5,y_weeds_ct,n_planted,-0.37550089056406033,0.18316087244122603,-2.050115210521034,-8.967724491672874,359
23,5,y_weeds_ct,n_empty,0.1578376211447754,0.19336958280070923,0.8162484443452835,0.2877902740398449,359
23,5,y_weeds_ct,n_animals,-0.2168791582211483,0.2102479199639753,-1.0315400897108007,-2.9020193865207635,359
23,5,y_weeds_ct,n_structures,-1.7562983652254047,0.2856593291425719,-6.148226877438476,-20.66927266743797,359
23,5,y_weeds_ct,n_money,-0.7334697607593434,0.26611611124142864,-2.756202010234237,-5.70355031536679,359
23,5,y_weeds_ct,n_output_per_day,0.8054610449154973,0.23568323737779437,3.417557624704396,7.563210705913161,359
23,5,y_weeds_ct,n_revenue_per_day,0.7090550637822695,0.2036840270820843,3.481152027186312,1.7407416919013,359
23,5,y_weeds_ct,n_shed,-0.09581131941392693,0.20267980025949586,-0.47272258651951193,-4.292313931962919,359
23,5,y_weeds_ct,n_labour,-0.1198850962323759,0.1904303324357601,-0.6295483219450768,-3.6492047421288203,359
23,5,y_weeds_ct,n_quadrants,1.4676908774066155,0.33906045124067596,4.328699711323163,102.02636280503737,359
23,5,y_weeds_ct,n_melon_tiles,0.4098333265774647,0.1891210691034502,2.1670421414193877,17.18333599037326,359
0,5,y_animals_ct,n_dry_plants,0.5861582738714292,0.10247520968888871,5.720000726526796,2.715374301528266,359
0,5,y_animals_ct,n_unfed,0.32611914478415804,0.06814131700502697,4.785923711455406,0.9042849516407963,359
0,5,y_animals_ct,n_weeds,0.02966309813923267,0.06158002917332072,0.48169996892570616,0.11970881794429321,359
0,5,y_animals_ct,n_planted,-0.2836140935390026,0.07116293840987935,-3.9854185321221816,-4.578377300957095,359
0,5,y_animals_ct,n_empty,0.6450560007099843,0.07928611483819975,8.135800348224388,0.3070934930920523,359
0,5,y_animals_ct,n_animals,0.7419423855641253,0.40585220902534136,1.8281097627777074,6.139285566350049,359
0,5,y_animals_ct,n_structures,-0.10169536043215109,0.37030809317736674,-0.27462365070007255,-1.196817793265864,359
0,5,y_animals_ct,n_money,-0.5155295940663122,0.06745470033930813,-7.642604466006287,-1.012300771634769,359
0,5,y_animals_ct,n_output_per_day,0.4611242890331889,0.08894438215506364,5.1844116273614125,5.0698459885587095,359
0,5,y_animals_ct,n_revenue_per_day,0.16666668253963057,0.053701972395465744,3.103548624104221,1.1512006926658565,359
0,5,y_animals_ct,n_shed,0.04917151283803507,0.06018522239418826,0.8170030928187328,2.20286674791071,359
0,5,y_animals_ct,n_labour,-0.0019382068284821959,0.0581759252498795,-0.03331630429867912,-0.060684865276965774,359
0,5,y_animals_ct,n_quadrants,0.006294137845161641,0.14268907947235787,0.04411085885784945,0.43753626953795444,359
0,5,y_animals_ct,n_melon_tiles,-0.17364842708595737,0.06364269188083548,-2.7284896655706605,-0.9880614764109161,359
1,5,y_animals_ct,n_dry_plants,0.7907046089687729,0.1676459342843869,4.716515269779569,3.6629338371579636,359
1,5,y_animals_ct,n_unfed,1.3355158784444936,0.14146311768154393,9.44073550995075,0.7499104184954734,359
1,5,y_animals_ct,n_weeds,-0.05321490696789218,0.09851198390126235,-0.5401871413048487,-0.2147548304037905,359
1,5,y_animals_ct,n_planted,-0.2279827236942378,0.11836433947488509,-1.9261098799323075,-2.7641105451612917,359
1,5,y_animals_ct,n_empty,0.0766920444494446,0.10629473589441218,0.7215036925782157,0.16934360162855605,359
1,5,y_animals_ct,n_animals,0.16184071497758434,0.1525721300596341,1.0607488727746512,1.7824115865797627,359
1,5,y_animals_ct,n_structures,0.5892185150522365,0.1672354971756646,3.5232861743061634,7.496854660210384,359
1,5,y_animals_ct,n_money,0.2004822693420273,0.12054583340104413,1.6631206876727338,0.34201662996727916,359
1,5,y_animals_ct,n_output_per_day,0.5505467539614075,0.13015896147584674,4.22980290960274,6.755617776852827,359
1,5,y_animals_ct,n_revenue_per_day,0.21251671831128263,0.09944501843094433,2.1370272907019117,1.224089861837518,359
1,5,y_animals_ct,n_shed,-0.09532930698507093,0.09606069563583958,-0.9923861820286906,-2.714028461687839,359
1,5,y_animals_ct,n_labour,-0.1459039561330491,0.09120879562985372,-1.5996698029558567,-1.6776786682399913,359
1,5,y_animals_ct,n_quadrants,0.5294731239359695,0.17188340488691933,3.0804202667750586,36.806263409949466,359
1,5,y_animals_ct,n_melon_tiles,-0.09936633104158138,0.09809213424054379,-1.0129897958781586,-0.5951735513011766,359
2,5,y_animals_ct,n_dry_plants,0.16367664804317875,0.10760273329665232,1.5211197989918623,0.593722074327515,359
2,5,y_animals_ct,n_unfed,0.19363027713626071,0.10048808349975984,1.9268979006523046,0.28291063826262447,359
2,5,y_animals_ct,n_weeds,-0.10881521417387775,0.09756034545484246,-1.1153631495108307,-0.4443723891987594,359
2,5,y_animals_ct,n_planted,-0.1385019161916506,0.14378093564756642,-0.963284287780296,-1.592255082009277,359
2,5,y_animals_ct,n_empty,0.07339454165212463,0.10290907249328582,0.7131979705376624,0.1357768403464241,359
2,5,y_animals_ct,n_animals,-0.038368122532285734,0.21468498545422265,-0.1787182389635114,-0.3662814331089942,359
2,5,y_animals_ct,n_structures,0.9019705321812128,0.2128509296899639,4.23756914519947,11.64924001565603,359
2,5,y_animals_ct,n_money,0.16746860007550274,0.09005027587756326,1.8597233428046485,0.41040544462198647,359
2,5,y_animals_ct,n_output_per_day,0.4115628041785824,0.13446135381389265,3.060825973448286,4.975355880889371,359
2,5,y_animals_ct,n_revenue_per_day,0.1375344911202468,0.09500348659582536,1.4476783542204263,0.9440397935301332,359
2,5,y_animals_ct,n_shed,-0.1932821546208686,0.11363982334567314,-1.7008311781067886,-3.3191863767289402,359
2,5,y_animals_ct,n_labour,0.27221478416891054,0.1069123731533607,2.546148552688391,6.092547601050038,359
2,5,y_animals_ct,n_quadrants,0.5762856868097432,0.15858266011597752,3.6339766679931063,40.06043334253948,359
2,5,y_animals_ct,n_melon_tiles,-0.047240956375543285,0.097281683829181,-0.48560997832330594,-0.3121469093151779,359
3,5,y_animals_ct,n_dry_plants,0.30216624948003745,0.13494907304112302,2.239113190410418,1.0167111131857052,359
3,5,y_animals_ct,n_unfed,0.9478178192647296,0.2122839551829187,4.464858488471366,0.530471312742668,359
3,5,y_animals_ct,n_weeds,0.05579131755744362,0.1156927241215672,0.4822370462884028,0.22783690008579263,359
3,5,y_animals_ct,n_planted,-0.5758824036266276,0.16670387011680685,-3.454523300647523,-5.403903784726499,359
3,5,y_animals_ct,n_empty,0.29016617900702674,0.14272841570151704,2.032995164843987,0.504591270018541,359
3,5,y_animals_ct,n_animals,0.5718874597781024,0.3599781847059198,1.5886725476025707,3.2840385857895695,359
3,5,y_animals_ct,n_structures,-0.2282891004402805,0.34309120613463356,-0.6653889588493178,-1.468372820535598,359
3,5,y_animals_ct,n_money,-0.045525945469691825,0.12584304515487757,-0.36176767189368414,-0.10624072796087737,359
3,5,y_animals_ct,n_output_per_day,0.41393748325141766,0.15344558507585201,2.6976174195353875,4.961460756309185,359
3,5,y_animals_ct,n_revenue_per_day,0.13616592398756122,0.11504846168482033,1.1835527567556094,0.9037370093282218,359
3,5,y_animals_ct,n_shed,0.018320407965092537,0.12210282371668017,0.15004082139494232,0.595938917263463,359
3,5,y_animals_ct,n_labour,0.12004949477809915,0.11075798235648984,1.08389022826096,2.3503780242708743,359
3,5,y_animals_ct,n_quadrants,0.9981943379117502,0.19692486206846155,5.068909671571713,69.38936477527993,359
3,5,y_animals_ct,n_melon_tiles,0.22147382109668912,0.1232055428286169,1.7975962445518117,1.535740616647168,359
4,5,y_animals_ct,n_dry_plants,0.31162894252826273,0.20450170703961512,1.5238451895557792,1.1177788118840197,359
4,5,y_animals_ct,n_unfed,1.0200310658306664,0.25868273674903,3.9431740929054917,0.644683675499419,359
4,5,y_animals_ct,n_weeds,0.09196809374270644,0.155450619524471,0.5916225617114947,0.3765898241906792,359
4,5,y_animals_ct,n_planted,-0.2922924910329219,0.2807222336335831,-1.0412160349737065,-2.4973019045958686,359
4,5,y_animals_ct,n_empty,-0.10682379573820054,0.1646829518427361,-0.6486633530847314,-0.1820209806897897,359
4,5,y_animals_ct,n_animals,2.5904517866329417,0.6986455750092813,3.707819643169612,12.127449146794438,359
4,5,y_animals_ct,n_structures,-2.7045750151897696,0.7408391899344882,-3.6506910702563307,-12.161817556159088,359
4,5,y_animals_ct,n_money,0.14171411186461272,0.1890890294764752,0.7494570798579488,0.2580164929475057,359
4,5,y_animals_ct,n_output_per_day,0.6963237422529905,0.1683613291622189,4.135888839307459,8.008961080708136,359
4,5,y_animals_ct,n_revenue_per_day,-0.3384862833340587,0.1970204826377252,-1.718025856004303,-1.5897238266717353,359
4,5,y_animals_ct,n_shed,-1.3909070442047426,0.3030788005009083,-4.589258773315537,-4.892660194787552,359
4,5,y_animals_ct,n_labour,-0.03182045038289526,0.19624078045151983,-0.16215003991362703,-0.24291314600775055,359
4,5,y_animals_ct,n_quadrants,1.5434675061099634,0.2985340382916946,5.170155855399835,107.29396644776854,359
4,5,y_animals_ct,n_melon_tiles,0.42864841137666604,0.15672540028248358,2.7350283400397477,17.972207716574694,359
5,5,y_animals_ct,n_dry_plants,0.16990416458860894,0.2141235091752906,0.7934867368978068,0.7975314190307726,359
5,5,y_animals_ct,n_unfed,0.596863091200062,0.1501848593441781,3.974189500901905,0.4815344104745302,359
5,5,y_animals_ct,n_weeds,0.14210825754709602,0.14562551482662137,0.9758472456992656,0.5786355960683501,359
5,5,y_animals_ct,n_planted,0.18627108520595564,0.16258940657300605,1.1456532693740784,3.2782542272492528,359
5,5,y_animals_ct,n_empty,-0.388051515062209,0.13897051720883002,-2.792329789483957,-0.791696997052406,359
5,5,y_animals_ct,n_animals,7.0620326616103934,1.186855282378617,5.9502053590368105,22.626228624151796,359
5,5,y_animals_ct,n_structures,-6.374346829321957,1.245210706177186,-5.119090927905117,-19.447701032157443,359
5,5,y_animals_ct,n_money,-0.06676218931256706,0.17572537970904306,-0.3799234317951591,-0.1343387765009586,359
5,5,y_animals_ct,n_output_per_day,0.770811740219503,0.16680870896798985,4.620932234224172,8.557360455631418,359
5,5,y_animals_ct,n_revenue_per_day,0.03451380293707342,0.14481062210584036,0.23833750891455804,0.18401315923751146,359
5,5,y_animals_ct,n_shed,0.05349643774522827,0.13582577444004348,0.3938607231637231,0.6260421694525811,359
5,5,y_animals_ct,n_labour,0.01298946596700788,0.1383355191315974,0.09389827029637351,0.2959910176383608,359
5,5,y_animals_ct,n_quadrants,1.1958820709992828,0.237457340337234,5.036197530473919,83.13160483998136,359
5,5,y_animals_ct,n_melon_tiles,0.20504971760773597,0.1396268104789333,1.4685554794555276,8.597246646116515,359
6,5,y_animals_ct,n_dry_plants,-0.3941718974257425,0.1426448329590486,-2.763310028474035,-1.3219144701844108,359
6,5,y_animals_ct,n_unfed,-0.23417521364624666,0.12819333931346333,-1.8267346408196166,-0.4322795354086843,359
6,5,y_animals_ct,n_weeds,-0.30496805402358307,0.12611891462822516,-2.4180992591204222,-1.2338296251406355,359
6,5,y_animals_ct,n_planted,0.02974368524820665,0.19345583268770922,0.15374922965605858,0.555298359603753,359
6,5,y_animals_ct,n_empty,0.46066924534024617,0.1962368073958863,2.347517020142385,0.40604554292542844,359
6,5,y_animals_ct,n_animals,0.39852061174960857,0.23430550178261147,1.7008589585717702,4.600751130672153,359
6,5,y_animals_ct,n_structures,0.031058476266617813,0.254517440401045,0.12202887243278394,0.3665257107147934,359
6,5,y_animals_ct,n_money,-0.43070659054645355,0.14459193449589997,-2.978773277002298,-0.8857237125372742,359
6,5,y_animals_ct,n_output_per_day,0.13057276427630896,0.17605134361859762,0.7416743410898659,1.3683871252497617,359
6,5,y_animals_ct,n_revenue_per_day,-0.5072399132968408,0.1741720984325858,-2.9122914511658746,-2.14051036615062,359
6,5,y_animals_ct,n_shed,-0.04443341298922879,0.15679178546761208,-0.2833912048179797,-0.20042938515097838,359
6,5,y_animals_ct,n_labour,-0.17558608301336268,0.16610086772218088,-1.0571051519552968,-1.979342852371465,359
6,5,y_animals_ct,n_quadrants,1.4191301300448638,0.2689877890161484,5.275816181974223,98.65066802851311,359
6,5,y_animals_ct,n_melon_tiles,-0.17268624660019838,0.15580736165068082,-1.1083317551282328,-7.240323331018301,359
7,5,y_animals_ct,n_dry_plants,0.018222173983221176,0.1457811213208119,0.12499680217934883,0.04239123018677783,359
7,5,y_animals_ct,n_unfed,0.811326721724028,0.16361266733175606,4.958825835159251,0.5243994391137223,359
7,5,y_animals_ct,n_weeds,-0.22363148823177303,0.13308869923215602,-1.6803191369514916,-0.8909278100021591,359
7,5,y_animals_ct,n_planted,0.0754211628473687,0.1336132230169336,0.5644737934194591,2.0772856142704335,359
7,5,y_animals_ct,n_empty,-0.15775898815379247,0.1253681834646307,-1.258365430478619,-0.29773507115860043,359
7,5,y_animals_ct,n_animals,1.5733952456701612,0.27537295885040963,5.713688272946488,11.737106750456205,359
7,5,y_animals_ct,n_structures,-0.7978941839801369,0.2205769423592303,-3.6173054873554786,-7.917619560876488,359
7,5,y_animals_ct,n_money,-0.43559012248562845,0.13667093141533845,-3.1871453422811937,-0.8890614117478217,359
7,5,y_animals_ct,n_output_per_day,0.17117613645776578,0.1454196587698861,1.1771182652039986,1.855559122543163,359
7,5,y_animals_ct,n_revenue_per_day,-0.14760030606621605,0.1330356890221065,-1.1094790213901877,-0.9442383238559914,359
7,5,y_animals_ct,n_shed,-0.41843978714014785,0.13531500629508336,-3.092338378403133,-2.3563645817516417,359
7,5,y_animals_ct,n_labour,-0.3042669146844794,0.15559448639271095,-1.9555121890150295,-10.559966483187603,359
7,5,y_animals_ct,n_quadrants,1.045424692979195,0.2095232843704049,4.989539449615753,72.67257748423708,359
7,5,y_animals_ct,n_melon_tiles,0.16346195752530157,0.15149267147810616,1.0790090103396535,6.853570843684108,359
8,5,y_animals_ct,n_dry_plants,-0.05920510952321798,0.12335681672378476,-0.47995004326179636,-0.14129970280214552,359
8,5,y_animals_ct,n_unfed,-0.47150327375725615,0.16762983339366916,-2.812764674471503,-0.3731902936333816,359
8,5,y_animals_ct,n_weeds,-0.3316557318932118,0.117362967547048,-2.825897630445131,-1.1190725749386303,359
8,5,y_animals_ct,n_planted,0.17086843568304805,0.13377504758004338,1.2772818158095596,3.909375402640078,359
8,5,y_animals_ct,n_empty,-0.7213368325153381,0.1674909706715832,-4.30672071230477,-0.5413281264500625,359
8,5,y_animals_ct,n_animals,1.6229973837433793,0.308052340600549,5.26857669894454,17.49464509789951,359
8,5,y_animals_ct,n_structures,-1.4263433711252136,0.3234327822651633,-4.410014844926385,-15.978978943270326,359
8,5,y_animals_ct,n_money,-0.009349354390288573,0.15261708149734246,-0.06126020952937286,-0.0172517273682929,359
8,5,y_animals_ct,n_output_per_day,0.38905763619055544,0.1383390556527972,2.812348503860043,4.316421930442349,359
8,5,y_animals_ct,n_revenue_per_day,-0.14620873227160783,0.13997542197778984,-1.04453146277928,-0.6383157154294907,359
8,5,y_animals_ct,n_shed,-0.1633811088136972,0.13412108544428772,-1.2181612478938946,-0.669222858690306,359
8,5,y_animals_ct,n_labour,-0.4349255478342276,0.16297309003523833,-2.6686954744503355,-6.020426509889757,359
8,5,y_animals_ct,n_quadrants,-0.3954608580455878,0.13678929892982866,-2.8910218938138916,-8.234242070384624,359
8,5,y_animals_ct,n_melon_tiles,-0.21429591106993773,0.14040327252533047,-1.5262885772927843,-8.984917532278512,359
9,5,y_animals_ct,n_dry_plants,-0.3601149096026984,0.09894917156105511,-3.6393928713237873,-1.0666258160020952,359
9,5,y_animals_ct,n_unfed,0.43321817629101717,0.11699149724366224,3.7029885632520685,0.3152292325128991,359
9,5,y_animals_ct,n_weeds,-0.3984578645752192,0.09120309113837458,-4.368907452606771,-1.3286259217431169,359
9,5,y_animals_ct,n_planted,0.599577368606985,0.30067754711952266,1.9940876009895288,4.246055948677578,359
9,5,y_animals_ct,n_empty,0.22367507664672898,0.12974577841342388,1.723948781855602,0.20628940968459317,359
9,5,y_animals_ct,n_animals,0.9856606178107741,0.22013772615055088,4.477472512533752,13.207927864802658,359
9,5,y_animals_ct,n_structures,-1.1445558397413758,0.22865461362556133,-5.005610084105584,-15.929356187898419,359
9,5,y_animals_ct,n_money,-0.04248319453652348,0.12292510110696085,-0.34560227450663283,-0.06408444796715015,359
9,5,y_animals_ct,n_output_per_day,0.14790672151979375,0.09908255493879317,1.492762490946676,1.7238763328009115,359
9,5,y_animals_ct,n_revenue_per_day,0.05328855760365133,0.11746851556707437,0.4536411935266487,0.18566186646875654,359
9,5,y_animals_ct,n_shed,-0.19956932617680062,0.09382346167318405,-2.127072723792285,-1.3212446107798843,359
9,5,y_animals_ct,n_labour,-0.2657173866363164,0.11435400653685765,-2.3236386260823534,-11.390465996577683,359
9,5,y_animals_ct,n_quadrants,0.4654742543371925,0.3515863408937917,1.3239258759423886,2.515037938174771,359
9,5,y_animals_ct,n_melon_tiles,0.053955939345253306,0.10084077830803033,0.5350607189924534,2.262244122966519,359
10,5,y_animals_ct,n_dry_plants,-0.15501942179583514,0.05725638963506243,-2.7074606482156707,-0.264826180645594,359
10,5,y_animals_ct,n_unfed,0.24837872013259785,0.06835461956808588,3.633678626287952,0.19713458033660083,359
10,5,y_animals_ct,n_weeds,-0.15540524040738046,0.05631226218433845,-2.759705157975375,-0.470836395745521,359
10,5,y_animals_ct,n_planted,0.16975325203463149,0.18737842597351098,0.9059380830674119,0.7555313779644135,359
10,5,y_animals_ct,n_empty,0.45781261757401503,0.08149680755393042,5.617552776788932,0.48507514622619846,359
10,5,y_animals_ct,n_animals,0.5706780025699615,0.15580367778803156,3.662801871380468,8.10847999375438,359
10,5,y_animals_ct,n_structures,-0.517889699169337,0.14967741544279953,-3.460039028849031,-6.304176367557316,359
10,5,y_animals_ct,n_money,-0.13969268344285604,0.0801731831185809,-1.7423866436267381,-0.4187655871667866,359
10,5,y_animals_ct,n_output_per_day,0.003982322955549206,0.11690939973921963,0.03406332565586901,0.021856090284586686,359
10,5,y_animals_ct,n_revenue_per_day,-0.06884182998437784,0.06721540624168287,-1.0241971868301578,-0.18423470110151569,359
10,5,y_animals_ct,n_shed,-0.09023477917071737,0.05612807753170408,-1.6076584686113298,-0.28388676971295823,359
10,5,y_animals_ct,n_labour,0.2385231966549361,0.05660141591853288,4.2140853330991845,3.756286191998167,359
10,5,y_animals_ct,n_quadrants,0.010824561156206497,0.17462644826601964,0.06198695136785208,0.06419482024833775,359
10,5,y_animals_ct,n_melon_tiles,-0.04148368553714557,0.05764608040127058,-0.7196271671617629,-1.739312204443249,359
11,5,y_animals_ct,n_dry_plants,-0.0018365886673530807,0.033864947540977165,-0.054232733274746016,-0.004139453356609575,359
11,5,y_animals_ct,n_unfed,0.022195262199540943,0.031968762123255154,0.69427968821462,0.026175785718470988,359
11,5,y_animals_ct,n_weeds,-0.05030336147356631,0.03724995112902452,-1.3504275830947547,-0.17448761199750124,359
11,5,y_animals_ct,n_planted,-0.004322668809159872,0.03337415458964115,-0.12952144742871075,-0.07644731448591259,359
11,5,y_animals_ct,n_empty,-0.017041935681312757,0.04682549633940877,-0.3639456495620764,-0.022822750028343913,359
11,5,y_animals_ct,n_animals,0.09798529754880804,0.07955916198690673,1.2316029367545847,1.4582567828058555,359
11,5,y_animals_ct,n_structures,-0.06143057514118588,0.07847005328696997,-0.7828537457025849,-0.8227994601425996,359
11,5,y_animals_ct,n_money,0.05525772765850222,0.053857738570862734,1.0259942048216053,0.19962441845416706,359
11,5,y_animals_ct,n_output_per_day,0.058499068833520594,0.03756221579793241,1.5573913197298823,0.5153320272087412,359
11,5,y_animals_ct,n_revenue_per_day,-0.018779486755531066,0.030934379622126126,-0.6070749433131948,-0.05852544564384247,359
11,5,y_animals_ct,n_shed,0.04731042448007983,0.03275033774909381,1.4445782160334786,2.1194906339366013,359
11,5,y_animals_ct,n_labour,0.007467638609807729,0.03604696980087739,0.2071641153489125,0.14114461572304596,359
11,5,y_animals_ct,n_quadrants,0.012150512826147005,0.03529559627604869,0.34425010789213517,0.3885829566167645,359
11,5,y_animals_ct,n_melon_tiles,0.022485778936048074,0.0404910769289808,0.5553267692901065,0.9427751951996026,359
12,5,y_animals_ct,n_dry_plants,-0.0014297479037494033,0.018884900429558593,-0.0757085222176531,-0.003091313786375856,359
12,5,y_animals_ct,n_unfed,-0.030682620993723972,0.024384477403947374,-1.2582849525722068,-0.022050092859864267,359
12,5,y_animals_ct,n_weeds,-0.050331803582918846,0.021690401037165154,-2.320464407120847,-0.17342828950623465,359
12,5,y_animals_ct,n_planted,0.00897400609003409,0.021907763901514013,0.40962674832431933,0.17523325482793,359
12,5,y_animals_ct,n_empty,-0.017499099250359043,0.020365508645515947,-0.8592517650774204,-0.03930237274072991,359
12,5,y_animals_ct,n_animals,0.0008573760223168485,0.05055564259739518,0.01695905695719559,0.013375065899178796,359
12,5,y_animals_ct,n_structures,0.040694118377127976,0.0479752641882119,0.8482312513690546,0.570523494141498,359
12,5,y_animals_ct,n_money,0.07409631708947169,0.027231292272145536,2.7209989283271603,0.2996615554045027,359
12,5,y_animals_ct,n_output_per_day,0.042958116914346534,0.01935164376623966,2.2198691456531496,0.48418516907000975,359
12,5,y_animals_ct,n_revenue_per_day,0.02264933906692828,0.01906818863269932,1.1878075837831696,0.08317768443408897,359
12,5,y_animals_ct,n_shed,0.017557783607232143,0.01833799299085727,0.9574539381701088,0.6498787526366616,359
12,5,y_animals_ct,n_labour,-0.002925052910199039,0.022422583437512335,-0.1304511997179375,-0.053919655278929474,359
12,5,y_animals_ct,n_quadrants,-0.0069698500420108675,0.021197401808669997,-0.32880680872691265,-0.22290128616397673,359
12,5,y_animals_ct,n_melon_tiles,0.025268933288787328,0.022596595681773024,1.1182628412106288,1.059466233372529,359
13,5,y_animals_ct,n_dry_plants,-0.0008596204449071893,0.011044804388824334,-0.07783030053270973,-0.002078222635642086,359
13,5,y_animals_ct,n_unfed,0.025980964244298844,0.011535514962663898,2.252258726930649,0.026109961508152334,359
13,5,y_animals_ct,n_weeds,-0.006059039230558547,0.013818504723859738,-0.43847285590145646,-0.025204944256969022,359
13,5,y_animals_ct,n_planted,-0.005483894290263635,0.013049202357666526,-0.42024747106797655,-0.11901538823704316,359
13,5,y_animals_ct,n_empty,0.004724482996623881,0.011525437237067686,0.40991789720820077,0.013032612160175549,359
13,5,y_animals_ct,n_animals,-0.0006923959562539319,0.032301559097311965,-0.02143537264464584,-0.01116424390980693,359
13,5,y_animals_ct,n_structures,-0.0005831074648761466,0.030756972597999938,-0.018958545514133757,-0.008607983455291162,359
13,5,y_animals_ct,n_money,0.023867959582688354,0.020577263501119103,1.159919033033245,0.09890688847747316,359
13,5,y_animals_ct,n_output_per_day,-0.009787295066556172,0.011612214284270724,-0.8428448551637142,-0.12108680131755531,359
13,5,y_animals_ct,n_revenue_per_day,0.01635069639926926,0.014541711340198273,1.124399736506276,0.041236582211400016,359
13,5,y_animals_ct,n_shed,0.02320980232322889,0.012298719630466652,1.8871722439897782,1.039791106932816,359
13,5,y_animals_ct,n_labour,0.0023154111806404456,0.012925849709043627,0.17913028797019495,0.09350349636280798,359
13,5,y_animals_ct,n_quadrants,-0.018572862968228333,0.016094993187409742,-1.1539528319127774,-1.291090436477333,359
13,5,y_animals_ct,n_melon_tiles,0.00988844584076477,0.01303641747906435,0.758524790775148,0.41459899985062154,359
14,5,y_animals_ct,n_dry_plants,0.020842237523989702,0.01147249732708628,1.8167132168147644,0.04210408732083367,359
14,5,y_animals_ct,n_unfed,0.015481370149950805,0.011095452441737954,1.3952896676582802,0.022077727321274016,359
14,5,y_animals_ct,n_weeds,0.006857785662499528,0.012300624962683164,0.5575152224626173,0.029838464995400833,359
14,5,y_animals_ct,n_planted,0.02479510471278925,0.011676204217909977,2.1235586711267316,0.5792996275555814,359
14,5,y_animals_ct,n_empty,-0.012510280329487146,0.011358151861046469,-1.1014362620376628,-0.037816760160322406,359
14,5,y_animals_ct,n_animals,-0.06865321011330816,0.030429149294187014,-2.256165936470108,-1.1321733026486278,359
14,5,y_animals_ct,n_structures,0.036296728607678165,0.02943574824247802,1.2330832669406795,0.5430984331491003,359
14,5,y_animals_ct,n_money,0.0006187647258062036,0.018803560153169155,0.03290678577704961,0.003052975705387926,359
14,5,y_animals_ct,n_output_per_day,-0.008462774315075219,0.011501950706242525,-0.7357686127521104,-0.1103152981724628,359
14,5,y_animals_ct,n_revenue_per_day,0.0041226176951164005,0.01398426965847579,0.2948039329760567,0.010268595189737913,359
14,5,y_animals_ct,n_shed,-0.00047670845769730476,0.012237771707987663,-0.03895386097014332,-0.021356373829053737,359
14,5,y_animals_ct,n_labour,0.001986673660177505,0.011939437340814716,0.16639591996400893,0.04358248248001822,359
14,5,y_animals_ct,n_quadrants,-0.004814287066747342,0.016652700540359246,-0.28909947999602253,-0.3346646126107137,359
14,5,y_animals_ct,n_melon_tiles,0.003774141329839336,0.012172995415539118,0.31004212200898024,0.1582407635986269,359
15,5,y_animals_ct,n_dry_plants,-0.010545215896779862,0.013805443346255903,-0.7638447844298873,-0.016456800907934187,359
15,5,y_animals_ct,n_unfed,0.018888748208624566,0.011497605221404533,1.6428419522928392,0.020454964623394457,359
15,5,y_animals_ct,n_weeds,0.002383155084729464,0.01489318710011427,0.16001646046004345,0.00914270337163071,359
15,5,y_animals_ct,n_planted,0.021890766605071985,0.014067920341685535,1.556076951914924,0.5003991604897087,359
15,5,y_animals_ct,n_empty,-0.019404606539893406,0.012690204840365746,-1.5291011283104035,-0.057166872577391815,359
15,5,y_animals_ct,n_animals,-0.06816344717155007,0.03210181436102397,-2.1233518580902984,-1.1651108107983972,359
15,5,y_animals_ct,n_structures,0.04793415921229043,0.03415501282528718,1.4034296944196039,0.6947486345269487,359
15,5,y_animals_ct,n_money,0.010218825743063157,0.018202753949708612,0.5613889948354073,0.06297432996657171,359
15,5,y_animals_ct,n_output_per_day,-0.009133258455724118,0.012667615218031617,-0.7209927281911321,-0.12186502897165472,359
15,5,y_animals_ct,n_revenue_per_day,0.01791133134636252,0.014388064279455734,1.244874292919135,0.057343148352321176,359
15,5,y_animals_ct,n_shed,-0.01792033461998679,0.013683235775521913,-1.3096562036915764,-0.8028247854775482,359
15,5,y_animals_ct,n_labour,-0.00498619015619769,0.012591680412403109,-0.3959908441836065,-0.18837487396839783,359
15,5,y_animals_ct,n_quadrants,-3.49402874745234e-05,0.0209854386102988,-0.0016649777077985936,-0.0024288700715282916,359
15,5,y_animals_ct,n_melon_tiles,0.0010097367123975973,0.013437338712088843,0.07514409914287508,0.04233585720282626,359
16,5,y_animals_ct,n_dry_plants,-0.0021863912892823942,0.013531729355215235,-0.16157515657374139,-0.004509126920588079,359
16,5,y_animals_ct,n_unfed,-0.004685389383575786,0.013169721632505427,-0.3557698115662017,-0.004589097551974413,359
16,5,y_animals_ct,n_weeds,0.023569049381365146,0.01408084650412151,1.6738375334513027,0.10070586776148721,359
16,5,y_animals_ct,n_planted,0.001643540982099656,0.014696865756237175,0.11182935255444901,0.042119277966364776,359
16,5,y_animals_ct,n_empty,-0.021931369210982085,0.013649803867166051,-1.6067168015312618,-0.0664187162951394,359
16,5,y_animals_ct,n_animals,-0.037888966362456526,0.036201415478142755,-1.0466156049984472,-0.6699194380738656,359
16,5,y_animals_ct,n_structures,0.012144900027198566,0.03926815031208194,0.3092811841321146,0.18166551231666267,359
16,5,y_animals_ct,n_money,-0.009701790738624991,0.018522893733723626,-0.5237729524389306,-0.0642727434735567,359
16,5,y_animals_ct,n_output_per_day,-0.017870520795962578,0.013719031218934356,-1.3026080712826524,-0.24377798428795272,359
16,5,y_animals_ct,n_revenue_per_day,0.004409720187986036,0.014028179197821565,0.31434729524062693,0.013917441419471863,359
16,5,y_animals_ct,n_shed,-0.010944731607279193,0.014759654248384851,-0.7415303518018977,-0.4903201860373373,359
16,5,y_animals_ct,n_labour,-0.0027448932750895895,0.014344068974954518,-0.19136085303844497,-0.11362326163568427,359
16,5,y_animals_ct,n_quadrants,-0.024077608532672386,0.02343059027170234,-1.027614253566265,-1.673752192268701,359
16,5,y_animals_ct,n_melon_tiles,-0.0036416352737872427,0.014554555368728544,-0.2502058758601135,-0.1526851000294467,359
17,5,y_animals_ct,n_dry_plants,-0.019477920318753443,0.015223627724431884,-1.2794532729865686,-0.04608056274532354,359
17,5,y_animals_ct,n_unfed,0.003649825406889218,0.015055678444739618,0.24242184902430947,0.003442972702568718,359
17,5,y_animals_ct,n_weeds,0.009990817619408314,0.016894510565382912,0.5913647264739139,0.04616278476923726,359
17,5,y_animals_ct,n_planted,-0.016554990582761345,0.018096577734325853,-0.9148133324324409,-0.4427013606748589,359
17,5,y_animals_ct,n_empty,0.004238529362051221,0.016269313282712323,0.2605229420810931,0.011583044616407304,359
17,5,y_animals_ct,n_animals,0.08129334042999183,0.03783487868903934,2.148634890523444,1.4391827017858414,359
17,5,y_animals_ct,n_structures,-0.0684804857262957,0.0398209132887616,-1.7197115804378729,-1.0028835390745732,359
17,5,y_animals_ct,n_money,-0.009651295422473094,0.02202511643816707,-0.43819497842692334,-0.0691766233294049,359
17,5,y_animals_ct,n_output_per_day,-0.015524119480711175,0.016346834976681084,-0.949671266814431,-0.19849682886981754,359
17,5,y_animals_ct,n_revenue_per_day,-0.009656092415137619,0.017493926308075038,-0.5519682800241621,-0.02908842068168294,359
17,5,y_animals_ct,n_shed,-0.006919449894865597,0.017393604899649206,-0.3978157451998434,-0.30998895920573,359
17,5,y_animals_ct,n_labour,-0.02807880636523774,0.018573684230627528,-1.5117521121058208,-1.238492200529776,359
17,5,y_animals_ct,n_quadrants,-0.05048833173650248,0.02560078965233119,-1.9721396262441087,-3.5096905829866993,359
17,5,y_animals_ct,n_melon_tiles,0.014331173624305575,0.01863367724576128,0.7691006683914511,0.6008720022339901,359
18,5,y_animals_ct,n_dry_plants,-0.006056793557578008,0.014367164344019898,-0.4215719548095133,-0.013757753462316946,359
18,5,y_animals_ct,n_unfed,0.007155064429093042,0.014236308575933974,0.5025926763900335,0.00752059314857145,359
18,5,y_animals_ct,n_weeds,-0.02904876991694332,0.01534173247558184,-1.8934478203930247,-0.14749479612018027,359
18,5,y_animals_ct,n_planted,0.02276438032675443,0.015250069939486275,1.4927394049394955,0.5712911441443057,359
18,5,y_animals_ct,n_empty,0.00038976860198790145,0.016095295080693458,0.024216306692968592,0.0008152875458348143,359
18,5,y_animals_ct,n_animals,0.07330287882660405,0.023431092811681202,3.128444730075076,1.2124230108639507,359
18,5,y_animals_ct,n_structures,-0.03061659537378759,0.026211286438642383,-1.1680691615597552,-0.45476712402650277,359
18,5,y_animals_ct,n_money,0.010040406931385654,0.021745709244717203,0.4617189910154263,0.06683906005944823,359
18,5,y_animals_ct,n_output_per_day,-0.02017888869944529,0.016113140781856883,-1.2523249795078044,-0.24465863441107458,359
18,5,y_animals_ct,n_revenue_per_day,0.024558395276411966,0.015115698908780945,1.624694658488177,0.09288041828323798,359
18,5,y_animals_ct,n_shed,-0.0171850753067469,0.01601239742143855,-1.0732356220273602,-0.7698854228518173,359
18,5,y_animals_ct,n_labour,-0.006067758682202961,0.01597368930236607,-0.37985956577383706,-0.21326725227363444,359
18,5,y_animals_ct,n_quadrants,-0.049063742864221084,0.02395608472158436,-2.0480701848584966,-3.410660451118452,359
18,5,y_animals_ct,n_melon_tiles,0.007524833729767483,0.015883435853486172,0.4737535253190132,0.3154983693739417,359
19,5,y_animals_ct,n_dry_plants,0.011705379023436845,0.01557793416545763,0.7514076577234641,0.022488543394671098,359
19,5,y_animals_ct,n_unfed,-0.00899655918310421,0.015103549532094028,-0.5956586009127938,-0.009910095835467637,359
19,5,y_animals_ct,n_weeds,-0.04633885343854644,0.01516601955675224,-3.0554393830987365,-0.18435773406804978,359
19,5,y_animals_ct,n_planted,0.0330243184059248,0.015817122277164176,2.0878841186935344,0.7949638902520554,359
19,5,y_animals_ct,n_empty,-0.0011514829779815212,0.016425191776110206,-0.07010469001989418,-0.0025185470214684367,359
19,5,y_animals_ct,n_animals,0.002110471466454479,0.02578127044592644,0.08186064650619043,0.033774402919830936,359
19,5,y_animals_ct,n_structures,0.046853024192839356,0.027618740461884565,1.6964214663409143,0.674413220803179,359
19,5,y_animals_ct,n_money,-0.0293213082989033,0.023861555506229853,-1.228809592536748,-0.20619434539401402,359
19,5,y_animals_ct,n_output_per_day,-0.005991417527491096,0.016060352280568967,-0.37305642010978596,-0.06564024063378801,359
19,5,y_animals_ct,n_revenue_per_day,-0.009239399957790188,0.015886332097655713,-0.581594285011429,-0.02958682572071809,359
19,5,y_animals_ct,n_shed,-0.024636138776914986,0.01737866584317503,-1.41760817540491,-1.103690486142633,359
19,5,y_animals_ct,n_labour,0.008208507824590204,0.01902012891847728,0.43156951563119916,0.363968332704699,359
19,5,y_animals_ct,n_quadrants,-0.041168239955402544,0.025786362392887684,-1.5965121147431576,-2.861805473068346,359
19,5,y_animals_ct,n_melon_tiles,-0.0031019722958393154,0.01787182814000403,-0.17356771067509918,-0.13005831574841814,359
20,5,y_animals_ct,n_dry_plants,0.005075315457216573,0.017665278035934574,0.28730458965278693,0.011276699462517444,359
20,5,y_animals_ct,n_unfed,-0.002155756284506336,0.015270635264134049,-0.1411700461191378,-0.002374650096040517,359
20,5,y_animals_ct,n_weeds,0.011995864490961395,0.015653748946426023,0.7663253404674172,0.04924476903796965,359
20,5,y_animals_ct,n_planted,0.01931575909634622,0.016321243729957666,1.1834734788557884,0.4285617285652406,359
20,5,y_animals_ct,n_empty,0.00032038022771031387,0.016849339679240738,0.019014408505577163,0.000645414325331913,359
20,5,y_animals_ct,n_animals,0.012921055873394614,0.02755128188136382,0.46898202156374613,0.19682486476122743,359
20,5,y_animals_ct,n_structures,0.026460387473327532,0.029131158348459647,0.9083190979505511,0.36417682386757527,359
20,5,y_animals_ct,n_money,-0.04611292590797879,0.02444693939419182,-1.8862453562974204,-0.32923588410236715,359
20,5,y_animals_ct,n_output_per_day,0.00930175325468455,0.01797080270738591,0.5176036600113347,0.10266530960685424,359
20,5,y_animals_ct,n_revenue_per_day,0.006116173559388042,0.015826367821576086,0.38645465771684284,0.01989205343983916,359
20,5,y_animals_ct,n_shed,-0.025451775756590998,0.01727000851223204,-1.4737558315946373,-1.1402307403913248,359
20,5,y_animals_ct,n_labour,0.02208208544972345,0.018376981328217825,1.2016165797489518,0.8372441645076828,359
20,5,y_animals_ct,n_quadrants,-0.04835699318349211,0.02682136367556616,-1.8029282093342842,-3.361530828220059,359
20,5,y_animals_ct,n_melon_tiles,-0.013321612188975825,0.016960503491457547,-0.7854490991783049,-0.5585434939814636,359
21,5,y_animals_ct,n_dry_plants,0.014267047229011476,0.01837518570370033,0.7764300975820032,0.03154748911029732,359
21,5,y_animals_ct,n_unfed,-0.01318793974976727,0.01694343375165811,-0.7783510676209111,-0.012857790675772479,359
21,5,y_animals_ct,n_weeds,-0.01698560542119575,0.01674578560149819,-1.0143212044752383,-0.04958594560732974,359
21,5,y_animals_ct,n_planted,0.020997287548182333,0.01664301215393996,1.2616278444050508,0.48062287112455043,359
21,5,y_animals_ct,n_empty,-0.014409501299419892,0.018105014356941652,-0.7958845552583137,-0.028556766327669805,359
21,5,y_animals_ct,n_animals,0.04213284494289229,0.01737943938065225,2.424292522910543,0.620142685872455,359
21,5,y_animals_ct,n_structures,0.0003892063997722229,0.02565207670369832,0.015172510368960111,0.004580436536346425,359
21,5,y_animals_ct,n_money,0.016475045546266366,0.025637702784651727,0.6426100530399049,0.12343317907282478,359
21,5,y_animals_ct,n_output_per_day,0.004181230060948243,0.01819363149212604,0.22981833301162682,0.046556250249328766,359
21,5,y_animals_ct,n_revenue_per_day,-0.009351811778189743,0.016933791465196094,-0.5522574077642599,-0.02590209219466215,359
21,5,y_animals_ct,n_shed,-0.029779172384465792,0.018637078646060273,-1.5978455073355002,-1.3340966108184926,359
21,5,y_animals_ct,n_labour,0.012169138628822858,0.019558137330994485,0.622203353155619,0.5149652015068851,359
21,5,y_animals_ct,n_quadrants,-0.004250433311814358,0.030274761302228306,-0.1403952708126394,-0.2954683835850035,359
21,5,y_animals_ct,n_melon_tiles,0.014052039623080197,0.018088749685396983,0.7768386354765241,0.5891685778945194,359
22,5,y_animals_ct,n_dry_plants,-0.012471319016135452,0.020131306540224166,-0.6194987390021921,-0.025368271240219644,359
22,5,y_animals_ct,n_unfed,0.0037407151767490216,0.01985136807329158,0.18843614016617088,0.0038569718146994475,359
22,5,y_animals_ct,n_weeds,-0.008629755886008547,0.020404644062189493,-0.42293096903365157,-0.024057240354445487,359
22,5,y_animals_ct,n_planted,0.04473429268744426,0.021032978588093585,2.1268643668361644,0.9613578869509886,359
22,5,y_animals_ct,n_empty,-0.020394877970555423,0.021000084323578846,-0.9711807655770268,-0.04130000219030707,359
22,5,y_animals_ct,n_animals,0.04246872820443367,0.0211844789773735,2.0047095918570017,0.5752397031252874,359
22,5,y_animals_ct,n_structures,-0.07254647559835187,0.03196054182695991,-2.2698762740360117,-0.8537745720736494,359
22,5,y_animals_ct,n_money,0.021576373978403,0.030193265883219647,0.7146088158152639,0.16571432635493322,359
22,5,y_animals_ct,n_output_per_day,-0.06974016330020609,0.02739651438498388,-2.545585263884186,-0.6327136193176172,359
22,5,y_animals_ct,n_revenue_per_day,-0.007345626719065715,0.020802096173436545,-0.35311954419506003,-0.022165248873256542,359
22,5,y_animals_ct,n_shed,-0.05039959038845062,0.022786027818638276,-2.211863813631672,-2.2578841969075905,359
22,5,y_animals_ct,n_labour,0.01146699909529348,0.021163909077171958,0.5418185767799455,0.3482484095365876,359
22,5,y_animals_ct,n_quadrants,0.10169398587276794,0.03463358790948376,2.9362821472193166,7.069245750221354,359
22,5,y_animals_ct,n_melon_tiles,0.018270631717529885,0.020932376313335856,0.87284078233821,0.7660441042716059,359
23,5,y_animals_ct,n_dry_plants,0.0245198289808204,0.03198538093541068,0.7665948712736685,0.10064358526895242,359
23,5,y_animals_ct,n_unfed,-0.021128023938086243,0.02463780966614428,-0.8575447340645317,-0.02097010307408878,359
23,5,y_animals_ct,n_weeds,0.0409780915572159,0.025074259387162453,1.6342692689139169,0.11105946721457184,359
23,5,y_animals_ct,n_planted,0.021142901332083276,0.024940167326381033,0.8477449672007168,0.5049354578518633,359
23,5,y_animals_ct,n_empty,-0.03872561572093739,0.02633024011408175,-1.4707657641232994,-0.07060962703225084,359
23,5,y_animals_ct,n_animals,0.06516133006777217,0.02862848508000922,2.276101228746931,0.8719115504650354,359
23,5,y_animals_ct,n_structures,-0.04483083372696016,0.03889690724990199,-1.1525552260218097,-0.5275986953914807,359
23,5,y_animals_ct,n_money,0.02461816046576072,0.03623579782159413,0.6793878414646063,0.19143381827067527,359
23,5,y_animals_ct,n_output_per_day,-0.0366943351060066,0.03209189439797815,-1.1434144289194224,-0.3445566857292648,359
23,5,y_animals_ct,n_revenue_per_day,-0.0433142712460613,0.027734710200009487,-1.5617351302284919,-0.10633723904338893,359
23,5,y_animals_ct,n_shed,-0.04830333002461865,0.027597969286651848,-1.750249430416652,-2.1639724585061497,359
23,5,y_animals_ct,n_labour,0.00938984588738283,0.02593001601087171,0.3621226413221626,0.2858192654212723,359
23,5,y_animals_ct,n_quadrants,0.06920540847201329,0.046168290612473524,1.4989813907755056,4.810806022936317,359
23,5,y_animals_ct,n_melon_tiles,0.005284507498377669,0.0257517396893687,0.20520972804642457,0.22156682241190737,359
0,5,y_dry_ct,n_dry_plants,-1.9220358759344789,0.4391096302711184,-4.3771207539851975,-8.903818399862127,359
0,5,y_dry_ct,n_unfed,-1.426568927121085,0.291987775454231,-4.88571456425476,-3.9556856256560953,359
0,5,y_dry_ct,n_weeds,0.48927383325543383,0.26387244216894257,1.8542058777861294,1.974520394166633,359
0,5,y_dry_ct,n_planted,2.156307138454692,0.3049355221525028,7.071354374307008,34.80922803730507,359
0,5,y_dry_ct,n_empty,-4.698006138247065,0.3397435992366681,-13.82809315260829,-2.2365920384807665,359
0,5,y_dry_ct,n_animals,0.8198600935704072,1.7390900100705806,0.4714305118325264,6.784024388977538,359
0,5,y_dry_ct,n_structures,-1.7663149899772848,1.5867823093524986,-1.1131426028426332,-20.787154886258712,359
0,5,y_dry_ct,n_money,0.8029686316409157,0.2890456005502992,2.7779998384759517,1.5767198910874898,359
0,5,y_dry_ct,n_output_per_day,-1.0847771014486263,0.38112959106282174,-2.8462158984391794,-11.926617111821301,359
0,5,y_dry_ct,n_revenue_per_day,-0.5650253096203461,0.23011471081634335,-2.455407164608863,-3.902744795163331,359
0,5,y_dry_ct,n_shed,-0.01866700368578399,0.2578956494310311,-0.07238200305808608,-0.8362753010668491,359
0,5,y_dry_ct,n_labour,0.3658083234227578,0.2492857453496355,1.4674257563732482,11.453384900870862,359
0,5,y_dry_ct,n_quadrants,-3.317087825692658,0.6114273795687294,-5.425154215423535,-230.5869792951854,359
0,5,y_dry_ct,n_melon_tiles,0.5215303840951903,0.27271101943675796,1.9123920447817981,2.9675136708676675,359
1,5,y_dry_ct,n_dry_plants,0.6158752913700442,0.5172396971432364,1.1906961023517364,2.853038187258052,359
1,5,y_dry_ct,n_unfed,7.602461003315149,0.4364575881835403,17.418556141858488,4.268885757638358,359
1,5,y_dry_ct,n_weeds,-0.06315537619828335,0.3039400205890574,-0.20778894492368505,-0.25487072847338194,359
1,5,y_dry_ct,n_planted,-1.2145597707593658,0.3651906940892067,-3.325823440787569,-14.725578393331109,359
1,5,y_dry_ct,n_empty,1.4246692976039825,0.32795222405263186,4.344136716009411,3.145810386433515,359
1,5,y_dry_ct,n_animals,-0.23207299134623022,0.47073233646497803,-0.4930041413534721,-2.555905593750238,359
1,5,y_dry_ct,n_structures,2.6151640857697447,0.5159733713792501,5.068409012618502,33.273742360047244,359
1,5,y_dry_ct,n_money,-1.3126065787621928,0.3719212793700416,-3.5292591512523273,-2.2392667442088596,359
1,5,y_dry_ct,n_output_per_day,0.6898505559736513,0.40158076067649123,1.7178376643630766,8.464978942794911,359
1,5,y_dry_ct,n_revenue_per_day,-0.907646895645773,0.30681872146311634,-2.958251345672478,-5.228018632684206,359
1,5,y_dry_ct,n_shed,0.28753070590761093,0.2963770361037478,0.9701517691369307,8.186008522695557,359
1,5,y_dry_ct,n_labour,0.2974050448309133,0.28140741992797924,1.0568486250541238,3.4197160430988687,359
1,5,y_dry_ct,n_quadrants,4.998772592039419,0.5303136080642683,9.426068869486038,347.48910271655006,359
1,5,y_dry_ct,n_melon_tiles,-0.9760026201108349,0.30264465418316905,-3.224912803251204,-5.845953447224855,359
2,5,y_dry_ct,n_dry_plants,-0.6231979132076199,0.4608702219301985,-1.3522199603123997,-2.2605934454901417,359
2,5,y_dry_ct,n_unfed,0.20256774873812902,0.4303976667227975,0.4706525253274551,0.2959690598727908,359
2,5,y_dry_ct,n_weeds,-0.8536482137469101,0.4178579547547509,-2.0429148327400712,-3.4860722294937294,359
2,5,y_dry_ct,n_planted,-2.69288283285871,0.6158240566114607,-4.372812013347051,-30.95810147450726,359
2,5,y_dry_ct,n_empty,3.3792835289370178,0.44076693616933493,7.66682627854544,6.251533559110385,359
2,5,y_dry_ct,n_animals,-2.453000721561453,0.9195111858227049,-2.6677225458292875,-23.417581064981015,359
2,5,y_dry_ct,n_structures,-3.9504406698369285,0.9116557934808026,-4.333258997624212,-51.02121398495274,359
2,5,y_dry_ct,n_money,-1.1621943478406302,0.3856917882759708,-3.013272211564575,-2.8481213066070445,359
2,5,y_dry_ct,n_output_per_day,-0.40149066714579434,0.5759076193947538,-0.6971442183170597,-4.853594473613457,359
2,5,y_dry_ct,n_revenue_per_day,-1.3733807991583415,0.4069067449323136,-3.375173344415303,-9.426916226724057,359
2,5,y_dry_ct,n_shed,0.15187257668359505,0.4867275114753831,0.31202792754252645,2.608069992367952,359
2,5,y_dry_ct,n_labour,-0.04202404758315974,0.45791335993698673,-0.09177292313319413,-0.9405569615584234,359
2,5,y_dry_ct,n_quadrants,0.8964921742951919,0.6792209038077066,1.3198830737827183,62.31955055013806,359
2,5,y_dry_ct,n_melon_tiles,2.533844071121848,0.4166644270317333,6.081258458209752,16.742497531162158,359
3,5,y_dry_ct,n_dry_plants,0.16728954695380874,0.6339405579942085,0.2638883801394784,0.5628859669152951,359
3,5,y_dry_ct,n_unfed,9.193173103923078,0.9972310736870929,9.218699002160932,5.145202491014336,359
3,5,y_dry_ct,n_weeds,0.6691657679338333,0.5434813921481827,1.2312579190409194,2.7326949942094054,359
3,5,y_dry_ct,n_planted,4.785959090921302,0.7831127851425747,6.111455695427017,44.90997169231786,359
3,5,y_dry_ct,n_empty,-2.344993679298036,0.6704850166986822,-3.497458736429725,-4.077881656889423,359
3,5,y_dry_ct,n_animals,-6.8615607933264195,1.6910436369479338,-4.057589433771473,-39.40221107972556,359
3,5,y_dry_ct,n_structures,-1.6522107716095142,1.6117148918363966,-1.0251259574371596,-10.627145081165216,359
3,5,y_dry_ct,n_money,-0.4434949761979181,0.5911638254889162,-0.7502065537097605,-1.0349533355573328,359
3,5,y_dry_ct,n_output_per_day,-0.522883907168511,0.720830292736362,-0.7253911391314843,-6.267294194148814,359
3,5,y_dry_ct,n_revenue_per_day,-0.575673840379931,0.5404548868196017,-1.0651653901541738,-3.820763224879791,359
3,5,y_dry_ct,n_shed,-0.487244039804858,0.5735936561493297,-0.8494585576065169,-15.849411545727884,359
3,5,y_dry_ct,n_labour,0.4748761135186992,0.5202998105514186,0.912697071742965,9.297318439603552,359
3,5,y_dry_ct,n_quadrants,-0.09899335047685967,0.9250797662357485,-0.10701061042516855,-6.881511390794164,359
3,5,y_dry_ct,n_melon_tiles,-2.753694385386269,0.5787738204392987,-4.757807433819606,-19.094628396846552,359
4,5,y_dry_ct,n_dry_plants,-1.242599592277272,0.6190719700082202,-2.007197308999101,-4.457068347486008,359
4,5,y_dry_ct,n_unfed,-0.9376462444739107,0.7830899495392359,-1.1973672309619277,-0.5926145266109151,359
4,5,y_dry_ct,n_weeds,-0.12680610400057582,0.47058346192372047,-0.26946570430290756,-0.5192440820343628,359
4,5,y_dry_ct,n_planted,-3.3051333869516983,0.8498083889685326,-3.889268957397976,-28.23854924568762,359
4,5,y_dry_ct,n_empty,1.8551104790186674,0.4985317770687464,3.7211479074138376,3.1609907356824225,359
4,5,y_dry_ct,n_animals,-6.801545720455922,2.114954924922643,-3.2159293989230986,-31.84209035275685,359
4,5,y_dry_ct,n_structures,8.707778155722137,2.242684344357054,3.882748001354838,39.1567653530103,359
4,5,y_dry_ct,n_money,0.32705951512015763,0.5724143806890946,0.5713684459262375,0.5954717421299164,359
4,5,y_dry_ct,n_output_per_day,0.49939578959106845,0.5096670400774052,0.9798471361130656,5.743939492517281,359
4,5,y_dry_ct,n_revenue_per_day,0.50032264602257,0.5964246464450268,0.8388698371281768,2.3497992993132817,359
4,5,y_dry_ct,n_shed,3.267425886748015,0.9174866694754744,3.5612788669899658,11.493510398209773,359
4,5,y_dry_ct,n_labour,1.3523626895165721,0.5940643152017262,2.2764583815429997,10.323759453466396,359
4,5,y_dry_ct,n_quadrants,6.557907556038837,0.903728667477321,7.256500531674688,455.8721907003785,359
4,5,y_dry_ct,n_melon_tiles,-3.192740344059896,0.4744425056775144,-6.7294567958252225,-133.86400398463294,359
5,5,y_dry_ct,n_dry_plants,7.012068335166226,0.7142781399808792,9.81699976896106,32.91470119774098,359
5,5,y_dry_ct,n_unfed,0.11025578988817472,0.5009901173337797,0.22007577809108336,0.08895164999808984,359
5,5,y_dry_ct,n_weeds,-1.6821878932618826,0.48578095074541405,-3.4628527336871144,-6.849523110885842,359
5,5,y_dry_ct,n_planted,0.8418400262411659,0.5423694920509146,1.552152247829859,14.815856264762267,359
5,5,y_dry_ct,n_empty,-0.6124878706320818,0.4635810562157492,-1.3212098777975771,-1.2495887506912737,359
5,5,y_dry_ct,n_animals,6.578369191547379,3.9591392219799637,1.6615655127827356,21.076606755325596,359
5,5,y_dry_ct,n_structures,-17.450854621183915,4.153802590468452,-4.201175727808448,-53.241377119187575,359
5,5,y_dry_ct,n_money,0.5588461258110371,0.5861887741773166,0.953355216662664,1.1245093303077724,359
5,5,y_dry_ct,n_output_per_day,3.396639600673712,0.5564443382848174,6.104185750444519,37.708649056849794,359
5,5,y_dry_ct,n_revenue_per_day,0.6709189454581906,0.4830626128145383,1.388886093976757,3.5770591543085932,359
5,5,y_dry_ct,n_shed,1.2206897361219688,0.45309075076419636,2.6941396046225115,14.28512407255492,359
5,5,y_dry_ct,n_labour,-0.32690882968043267,0.4614628149855168,-0.7084185747245807,-7.449272927604886,359
5,5,y_dry_ct,n_quadrants,5.294073513155656,0.7921156720910812,6.683460130488263,368.01691233794895,359
5,5,y_dry_ct,n_melon_tiles,1.9509125450424838,0.46577033444146504,4.188571922215586,81.79711989079252,359
6,5,y_dry_ct,n_dry_plants,-1.6889625556949464,0.6461927383347474,-2.61371330177346,-5.664188788074122,359
6,5,y_dry_ct,n_unfed,-1.557534178271355,0.5807262923503431,-2.682045223004504,-2.8751554892713114,359
6,5,y_dry_ct,n_weeds,-3.9733633099947268,0.5713289791773655,-6.9545978845950005,-16.075301326280044,359
6,5,y_dry_ct,n_planted,5.287745766414286,0.8763707151396657,6.033686058954614,98.71932565143659,359
6,5,y_dry_ct,n_empty,8.503149100581043,0.888968757596854,9.565183284469496,7.494891026578495,359
6,5,y_dry_ct,n_animals,3.147209812623059,1.0614230509651166,2.9650852313424005,36.33320003278916,359
6,5,y_dry_ct,n_structures,-5.981785162080214,1.1529847829393056,-5.1880868252491945,-70.59193886569281,359
6,5,y_dry_ct,n_money,-1.3916093065118231,0.6550132672513118,-2.1245513275655505,-2.861765731982999,359
6,5,y_dry_ct,n_output_per_day,-1.9359082591073224,0.7975269588143653,-2.4273891154542526,-20.288089572963003,359
6,5,y_dry_ct,n_revenue_per_day,-1.722248335077091,0.7890138247066617,-2.182786005957989,-7.267745139292294,359
6,5,y_dry_ct,n_shed,0.44266905306595555,0.7102795881067593,0.6232321194050979,1.9967830549699856,359
6,5,y_dry_ct,n_labour,2.72676022065726,0.7524504906811986,3.6238400458596356,30.7381613637229,359
6,5,y_dry_ct,n_quadrants,-8.633939684562021,1.2185366434748814,-7.085498602603163,-600.1873257197396,359
6,5,y_dry_ct,n_melon_tiles,-2.1142208921199637,0.7058200678511088,-2.995410570510945,-88.64425021398847,359
7,5,y_dry_ct,n_dry_plants,0.6208787399281953,0.5921123213681532,1.0485827055474433,1.444383837329605,359
7,5,y_dry_ct,n_unfed,0.18213124815302967,0.6645378728144766,0.2740720365291753,0.11772017587881002,359
7,5,y_dry_ct,n_weeds,0.3043616982461337,0.5405601077577236,0.5630487597552188,1.2125497326473522,359
7,5,y_dry_ct,n_planted,-0.10831775064335891,0.5426905413351549,-0.19959395344696826,-2.9833391144728485,359
7,5,y_dry_ct,n_empty,-1.7749962073858634,0.5092020521202668,-3.4858386764054767,-3.349911331816383,359
7,5,y_dry_ct,n_animals,-10.61727895562536,1.1184693904783094,-9.492686206714088,-79.20205482028699,359
7,5,y_dry_ct,n_structures,4.677133140109379,0.8959069884858105,5.220556598195858,46.41186962189409,359
7,5,y_dry_ct,n_money,4.008739764231649,0.5551098916697029,7.221524646541333,8.182040065049932,359
7,5,y_dry_ct,n_output_per_day,3.022319111224695,0.5906441859321159,5.1169878299150096,32.76211225536808,359
7,5,y_dry_ct,n_revenue_per_day,-1.0606672525758436,0.5403447986817317,-1.9629452437842136,-6.785369864286418,359
7,5,y_dry_ct,n_shed,0.6141218662347747,0.5496025944059589,1.1173925896375212,3.4583112288750106,359
7,5,y_dry_ct,n_labour,-0.5577186873237291,0.631970804555206,-0.8825070451098811,-19.35632946254865,359
7,5,y_dry_ct,n_quadrants,6.099467984968877,0.8510108659147004,7.167320922997764,424.00381656098443,359
7,5,y_dry_ct,n_melon_tiles,3.590721173359099,0.6153106559097283,5.835623256109984,150.5503929727744,359
8,5,y_dry_ct,n_dry_plants,-0.682937325830246,0.7277034744437738,-0.9384829807941413,-1.6299073162674014,359
8,5,y_dry_ct,n_unfed,2.265676144223229,0.9888777565827358,2.291158972017658,1.793260816204041,359
8,5,y_dry_ct,n_weeds,-1.8506719318557248,0.6923447080047053,-2.673049870185687,-6.24453614091397,359
8,5,y_dry_ct,n_planted,-0.6545002996519947,0.7891624435790803,-0.8293606784981382,-14.974605240878422,359
8,5,y_dry_ct,n_empty,-16.749422282443742,0.9880585810558663,-16.951851442396112,-12.569624861189112,359
8,5,y_dry_ct,n_animals,2.6482309040814127,1.8172547291610948,1.4572700577336917,28.545862284346935,359
8,5,y_dry_ct,n_structures,-0.158802940399627,1.9079866492533684,-0.08323063500563257,-1.7790308365742693,359
8,5,y_dry_ct,n_money,-1.8946292511292393,0.9003149028542574,-2.104407296961007,-3.4960304145092658,359
8,5,y_dry_ct,n_output_per_day,-0.845110985079575,0.8160863268320759,-1.0355656715389026,-9.376131581359173,359
8,5,y_dry_ct,n_revenue_per_day,3.0342009430409123,0.8257395384809005,3.674525442517724,13.246665336760444,359
8,5,y_dry_ct,n_shed,0.8684130342995512,0.7912037815674263,1.0975845345167188,3.5570933356840224,359
8,5,y_dry_ct,n_labour,1.9164023168402162,0.9614068116319516,1.9933313282721556,26.52766518171184,359
8,5,y_dry_ct,n_quadrants,-3.2096919012323775,0.8069440403999283,-3.977589201404384,-66.83184833188659,359
8,5,y_dry_ct,n_melon_tiles,-0.15418942640324254,0.828263503821909,-0.18615987024872693,-6.464795682127263,359
9,5,y_dry_ct,n_dry_plants,1.0261335720834306,0.5893449681461169,1.7411425014984097,3.039309202326992,359
9,5,y_dry_ct,n_unfed,-4.565024103434696,0.6968057349918195,-6.551358397600285,-3.3217189935307037,359
9,5,y_dry_ct,n_weeds,-0.6166397693567501,0.5432090233176645,-1.1351795402635347,-2.0561360554860233,359
9,5,y_dry_ct,n_planted,5.470327101362354,1.7908467209355798,3.054603745486676,38.73947908326907,359
9,5,y_dry_ct,n_empty,-3.0032072252490214,0.7727707108590681,-3.886285004138469,-2.769775939925606,359
9,5,y_dry_ct,n_animals,-2.3673584160215517,1.3111485337287812,-1.8055608156682375,-31.72278431737942,359
9,5,y_dry_ct,n_structures,2.0321805028622637,1.3618754342017878,1.492192642459514,28.28287266046378,359
9,5,y_dry_ct,n_money,2.016658230727926,0.7321465016161228,2.754446311327586,3.0420600631504358,359
9,5,y_dry_ct,n_output_per_day,1.1821124671400625,0.5901394045346597,2.003107160878689,13.777708571134383,359
9,5,y_dry_ct,n_revenue_per_day,-1.2498935975005943,0.6996468739744028,-1.7864634917904638,-4.3547355874276565,359
9,5,y_dry_ct,n_shed,0.7648476189974767,0.5588160482679989,1.3686930097445384,5.063657897872464,359
9,5,y_dry_ct,n_labour,1.8952787372023125,0.6810967416565058,2.782686542579511,81.24461964428006,359
9,5,y_dry_ct,n_quadrants,-9.691844271413773,2.0940614014823593,-4.6282521919142585,-52.36671159868232,359
9,5,y_dry_ct,n_melon_tiles,2.873088010681346,0.600611448708344,4.783605135833022,120.46174241059225,359
10,5,y_dry_ct,n_dry_plants,-0.5192679459886107,0.6063326823646926,-0.8564076473058814,-0.8870872131684144,359
10,5,y_dry_ct,n_unfed,1.369892046906559,0.7238605175579444,1.8924806833339964,1.087263408190536,359
10,5,y_dry_ct,n_weeds,-2.817382781801599,0.5963345785139207,-4.724500110026456,-8.535917778200968,359
10,5,y_dry_ct,n_planted,10.25065560479576,1.9842966760904297,5.165888613487054,45.62323172783741,359
10,5,y_dry_ct,n_empty,4.45273056373336,0.8630334228771164,5.159395274506496,4.717888599825732,359
10,5,y_dry_ct,n_animals,6.544462447252451,1.649926977191922,3.966516420254391,92.98701296431662,359
10,5,y_dry_ct,n_structures,-6.738607706206785,1.585051194692712,-4.251350195356418,-82.02783627449224,359
10,5,y_dry_ct,n_money,3.954070853407485,0.8490165287026108,4.657236602271729,11.853368135086406,359
10,5,y_dry_ct,n_output_per_day,-3.423572607506595,1.2380450529510554,-2.7653053492245907,-18.789513768900918,359
10,5,y_dry_ct,n_revenue_per_day,0.6429730285355357,0.711796496819191,0.9033101896522291,1.7207262467523337,359
10,5,y_dry_ct,n_shed,-1.5668578209975352,0.594384103201139,-2.636103173956037,-4.929476300495262,359
10,5,y_dry_ct,n_labour,0.8402833281643117,0.5993966535135381,1.4018819144864194,13.232862493940377,359
10,5,y_dry_ct,n_quadrants,5.786664949411865,1.8492560125396993,3.1291854184454833,34.31768834821156,359
10,5,y_dry_ct,n_melon_tiles,-0.7972156709324786,0.6104594226127897,-1.3059273743705437,-33.42535572893274,359
11,5,y_dry_ct,n_dry_plants,1.199334524669818,0.5769835946389078,2.0786284667597776,2.7031579863755058,359
11,5,y_dry_ct,n_unfed,-0.5164346994805977,0.5446768008045076,-0.948148881534526,-0.6090526847421823,359
11,5,y_dry_ct,n_weeds,-1.3581526389651857,0.6346565479406628,-2.139980503426817,-4.711033293981152,359
11,5,y_dry_ct,n_planted,0.6435185314714836,0.5686215713124981,1.1317167056925181,11.38076168330704,359
11,5,y_dry_ct,n_empty,-1.8045270123995876,0.7978026000474799,-2.261871561075627,-2.41664266862305,359
11,5,y_dry_ct,n_animals,4.947006099906237,1.3555116603715263,3.6495489080118526,73.62334329981292,359
11,5,y_dry_ct,n_structures,-6.165556730529429,1.3369556637357234,-4.6116388880852055,-82.58129990967646,359
11,5,y_dry_ct,n_money,-1.5105695084826731,0.9176164103646584,-1.6461884197149186,-5.457093015641826,359
11,5,y_dry_ct,n_output_per_day,-4.001385391198469,0.6399768453049861,-6.252390880316266,-35.24914304461846,359
11,5,y_dry_ct,n_revenue_per_day,-0.3589313249874767,0.5270532172152862,-0.6810153382307569,-1.118593709396233,359
11,5,y_dry_ct,n_shed,-0.25435930142603624,0.557993115957008,-0.455846665760002,-11.39520862371749,359
11,5,y_dry_ct,n_labour,0.979096665851668,0.6141604142863012,1.5942034736795094,18.505745909536902,359
11,5,y_dry_ct,n_quadrants,2.1950680614350837,0.6013586759476371,3.65018108032787,70.20000303624671,359
11,5,y_dry_ct,n_melon_tiles,-0.18431036683783605,0.6898781428500558,-0.2671636559993113,-7.727695027468349,359
12,5,y_dry_ct,n_dry_plants,-0.23330250580878148,0.44739088969973195,-0.521473528362107,-0.5044324602340026,359
12,5,y_dry_ct,n_unfed,1.9592388862302608,0.5776780810313236,3.391575603374892,1.408008767727861,359
12,5,y_dry_ct,n_weeds,-0.4070418983392426,0.513854327914406,-0.792134805969844,-1.4025442197804048,359
12,5,y_dry_ct,n_planted,-0.7234322139274569,0.5190037416288945,-1.3938863169983384,-14.126286546057168,359
12,5,y_dry_ct,n_empty,-0.3892532472309764,0.4824670940728877,-0.8067975039395553,-0.8742493538858827,359
12,5,y_dry_ct,n_animals,0.03969756254510931,1.1976835146871339,0.033145285927626174,0.6192819734366101,359
12,5,y_dry_ct,n_structures,0.2810492831519262,1.136553311933215,0.2472820942062777,3.940255384422379,359
12,5,y_dry_ct,n_money,-1.675696329467057,0.6451202707026075,-2.5974944604391954,-6.776878908399395,359
12,5,y_dry_ct,n_output_per_day,1.795561477750243,0.4584482271444307,3.9166068738762183,20.23795036019732,359
12,5,y_dry_ct,n_revenue_per_day,-0.18343038824657026,0.4517330609799282,-0.4060592506748595,-0.6736317957937151,359
12,5,y_dry_ct,n_shed,-0.5127655652155503,0.43443443242336677,-1.1803059954415582,-18.979357154171392,359
12,5,y_dry_ct,n_labour,4.131924350596867,0.5312000235793456,7.7784717002740855,76.16680568271752,359
12,5,y_dry_ct,n_quadrants,-0.13500509431208818,0.5021749778283179,-0.26884074331207186,-4.317569098254426,359
12,5,y_dry_ct,n_melon_tiles,0.6680989297736987,0.5353224436614014,1.248030860062875,28.011798066744888,359
13,5,y_dry_ct,n_dry_plants,-1.414138884548499,0.4852312250423809,-2.9143608481193386,-3.418829155613726,359
13,5,y_dry_ct,n_unfed,0.4714698326204913,0.5067896053000115,0.930306832835272,0.47381071257497,359
13,5,y_dry_ct,n_weeds,0.3445646934080191,0.6070881601304775,0.5675694504303362,1.4333516519364322,359
13,5,y_dry_ct,n_planted,-0.9911407818131959,0.5732904108508573,-1.7288633527677184,-21.51044471343978,359
13,5,y_dry_ct,n_empty,-0.7354673953847346,0.5063468607330149,-1.4524971959340924,-2.028806395822193,359
13,5,y_dry_ct,n_animals,-0.34418787033944775,1.419103909837188,-0.24253887819880363,-5.549710827394475,359
13,5,y_dry_ct,n_structures,-2.4111178157734794,1.3512456144016023,-1.7843668020645087,-35.59354581636895,359
13,5,y_dry_ct,n_money,-3.3773385888806575,0.9040206078046006,-3.735908849558717,-13.995417161815938,359
13,5,y_dry_ct,n_output_per_day,-1.0246404882089113,0.5101592354422037,-2.008471898623491,-12.676683227997502,359
13,5,y_dry_ct,n_revenue_per_day,-2.0249086193446915,0.6388607855252544,-3.169561609075544,-5.106835128802932,359
13,5,y_dry_ct,n_shed,-1.1907346814713744,0.5403194644879852,-2.203760478256567,-53.34450139936268,359
13,5,y_dry_ct,n_labour,1.9463707579239924,0.5678711607947788,3.4274865362063793,78.60049765928939,359
13,5,y_dry_ct,n_quadrants,-5.035615987577506,0.7071010935492827,-7.12149370650993,-350.05026712657923,359
13,5,y_dry_ct,n_melon_tiles,-1.5424250899093188,0.5727287329715796,-2.6931163063995576,-64.67021308693852,359
14,5,y_dry_ct,n_dry_plants,-0.5887060708503853,0.4859750469540109,-1.2113915612339992,-1.1892644340541372,359
14,5,y_dry_ct,n_unfed,-0.47749907584686146,0.4700034236328783,-1.0159480800289618,-0.6809535777904546,359
14,5,y_dry_ct,n_weeds,-0.16712126659697538,0.5210545379418132,-0.3207366109066265,-0.7271504693722619,359
14,5,y_dry_ct,n_planted,1.7918111540990234,0.49460407191784106,3.622718161521044,41.86292198572992,359
14,5,y_dry_ct,n_empty,1.2070605147219757,0.4811313724127688,2.5087961083660595,3.648768595268365,359
14,5,y_dry_ct,n_animals,-0.05777834327073405,1.2889789237169398,-0.044824893726053035,-0.9528337803058189,359
14,5,y_dry_ct,n_structures,1.0222795234415738,1.2468984499556919,0.8198578829558254,15.296100467414623,359
14,5,y_dry_ct,n_money,2.9860376978957253,0.7965189067217486,3.7488597856206956,14.733064389167128,359
14,5,y_dry_ct,n_output_per_day,0.6902510541848601,0.48722269224956627,1.4167054719842527,8.997670033645795,359
14,5,y_dry_ct,n_revenue_per_day,0.757788810257646,0.592373736087096,1.2792410670722736,1.8874965149125171,359
14,5,y_dry_ct,n_shed,0.2920902258309429,0.5183920737432169,0.5634542668096975,13.085540971499347,359
14,5,y_dry_ct,n_labour,0.33950646160235576,0.5057546283848671,0.6712869097937341,7.447893789116632,359
14,5,y_dry_ct,n_quadrants,3.563515037473647,0.7054084822408523,5.051704263823883,247.71733862441044,359
14,5,y_dry_ct,n_melon_tiles,1.460905776817194,0.5156481496553145,2.833144611870978,61.25230230290264,359
15,5,y_dry_ct,n_dry_plants,2.3129685011383616,0.5162221900829084,4.4805677585593235,3.6096048200568744,359
15,5,y_dry_ct,n_unfed,0.6904328111992963,0.4299259936271308,1.6059340943178693,0.7476820894602193,359
15,5,y_dry_ct,n_weeds,0.29730117929893374,0.5568958177804973,0.5338542143911666,1.1405621529975716,359
15,5,y_dry_ct,n_planted,-0.4828891295230323,0.5260369020069419,-0.9179757687734612,-11.038321287795622,359
15,5,y_dry_ct,n_empty,-1.0165853031390293,0.4745204605885388,-2.1423424015861774,-2.99490754265597,359
15,5,y_dry_ct,n_animals,-0.7772312357449898,1.2003720923295853,-0.6474919241387911,-13.285133789927313,359
15,5,y_dry_ct,n_structures,-0.3145750179918391,1.2771466356248045,-0.24631080661927518,-4.559390793488324,359
15,5,y_dry_ct,n_money,-1.4347894086560904,0.6806493115635658,-2.107971585779082,-8.84200434815972,359
15,5,y_dry_ct,n_output_per_day,-0.6951674096110632,0.4736757746177958,-1.4676017792381018,-9.2756158082122,359
15,5,y_dry_ct,n_revenue_per_day,0.5781439552335332,0.5380079340522342,1.0746011696872155,1.850928552035689,359
15,5,y_dry_ct,n_shed,-1.1205328214178352,0.5116525244643013,-2.190026957437628,-50.19948237863811,359
15,5,y_dry_ct,n_labour,0.24736455964795073,0.47083637057390476,0.5253726668278341,9.345264879240895,359
15,5,y_dry_ct,n_quadrants,-3.758121891408158,0.7847012810491789,-4.789238888948148,-261.2454117285731,359
15,5,y_dry_ct,n_melon_tiles,-0.20578926542258572,0.5024577802292457,-0.4095652879107467,-8.628254125887947,359
16,5,y_dry_ct,n_dry_plants,-1.5595225435512523,0.5286204242566142,-2.9501745902920233,-3.2162976128115575,359
16,5,y_dry_ct,n_unfed,-0.017205126265979396,0.5144785011557597,-0.03344187604988085,-0.016851534923733327,359
16,5,y_dry_ct,n_weeds,1.3930558509329845,0.550071824340192,2.532498101686897,5.952251023723617,359
16,5,y_dry_ct,n_planted,1.7131943434616024,0.57413677197958,2.983948123640711,43.90429538938489,359
16,5,y_dry_ct,n_empty,0.42937195770326003,0.5332330348818242,0.805223850766144,1.3003444504276975,359
16,5,y_dry_ct,n_animals,4.868592732873708,1.4142174371356537,3.44260550395597,86.08218225369917,359
16,5,y_dry_ct,n_structures,-1.4855211611980796,1.5340202078269451,-0.9683843495793526,-22.22068211363799,359
16,5,y_dry_ct,n_money,-3.877624581201532,0.7236015210581647,-5.358784452983261,-25.68861529883357,359
16,5,y_dry_ct,n_output_per_day,1.4967232741433472,0.5359374188597538,2.7927202346269007,20.41732230265854,359
16,5,y_dry_ct,n_revenue_per_day,-1.41389312010369,0.5480143627201811,-2.5800293136215315,-4.462363559041246,359
16,5,y_dry_ct,n_shed,0.15536980487860727,0.5765896202805066,0.26946340935346874,6.9605134567207285,359
16,5,y_dry_ct,n_labour,0.8091361718854755,0.5603546766314988,1.4439714802587087,33.49372151966043,359
16,5,y_dry_ct,n_quadrants,5.158920774161932,0.9153219255923536,5.636181795627063,358.6217852066599,359
16,5,y_dry_ct,n_melon_tiles,0.47713167330823625,0.5685773807557272,0.8391675248741949,20.00499550042022,359
17,5,y_dry_ct,n_dry_plants,-0.021718998163533534,0.41271045553096103,-0.05262526759975481,-0.051382470061584314,359
17,5,y_dry_ct,n_unfed,1.0782987693384305,0.40815737363861737,2.6418701191789724,1.0171865265220739,359
17,5,y_dry_ct,n_weeds,0.20164713518462893,0.4580078597312138,0.4402700322718642,0.9317148661365113,359
17,5,y_dry_ct,n_planted,-0.7373921813880315,0.4905957354894387,-1.503054609009959,-19.718798414262434,359
17,5,y_dry_ct,n_empty,-0.6910886712107266,0.441058847314574,-1.566885406377134,-1.8886057471248794,359
17,5,y_dry_ct,n_animals,-3.2725121548270937,1.0256983618728626,-3.1905209918164306,-57.935162458565685,359
17,5,y_dry_ct,n_structures,1.6096095415947307,1.0795394869442658,1.491014975423341,23.572422077357892,359
17,5,y_dry_ct,n_money,0.8730704737033352,0.5970978798785366,1.4621898739297783,6.2578197698485285,359
17,5,y_dry_ct,n_output_per_day,-0.6817155253833627,0.44316044978479424,-1.538304074098703,-8.716653472556244,359
17,5,y_dry_ct,n_revenue_per_day,-1.0163557972335335,0.47425793814201705,-2.1430443551778455,-3.0617131362422776,359
17,5,y_dry_ct,n_shed,-0.8194703259028298,0.4715382385460735,-1.7378661133178919,-36.711986832232526,359
17,5,y_dry_ct,n_labour,0.14869758197857727,0.5035300270387147,0.29531025756909707,6.558711688902153,359
17,5,y_dry_ct,n_quadrants,-3.9770725048965736,0.6940338893343644,-5.730372199419417,-276.46573848268275,359
17,5,y_dry_ct,n_melon_tiles,-1.3713369480669397,0.5051564294345636,-2.714677807034778,-57.49689448496641,359
18,5,y_dry_ct,n_dry_plants,-0.7925090152494959,0.40355207828303813,-1.9638333139586912,-1.8001511104542414,359
18,5,y_dry_ct,n_unfed,0.06920694197149778,0.3998765361995804,0.1730707748677613,0.07274249711968037,359
18,5,y_dry_ct,n_weeds,0.46708547483409113,0.4309262340665306,1.0839105116120127,2.3716211419048325,359
18,5,y_dry_ct,n_planted,2.896759490302726,0.42835157103238386,6.762574684437722,72.69659967774146,359
18,5,y_dry_ct,n_empty,-1.6230364998655102,0.4520926763878891,-3.59005262556602,-3.3949410958883566,359
18,5,y_dry_ct,n_animals,2.8878479119047364,0.6581442220734723,4.38786487072183,47.7647442544641,359
18,5,y_dry_ct,n_structures,-0.7132104785044818,0.7362356873984609,-0.9687257636541089,-10.593753948642405,359
18,5,y_dry_ct,n_money,-2.774093294380055,0.6108043277932556,-4.5417053680717006,-18.46715870987034,359
18,5,y_dry_ct,n_output_per_day,2.303159670464835,0.4525939353434125,5.088799231737998,27.924624997910673,359
18,5,y_dry_ct,n_revenue_per_day,-0.4623132695052202,0.4245772904990968,-1.0888789387716997,-1.7484794656261347,359
18,5,y_dry_ct,n_shed,0.5643106089325591,0.44976420558626956,1.2546810126808066,25.280919869303215,359
18,5,y_dry_ct,n_labour,0.16757134957924547,0.44867695263056523,0.3734788439584093,5.889733451228069,359
18,5,y_dry_ct,n_quadrants,4.846623587436864,0.6728904566991927,7.202693304957194,336.91248213317834,359
18,5,y_dry_ct,n_melon_tiles,1.0815190641937216,0.4461418687409698,2.4241595330333188,45.34552037344407,359
19,5,y_dry_ct,n_dry_plants,0.8717066620875659,0.4514446884769941,1.9309268318747503,1.674735440734521,359
19,5,y_dry_ct,n_unfed,0.6429642148124489,0.43769713884990824,1.4689705683292786,0.708252661699159,359
19,5,y_dry_ct,n_weeds,0.20779587474902933,0.43950750475089606,0.4727925518969325,0.8267096351061768,359
19,5,y_dry_ct,n_planted,-2.18117751227721,0.45837630093791953,-4.758486657827056,-52.50547003504868,359
19,5,y_dry_ct,n_empty,2.345675463562749,0.4759980049847082,4.927910283233447,5.13050914781509,359
19,5,y_dry_ct,n_animals,-4.346043622511073,0.7471348563540732,-5.816946680441647,-69.55082347568741,359
19,5,y_dry_ct,n_structures,1.9481826415301449,0.800384284046443,2.434059089317526,28.042589621952153,359
19,5,y_dry_ct,n_money,3.376064141197065,0.6915019910645505,4.882218973801791,23.7412781348631,359
19,5,y_dry_ct,n_output_per_day,-1.003083867494994,0.4654250464229797,-2.1551995862796525,-10.989497249378601,359
19,5,y_dry_ct,n_revenue_per_day,0.5266456634090071,0.4603819844592064,1.1439319547389286,1.6864486363875288,359
19,5,y_dry_ct,n_shed,-1.063894852414773,0.5036294481918202,-2.1124556084527475,-47.66212098003712,359
19,5,y_dry_ct,n_labour,-1.3291866469742688,0.5511986431059614,-2.4114476035071593,-58.93663721721872,359
19,5,y_dry_ct,n_quadrants,-4.676593061171114,0.7472824197206432,-6.258133388069488,-325.09282962476067,359
19,5,y_dry_ct,n_melon_tiles,0.19396415513237183,0.5179211698730066,0.37450516876908413,8.132455394884653,359
20,5,y_dry_ct,n_dry_plants,-2.5936408303623395,0.4558618443972697,-5.689532612214109,-5.762736997189618,359
20,5,y_dry_ct,n_unfed,0.453983149418288,0.39406682093910506,1.1520461132363178,0.5000802442813176,359
20,5,y_dry_ct,n_weeds,1.0659310471414907,0.4039532721723199,2.6387483913901355,4.375802032978531,359
20,5,y_dry_ct,n_planted,2.208407235284327,0.4211783281565686,5.243401874332373,48.998272209165414,359
20,5,y_dry_ct,n_empty,-1.6056388830473194,0.43480612348303893,-3.6927697112111915,-3.234601410439383,359
20,5,y_dry_ct,n_animals,3.251737134414191,0.7109754031835215,4.5736281731462824,49.533314304288965,359
20,5,y_dry_ct,n_structures,-1.2275630090960536,0.7517449511490338,-1.6329514514460486,-16.89506618905552,359
20,5,y_dry_ct,n_money,-2.663370620099198,0.6308662031491746,-4.221767796093869,-19.015865151356742,359
20,5,y_dry_ct,n_output_per_day,2.235315621764749,0.4637460701622625,4.820128440080631,24.67162524032127,359
20,5,y_dry_ct,n_revenue_per_day,-0.4427313022020057,0.4084077935584888,-1.0840422469523745,-1.4399255739520007,359
20,5,y_dry_ct,n_shed,0.2978457387282129,0.44566170524618876,0.6683224859171587,13.34338595626378,359
20,5,y_dry_ct,n_labour,0.2771738786374265,0.47422772433552385,0.5844742186378826,10.509071390539894,359
20,5,y_dry_ct,n_quadrants,3.035169238218855,0.6921394777665988,4.385198844621265,210.9894410602201,359
20,5,y_dry_ct,n_melon_tiles,1.051781791900864,0.4376747644613639,2.403112715889086,44.09870732016544,359
21,5,y_dry_ct,n_dry_plants,0.6463423354052199,0.5439295812317932,1.188283111834993,1.4292009734331768,359
21,5,y_dry_ct,n_unfed,1.512959374534583,0.5015478468504476,3.0165803403114198,1.4750836982749045,359
21,5,y_dry_ct,n_weeds,-0.09846469556131625,0.4956972025477849,-0.19863879613446944,-0.2874472188228893,359
21,5,y_dry_ct,n_planted,-0.7759907281301544,0.4926549737946443,-1.5751200523829771,-17.762241473529333,359
21,5,y_dry_ct,n_empty,0.3579895926243291,0.5359321552534706,0.6679755807057648,0.7094641883770286,359
21,5,y_dry_ct,n_animals,-2.8297252087758435,0.5144541849423522,-5.5004416167650225,-41.65000947906038,359
21,5,y_dry_ct,n_structures,-3.1695648875142544,0.7593350926711275,-4.174131971649849,-37.30152130999765,359
21,5,y_dry_ct,n_money,3.123211094495042,0.7589096058274164,4.115392756282085,23.399502795086644,359
21,5,y_dry_ct,n_output_per_day,-0.5413962243879153,0.5385553386056311,-1.0052750118300555,-6.0282208200065694,359
21,5,y_dry_ct,n_revenue_per_day,-0.14699415600427487,0.5012624225330028,-0.29324790647876037,-0.40713567287346525,359
21,5,y_dry_ct,n_shed,-0.8255112431698455,0.5516819555893879,-1.4963535326942363,-36.98261783393104,359
21,5,y_dry_ct,n_labour,-0.6849644646822175,0.5789464998973828,-1.1831222138895843,-28.98585301219913,359
21,5,y_dry_ct,n_quadrants,-2.994211977583901,0.8961726157519817,-3.3411107692366238,-208.14230179038552,359
21,5,y_dry_ct,n_melon_tiles,0.4027517984521063,0.5354506996576023,0.7521734469852197,16.886424369935987,359
22,5,y_dry_ct,n_dry_plants,0.7462421143003823,0.42425783015027263,1.7589353955731648,1.51795269946621,359
22,5,y_dry_ct,n_unfed,-0.23367640050888086,0.41835825843995633,-0.5585557253733969,-0.24093876382923649,359
22,5,y_dry_ct,n_weeds,0.8462158449667699,0.4300182900457073,1.967860122593447,2.3590027624201557,359
22,5,y_dry_ct,n_planted,1.23564422044721,0.44326014506569456,2.787627613721234,26.554489753355202,359
22,5,y_dry_ct,n_empty,-0.8704331040650297,0.4425669138906823,-1.966783048495202,-1.7626430104804642,359
22,5,y_dry_ct,n_animals,-0.4189851428294274,0.44645294461372154,-0.9384754829916964,-5.675161450913055,359
22,5,y_dry_ct,n_structures,-4.144102194763781,0.673553407914182,-6.15259628423079,-48.77051640044522,359
22,5,y_dry_ct,n_money,0.018899855295526458,0.6363088974463744,0.029702327550934902,0.1451576984918251,359
22,5,y_dry_ct,n_output_per_day,2.340613607167445,0.5773686731871982,4.05393246267893,21.235082293112455,359
22,5,y_dry_ct,n_revenue_per_day,0.2644247388437963,0.438394406616651,0.6031663152012327,0.7978951788424219,359
22,5,y_dry_ct,n_shed,0.31378347402702095,0.48020483423484644,0.6534367246156536,14.057390978691926,359
22,5,y_dry_ct,n_labour,0.14975795168533912,0.4460194436281557,0.3357655228371425,4.548092143068378,359
22,5,y_dry_ct,n_quadrants,2.570954316711138,0.7298865986386536,3.52240241361651,178.71959409834048,359
22,5,y_dry_ct,n_melon_tiles,-1.4644853990289606,0.4411399993756166,-3.3197746772040007,-61.40238734283109,359
23,5,y_dry_ct,n_dry_plants,0.8297434058257573,0.5513033276024023,1.5050578588637957,3.405747702436933,359
23,5,y_dry_ct,n_unfed,0.5887236810781241,0.4246598307273083,1.3863418163894292,0.5843232812752808,359
23,5,y_dry_ct,n_weeds,-0.46719790127899546,0.43218252317278344,-1.0810198844903618,-1.2662070884234369,359
23,5,y_dry_ct,n_planted,1.778203606994122,0.4298712985710461,4.1365953319170785,42.46711642592437,359
23,5,y_dry_ct,n_empty,-0.760363353878649,0.453830736634844,-1.6754337961257209,-1.3863942981114508,359
23,5,y_dry_ct,n_animals,0.2649002755012313,0.4934435241117181,0.5368401094696635,3.5445809606812766,359
23,5,y_dry_ct,n_structures,1.4727423412066594,0.6704311086247702,2.1967094340649553,17.332199142242352,359
23,5,y_dry_ct,n_money,1.369917027465079,0.6245639518163902,2.1933975271563675,10.652641883880493,359
23,5,y_dry_ct,n_output_per_day,3.012567938530446,0.5531392046384295,5.446310645255513,28.287756718730698,359
23,5,y_dry_ct,n_revenue_per_day,-0.5755404359434979,0.47803832801709284,-1.2039629506923528,-1.412961113171799,359
23,5,y_dry_ct,n_shed,0.8542744670497131,0.475681447518915,1.7958961223009307,38.271200303548696,359
23,5,y_dry_ct,n_labour,0.41762299641340506,0.4469324326774224,0.9344208785913469,12.712104063209479,359
23,5,y_dry_ct,n_quadrants,-0.4546587420020913,0.7957614228753158,-0.5713505693192288,-31.605550240901266,359
23,5,y_dry_ct,n_melon_tiles,-0.964597437025504,0.44385964359681723,-2.1732037389317203,-40.44327481681561,359
0,5,y_unfed_ct,n_dry_plants,-0.35167430182456944,0.11816480688594118,-2.9761340207158615,-1.6291288620311948,359
0,5,y_unfed_ct,n_unfed,0.007215261147474549,0.07857417993383987,0.09182738087180624,0.020006958138376326,359
0,5,y_unfed_ct,n_weeds,-0.27886174023231475,0.071008317791079,-3.9271700683402058,-1.1253783787657485,359
0,5,y_unfed_ct,n_planted,-0.0235411905020471,0.08205843052352685,-0.28688326539827785,-0.3800250223364067,359
0,5,y_unfed_ct,n_empty,-0.7291831627770213,0.09142531620121469,-7.975724810972361,-0.3471441306098063,359
0,5,y_unfed_ct,n_animals,0.43905897046319703,0.4679907272140189,0.9381787820390062,3.633042743732354,359
0,5,y_unfed_ct,n_structures,-0.47593872657473657,0.42700458434240435,-1.1145986343628882,-5.601159522404901,359
0,5,y_unfed_ct,n_money,0.33767728944390546,0.07778243795101636,4.341305034133263,0.6630676193996212,359
0,5,y_unfed_ct,n_output_per_day,-0.5163700392257932,0.10256232480861222,-5.034695149406688,-5.677247185286241,359
0,5,y_unfed_ct,n_revenue_per_day,-0.14352099814658872,0.06192408111942035,-2.31769281920888,-0.9913287404587363,359
0,5,y_unfed_ct,n_shed,0.005287284857674581,0.06939995734761402,0.07618570759620732,0.23686853072972436,359
0,5,y_unfed_ct,n_labour,0.14657566129482197,0.06708302421076519,2.1849888704227522,4.589254422101086,359
0,5,y_unfed_ct,n_quadrants,0.08191545258708925,0.16453567230330912,0.49785831510193296,5.694343280075998,359
0,5,y_unfed_ct,n_melon_tiles,0.27922670775763436,0.07338678709350133,3.804863502225197,1.5888030646185944,359
1,5,y_unfed_ct,n_dry_plants,0.4065373719905976,0.25951301013665123,1.5665394647325313,1.8832816693401155,359
1,5,y_unfed_ct,n_unfed,-2.0197597793667526,0.21898246235173865,-9.223386008522139,-1.1341227205545332,359
1,5,y_unfed_ct,n_weeds,-0.12223949170643952,0.1524948492540379,-0.8015975116825316,-0.4933114197850826,359
1,5,y_unfed_ct,n_planted,-0.6752138293360357,0.1832259527263979,-3.6851429575825345,-8.18643463708055,359
1,5,y_unfed_ct,n_empty,0.2986983393394631,0.1645424148899761,1.815327309613102,0.6595554069178242,359
1,5,y_unfed_ct,n_animals,-0.22626835789592903,0.2361790216013833,-0.9580374936001673,-2.4919770210230454,359
1,5,y_unfed_ct,n_structures,0.8162134647255233,0.25887766058277767,3.1528926168758162,10.384999046086538,359
1,5,y_unfed_ct,n_money,-0.21459502601284478,0.18660286763810705,-1.1500092615351711,-0.36609256192845724,359
1,5,y_unfed_ct,n_output_per_day,0.9203850143948441,0.20148382382812852,4.568034281401959,11.293808055456468,359
1,5,y_unfed_ct,n_revenue_per_day,0.18886391722582677,0.15393917058752435,1.2268736833192526,1.0878504438621426,359
1,5,y_unfed_ct,n_shed,0.23819288916707182,0.1487002973659295,1.6018319625879043,6.781359279915139,359
1,5,y_unfed_ct,n_labour,-0.052160299762319375,0.14118963997474282,-0.36943432798362713,-0.5997659320522357,359
1,5,y_unfed_ct,n_quadrants,0.9996634179034115,0.26607254142575076,3.7571085409516938,69.49148770220287,359
1,5,y_unfed_ct,n_melon_tiles,-0.7053870757887072,0.15184492923227882,-4.645443738919124,-4.225050140609837,359
2,5,y_unfed_ct,n_dry_plants,-0.5151705090168656,0.1075457606280427,-4.7902446921978825,-1.8687339147192557,359
2,5,y_unfed_ct,n_unfed,-0.07128156207733982,0.10043487784126913,-0.7097291658978842,-0.10414854805721185,359
2,5,y_unfed_ct,n_weeds,0.15499047254584236,0.09750868995260058,1.5895042033810929,0.6329398614993904,359
2,5,y_unfed_ct,n_planted,-0.09856707370664637,0.14370480762230106,-0.6858996253327163,-1.133153449018143,359
2,5,y_unfed_ct,n_empty,0.3008379123272424,0.10285458498814114,2.9248857730739783,0.5565375881194713,359
2,5,y_unfed_ct,n_animals,-0.38274706432345496,0.21457131569735854,-1.7837755390534091,-3.6538963594240697,359
2,5,y_unfed_ct,n_structures,-0.7816747726952832,0.21273823101485648,-3.674350251792285,-10.095581525585002,359
2,5,y_unfed_ct,n_money,-0.26315906213776596,0.09000259674926796,-2.923905216544837,-0.6449084297251093,359
2,5,y_unfed_ct,n_output_per_day,-0.45748895042704235,0.1343901602492225,-3.4041848717096763,-5.5305540657202625,359
2,5,y_unfed_ct,n_revenue_per_day,-0.1633092735607982,0.09495318487957007,-1.7198925319664078,-1.1209584711307095,359
2,5,y_unfed_ct,n_shed,-0.17899311801422,0.11357965420500196,-1.5759258933043774,-3.0738043044191548,359
2,5,y_unfed_ct,n_labour,-0.15554156895479954,0.10685576601133633,-1.4556216735959586,-3.4812378603621514,359
2,5,y_unfed_ct,n_quadrants,-0.7275190061799915,0.15849869498734911,-4.590063067951821,-50.57340017213728,359
2,5,y_unfed_ct,n_melon_tiles,0.20270849418620543,0.09723017587055596,2.084831096634798,1.3394062018802653,359
3,5,y_unfed_ct,n_dry_plants,0.028756258831072322,0.16198638323786263,0.17752269207002608,0.09675735783697223,359
3,5,y_unfed_ct,n_unfed,0.8420639874359682,0.2548154599700788,3.304603211810013,0.47128338352512117,359
3,5,y_unfed_ct,n_weeds,-0.25071081477590335,0.13887198722497088,-1.8053375614893086,-1.0238362769926037,359
3,5,y_unfed_ct,n_planted,-1.6582777807552087,0.20010331589122587,-8.287107954056252,-15.560769905657498,359
3,5,y_unfed_ct,n_empty,0.7207097283314093,0.17132433238510306,4.206698011298227,1.2532950545027404,359
3,5,y_unfed_ct,n_animals,1.34819552542364,0.43210051666878774,3.1200969992291268,7.741953510220346,359
3,5,y_unfed_ct,n_structures,0.8307155907925843,0.41183019897831813,2.017131314928946,5.343225728965966,359
3,5,y_unfed_ct,n_money,-0.23140417395340737,0.151055944890157,-1.5319104065826539,-0.5400118029478875,359
3,5,y_unfed_ct,n_output_per_day,0.35706635035704687,0.18418870756289393,1.9385898032599058,4.279802521819499,359
3,5,y_unfed_ct,n_revenue_per_day,-0.051953780951029795,0.13809864555145798,-0.37620775166597054,-0.34481868330189813,359
3,5,y_unfed_ct,n_shed,0.23096237663250804,0.14656636278611623,1.5758211655258896,7.512904129713127,359
3,5,y_unfed_ct,n_labour,-0.24925578296143036,0.13294856031492372,-1.8748287485851844,-4.880031488494471,359
3,5,y_unfed_ct,n_quadrants,1.4516819912232994,0.23637914257005993,6.14132861063678,100.91350692033663,359
3,5,y_unfed_ct,n_melon_tiles,0.48146736719269234,0.14789001382457478,3.255577268143356,3.338584161895997,359
4,5,y_unfed_ct,n_dry_plants,-0.2721021162628906,0.17843797686015075,-1.5249114625198217,-0.9760004246071491,359
4,5,y_unfed_ct,n_unfed,-0.2766437326846368,0.22571363761380348,-1.225640309594296,-0.17484535948498026,359
4,5,y_unfed_ct,n_weeds,0.020609682324044722,0.13563844747873094,0.15194572561940053,0.08439227483339319,359
4,5,y_unfed_ct,n_planted,-1.3101820481397919,0.24494420195492864,-5.348900025732694,-11.193993087623626,359
4,5,y_unfed_ct,n_empty,0.11376291082274094,0.1436941196020579,0.7917019230695902,0.19384479320346243,359
4,5,y_unfed_ct,n_animals,0.6563814372719233,0.6096032387778717,1.0767354822258364,3.0729128187179153,359
4,5,y_unfed_ct,n_structures,1.4470601489914463,0.6464192800357166,2.238578262875284,6.507078349086765,359
4,5,y_unfed_ct,n_money,-0.009813618116061606,0.16498964411918365,-0.059480206581769085,-0.017867488961518203,359
4,5,y_unfed_ct,n_output_per_day,0.2517515409701266,0.14690368795490122,1.713718317591953,2.895590328593861,359
4,5,y_unfed_ct,n_revenue_per_day,0.24378340891776393,0.17191023405528785,1.418085492451607,1.144945342796503,359
4,5,y_unfed_ct,n_shed,-0.4173243753707629,0.26445142572872044,-1.5780757249494377,-1.4679818958415969,359
4,5,y_unfed_ct,n_labour,0.11783782657190069,0.17122990486550277,0.688184851030897,0.8995585174584083,359
4,5,y_unfed_ct,n_quadrants,1.3099071400041382,0.26048589318788223,5.028706637327702,91.05804441812681,359
4,5,y_unfed_ct,n_melon_tiles,-0.39380188872450844,0.13675075750632376,-2.8797053552430807,-16.51117595561809,359
5,5,y_unfed_ct,n_dry_plants,-0.16115915162207411,0.17609336316159263,-0.9151915139140475,-0.7564822627753608,359
5,5,y_unfed_ct,n_unfed,-0.2477841092267225,0.12351075825222343,-2.006174302004675,-0.19990610362846647,359
5,5,y_unfed_ct,n_weeds,0.15639009048858962,0.11976119187811889,1.3058494829255543,0.6367882823350929,359
5,5,y_unfed_ct,n_planted,-0.11188980373385272,0.133712152991336,-0.8367960670044909,-1.969190342510895,359
5,5,y_unfed_ct,n_empty,-0.14702888676797538,0.11428817811674859,-1.2864750247202403,-0.2999661736032747,359
5,5,y_unfed_ct,n_animals,0.9367436494608581,0.976059747316481,0.9597195786797722,3.001257143731544,359
5,5,y_unfed_ct,n_structures,-0.014974201238187611,1.0240507543525075,-0.014622518634494423,-0.04568527516200606,359
5,5,y_unfed_ct,n_money,0.05824795017643172,0.14451506621106766,0.40305797660819126,0.11720643737064647,359
5,5,y_unfed_ct,n_output_per_day,0.41366253434443434,0.13718207159948012,3.0154270854880574,4.592378694656745,359
5,5,y_unfed_ct,n_revenue_per_day,0.10214477261621736,0.11909103099587426,0.8577033195703547,0.5445931977700861,359
5,5,y_unfed_ct,n_shed,-0.032394969230028936,0.11170196825793116,-0.2900125193427717,-0.3791021920506454,359
5,5,y_unfed_ct,n_labour,0.23681491861148687,0.11376596106803817,2.0815973107268775,5.396302583169704,359
5,5,y_unfed_ct,n_quadrants,0.5504215525591644,0.19528290858132344,2.818585387517143,38.262491020140835,359
5,5,y_unfed_ct,n_melon_tiles,0.0602114421309048,0.11482790815198818,0.5243624402807017,2.5245224668294313,359
6,5,y_unfed_ct,n_dry_plants,0.10753282903760253,0.18665517684581734,0.5761041877045168,0.36062744110633216,359
6,5,y_unfed_ct,n_unfed,0.1088527079339682,0.16774495033325013,0.6489179418976023,0.20093842247863009,359
6,5,y_unfed_ct,n_weeds,0.012390263793870124,0.16503050145736536,0.07507862900768725,0.05012811778312423,359
6,5,y_unfed_ct,n_planted,0.8360260279842183,0.25314294190064196,3.302584783550302,15.608149361843742,359
6,5,y_unfed_ct,n_empty,0.34197024638017315,0.25678193333966287,1.3317535308367117,0.3014212382535381,359
6,5,y_unfed_ct,n_animals,0.8746444658315032,0.3065959976533945,2.8527589157255897,10.097398720342053,359
6,5,y_unfed_ct,n_structures,-0.8599975005463278,0.3330439446204157,-2.582234310029277,-10.148958770378673,359
6,5,y_unfed_ct,n_money,-0.004189804527913782,0.189203019443117,-0.022144490823907955,-0.008616095742953411,359
6,5,y_unfed_ct,n_output_per_day,-0.8936450830969445,0.23036862952131618,-3.8791960735012094,-9.365294769013984,359
6,5,y_unfed_ct,n_revenue_per_day,-0.586522231579909,0.22790957905832193,-2.573486529189799,-2.475075174023,359
6,5,y_unfed_ct,n_shed,-0.17301116805612818,0.20516690185918235,-0.8432703642173022,-0.7804154510063943,359
6,5,y_unfed_ct,n_labour,0.5097540556516793,0.21734812397886222,2.3453345090811757,5.7463440678537765,359
6,5,y_unfed_ct,n_quadrants,-1.6053964473729523,0.35197884344390246,-4.5610594991025835,-111.59894968824084,359
6,5,y_unfed_ct,n_melon_tiles,-0.5025016536262095,0.20387875284018994,-2.4647082966026117,-21.06869839523712,359
7,5,y_unfed_ct,n_dry_plants,0.09913072920117406,0.17765651680688757,0.5579909534584034,0.23061318391644853,359
7,5,y_unfed_ct,n_unfed,1.0867907273007065,0.19938697356894458,5.450660631673177,0.7024450601348984,359
7,5,y_unfed_ct,n_weeds,-0.155198326469645,0.16218886586770184,-0.9568987713141847,-0.6182962256831048,359
7,5,y_unfed_ct,n_planted,-0.1213203950028812,0.16282807804923585,-0.7450827673971342,-3.3414641427248175,359
7,5,y_unfed_ct,n_empty,-0.07821922644876331,0.15278024061647466,-0.5119721381059845,-0.14762142699590694,359
7,5,y_unfed_ct,n_animals,-0.11078874423297437,0.33558392368591294,-0.3301372217599619,-0.8264543326858419,359
7,5,y_unfed_ct,n_structures,1.1005973663336055,0.2688066253875089,4.094383331314828,10.921387085269233,359
7,5,y_unfed_ct,n_money,-0.14887100490600635,0.1665543617994914,-0.8938283170585867,-0.30385323026790567,359
7,5,y_unfed_ct,n_output_per_day,0.39548475542715217,0.17721601959317568,2.231653528473572,4.287077398435531,359
7,5,y_unfed_ct,n_revenue_per_day,-0.04447014245672543,0.16212426484675158,-0.2742966483071548,-0.28448730151100066,359
7,5,y_unfed_ct,n_shed,0.07432847642272011,0.1649019603655268,0.45074343723968663,0.41856676788576613,359
7,5,y_unfed_ct,n_labour,-0.16206438717928057,0.18961559793503543,-0.8546996604931508,-5.624648669101055,359
7,5,y_unfed_ct,n_quadrants,0.7844472426907025,0.25533605829022454,3.072214899624832,54.53075999599592,359
7,5,y_unfed_ct,n_melon_tiles,0.2680220705538586,0.18461691124835816,1.451774210398844,11.237527532529661,359
8,5,y_unfed_ct,n_dry_plants,0.8606486241049383,0.18474498685180057,4.658576336879639,2.0540354672498777,359
8,5,y_unfed_ct,n_unfed,0.2862235864718306,0.2510503447541684,1.1401043354555211,0.2265432081288454,359
8,5,y_unfed_ct,n_weeds,0.3406834417826536,0.175768315624726,1.938252867542006,1.1495338683229082,359
8,5,y_unfed_ct,n_planted,-0.2205636780511809,0.2003478207581607,-1.100903804276577,-5.046375091117299,359
8,5,y_unfed_ct,n_empty,1.3659011614574534,0.2508423773921099,5.4452568009364475,1.025042231753784,359
8,5,y_unfed_ct,n_animals,0.006713705583525944,0.46135371457702035,0.014552187121070918,0.07236850635253027,359
8,5,y_unfed_ct,n_structures,0.3840721827425329,0.48438818943272727,0.7929016254346011,4.302667537829538,359
8,5,y_unfed_ct,n_money,0.2338156494432979,0.228566539437543,1.0229653475030596,0.43144410514869985,359
8,5,y_unfed_ct,n_output_per_day,0.4417571794256728,0.20718309450943154,2.1322066864174714,4.901099990926276,359
8,5,y_unfed_ct,n_revenue_per_day,-0.29337096172114174,0.2096337938969848,-1.3994449857893896,-1.2807941933960183,359
8,5,y_unfed_ct,n_shed,0.44044526066854,0.2008660633845345,2.1927310828278608,1.8041010896633494,359
8,5,y_unfed_ct,n_labour,0.09772067871587413,0.24407618626520639,0.40036957398905587,1.3526916678845162,359
8,5,y_unfed_ct,n_quadrants,-0.0045225696454304345,0.20486210574681293,-0.022076164983971382,-0.09416844292679613,359
8,5,y_unfed_ct,n_melon_tiles,-0.5753030386562134,0.21027456305655962,-2.735961165694913,-24.121087204078012,359
9,5,y_unfed_ct,n_dry_plants,-0.0228654793386608,0.18294734719451106,-0.12498393493702886,-0.06772535628915091,359
9,5,y_unfed_ct,n_unfed,-0.9248507918370803,0.21630584397399813,-4.275662528786118,-0.672963465650864,359
9,5,y_unfed_ct,n_weeds,-0.43373463614168917,0.1686256015737271,-2.572175470947394,-1.4462534987231535,359
9,5,y_unfed_ct,n_planted,-0.39472832305743344,0.5559233972214441,-0.7100408528051196,-2.7953665898423217,359
9,5,y_unfed_ct,n_empty,-0.588423568239935,0.23988726328826726,-2.4529170918626026,-0.5426869741434523,359
9,5,y_unfed_ct,n_animals,0.3109070023209189,0.4070131399920291,0.763874606915658,4.16617767324156,359
9,5,y_unfed_ct,n_structures,0.421899993199899,0.42276003251599414,0.9979656560461103,5.871793261630381,359
9,5,y_unfed_ct,n_money,0.35190227290683174,0.22727649758299542,1.5483443147407983,0.5308325596426577,359
9,5,y_unfed_ct,n_output_per_day,0.25570448801056894,0.18319396002342156,1.3958128749325405,2.9802764238365147,359
9,5,y_unfed_ct,n_revenue_per_day,-0.5001283946112383,0.21718780423151857,-2.302746217177599,-1.7424898588582343,359
9,5,y_unfed_ct,n_shed,-0.4791210044404753,0.1734704105847278,-2.7619753871883477,-3.1720107350946787,359
9,5,y_unfed_ct,n_labour,-0.21064575747752373,0.21142938143825732,-0.9962936846553542,-9.02971901178241,359
9,5,y_unfed_ct,n_quadrants,-0.07167849510653283,0.650048781223554,-0.11026633258448085,-0.38729131174162224,359
9,5,y_unfed_ct,n_melon_tiles,0.14066909397574953,0.18644474318918922,0.754481416689822,5.897920321493949,359
10,5,y_unfed_ct,n_dry_plants,-0.4976266662934815,0.1713709474796662,-2.903798301941038,-0.8501165073074919,359
10,5,y_unfed_ct,n_unfed,-0.18322762194825995,0.20458844846238153,-0.8955912385344216,-0.14542510058655797,359
10,5,y_unfed_ct,n_weeds,-0.09433198591999037,0.1685451315872675,-0.5596838367956547,-0.28580073707717873,359
10,5,y_unfed_ct,n_planted,-0.6206709571070504,0.5608320503789666,-1.1066966602348234,-2.7624589094170235,359
10,5,y_unfed_ct,n_empty,-0.06337252293585952,0.24392360775979693,-0.25980479510726745,-0.06714632723040957,359
10,5,y_unfed_ct,n_animals,-0.47179843413147143,0.46632740998047517,-1.0117321522044465,-6.703549369367342,359
10,5,y_unfed_ct,n_structures,0.35050977201975186,0.4479912314455907,0.7824031976891982,4.266691198741749,359
10,5,y_unfed_ct,n_money,-0.019992703931293446,0.23996194033649543,-0.0833161454823125,-0.05993339231875128,359
10,5,y_unfed_ct,n_output_per_day,-0.29218773709990287,0.349915087735819,-0.8350246883909749,-1.6036071492408244,359
10,5,y_unfed_ct,n_revenue_per_day,-0.0032129460751753216,0.2011787317762356,-0.01597060507742426,-0.008598495419856508,359
10,5,y_unfed_ct,n_shed,-0.4191707608428538,0.1679938586440319,-2.4951552647591093,-1.3187490937243538,359
10,5,y_unfed_ct,n_labour,-0.00020691517752600549,0.16941058170928913,-0.0012213828406603003,-0.003258520073333503,359
10,5,y_unfed_ct,n_quadrants,1.0974955270316467,0.5226648079820736,2.0998075827391247,6.508672921188607,359
10,5,y_unfed_ct,n_melon_tiles,0.0074296307270061476,0.17253730945698986,0.043061009531148435,0.3115067340489134,359
11,5,y_unfed_ct,n_dry_plants,0.480811992665942,0.19957813848631956,2.4091415839059955,1.0836932908921957,359
11,5,y_unfed_ct,n_unfed,-0.003595789365875449,0.18840324576174206,-0.01908560200933452,-0.0042406623126920815,359
11,5,y_unfed_ct,n_weeds,-0.7302624583996321,0.21952716436490827,-3.3265243529759982,-2.5330663551089856,359
11,5,y_unfed_ct,n_planted,0.7064712296771215,0.196685721674177,3.5918785749350843,12.494093499814744,359
11,5,y_unfed_ct,n_empty,-0.9076713551971861,0.2759592461145598,-3.28915000304205,-1.2155635859058587,359
11,5,y_unfed_ct,n_animals,0.40810092949022814,0.46887033944657447,0.8703918656316055,6.073522899719344,359
11,5,y_unfed_ct,n_structures,-0.43518025479507183,0.4624518358691034,-0.9410282780632084,-5.828792549754921,359
11,5,y_unfed_ct,n_money,-0.39005542683234257,0.3174027419959642,-1.2288974707008113,-1.4091167162629004,359
11,5,y_unfed_ct,n_output_per_day,-0.7784421076705424,0.2213674507335871,-3.516515662491807,-6.857479228466608,359
11,5,y_unfed_ct,n_revenue_per_day,0.015320952713177976,0.18230726307024792,0.08403917899460976,0.047747076206056914,359
11,5,y_unfed_ct,n_shed,0.2232052615702844,0.19300934793575,1.156447933519708,9.999518426277895,359
11,5,y_unfed_ct,n_labour,0.01942026079790037,0.21243756902994157,0.09141632003500859,0.36705917235482777,359
11,5,y_unfed_ct,n_quadrants,0.37651907678797186,0.2080094585416036,1.8101055568714197,12.041376209738141,359
11,5,y_unfed_ct,n_melon_tiles,-0.17107727641846576,0.2386282674442073,-0.716919576422205,-7.172863040606859,359
12,5,y_unfed_ct,n_dry_plants,-0.02330295561724725,0.16754384429223598,-0.1390857164325381,-0.05038423051643603,359
12,5,y_unfed_ct,n_unfed,0.37960871723053763,0.21633521979919684,1.7547245315991167,0.27280614218255506,359
12,5,y_unfed_ct,n_weeds,-0.2000612049390283,0.19243380115040903,-1.0396365074275988,-0.6893508696141151,359
12,5,y_unfed_ct,n_planted,0.20708816310183306,0.19436221004169335,1.0654754494580496,4.0437606674873114,359
12,5,y_unfed_ct,n_empty,0.12510883564358677,0.18067956578134117,0.6924348921393456,0.28099012533585555,359
12,5,y_unfed_ct,n_animals,-0.24039246757826438,0.44852165056556204,-0.5359662510720323,-3.750122480492308,359
12,5,y_unfed_ct,n_structures,0.6285312950252679,0.4256289421811124,1.4767118321521875,8.81188449131367,359
12,5,y_unfed_ct,n_money,-1.0892803590255487,0.24159171023108017,-4.5087654621247655,-4.405285707561183,359
12,5,y_unfed_ct,n_output_per_day,0.04364012048371003,0.17168471721963216,0.25418756654899144,0.4918720985086773,359
12,5,y_unfed_ct,n_revenue_per_day,0.10182702758879643,0.16916994818842326,0.6019214918442868,0.3739507074627787,359
12,5,y_unfed_ct,n_shed,0.16802866156615362,0.16269176815374495,1.0328037089581894,6.219364552416533,359
12,5,y_unfed_ct,n_labour,0.23140364755303883,0.19892960739174229,1.1632438759975383,4.265633918224651,359
12,5,y_unfed_ct,n_quadrants,-0.23901067969527934,0.18805999011109314,-1.2709278542133708,-7.643749519700351,359
12,5,y_unfed_ct,n_melon_tiles,-0.6214569140804406,0.20047341645052463,-3.0999467414863533,-26.056209355552006,359
13,5,y_unfed_ct,n_dry_plants,-0.007921720732476482,0.18358685189020982,-0.04314971715520182,-0.019151591190045864,359
13,5,y_unfed_ct,n_unfed,-0.12157885308031993,0.191743448084127,-0.6340704430587766,-0.12218250039850014,359
13,5,y_unfed_ct,n_weeds,-0.4443527320016501,0.22969132732222547,-1.9345646924591284,-1.8484590401803744,359
13,5,y_unfed_ct,n_planted,0.595505820469574,0.21690397549696286,2.745481354618659,12.924092382021106,359
13,5,y_unfed_ct,n_empty,-0.03700801750146255,0.1915759360258515,-0.1931767541851845,-0.10208760180917367,359
13,5,y_unfed_ct,n_animals,0.9245319527576387,0.5369168467864831,1.7219276286283103,14.907221987314665,359
13,5,y_unfed_ct,n_structures,-1.2372231920634251,0.5112427141447371,-2.420030951704002,-18.264209274094213,359
13,5,y_unfed_ct,n_money,1.0290806374983088,0.34203548507461545,3.0086955371715702,4.2644266886222,359
13,5,y_unfed_ct,n_output_per_day,-0.49481121011194423,0.1930183449949459,-2.563544983897259,-6.121722731468263,359
13,5,y_unfed_ct,n_revenue_per_day,0.060679855422471764,0.24171247512037994,0.25104147145177924,0.15303506258097072,359
13,5,y_unfed_ct,n_shed,0.6342208623049329,0.20442944390417023,3.102394890836932,28.41287501168986,359
13,5,y_unfed_ct,n_labour,-0.014561864248352695,0.21485360650573732,-0.06777574966126457,-0.5880533151804742,359
13,5,y_unfed_ct,n_quadrants,0.2206166023097179,0.2675311419241401,0.8246389587507346,15.336137775713661,359
13,5,y_unfed_ct,n_melon_tiles,0.2620084212414999,0.2166914651136421,1.2091312461434127,10.985389529196725,359
14,5,y_unfed_ct,n_dry_plants,0.26815806575009277,0.18951664875282523,1.4149578283216406,0.5417149000020839,359
14,5,y_unfed_ct,n_unfed,0.2372989555727768,0.18328816326589453,1.2946769248188128,0.33840813726526214,359
14,5,y_unfed_ct,n_weeds,-0.1354706838657663,0.20319666712749776,-0.6666973714719635,-0.5894376781904793,359
14,5,y_unfed_ct,n_planted,-0.24766602191624296,0.19288172665836698,-1.2840305103391685,-5.786337098235729,359
14,5,y_unfed_ct,n_empty,0.062285129964374394,0.18762775142680174,0.331961181065869,0.18827890018303184,359
14,5,y_unfed_ct,n_animals,-0.36499858022055326,0.502665656327361,-0.726125955943264,-6.01926184293979,359
14,5,y_unfed_ct,n_structures,0.3031780788478413,0.4862554508751506,0.6234954863789987,4.536374100463313,359
14,5,y_unfed_ct,n_money,-0.11387005755540996,0.3106200510012094,-0.3665895269425689,-0.5618331245932605,359
14,5,y_unfed_ct,n_output_per_day,0.07037948697015398,0.19000319545255373,0.3704121228199483,0.917421852607739,359
14,5,y_unfed_ct,n_revenue_per_day,-0.15525072572745874,0.23100915566770008,-0.6720544269283525,-0.38669771812622344,359
14,5,y_unfed_ct,n_shed,0.045009868141497475,0.20215838070619907,0.2226465605050094,2.0164265066104594,359
14,5,y_unfed_ct,n_labour,-0.09524999538363732,0.1972301311836715,-0.4829383563859992,-2.0895385780965583,359
14,5,y_unfed_ct,n_quadrants,-0.11265244152735322,0.27508953884365644,-0.409511906562822,-7.831021536668435,359
14,5,y_unfed_ct,n_melon_tiles,-0.04126656162465119,0.2010883272110026,-0.20521609681177597,-1.730208715541816,359
15,5,y_unfed_ct,n_dry_plants,-0.06701890764060153,0.23592972622560343,-0.28406300771322024,-0.10458930674386673,359
15,5,y_unfed_ct,n_unfed,0.36119422558294617,0.19648965875997865,1.8382352937167137,0.3911437129062939,359
15,5,y_unfed_ct,n_weeds,-0.57849834905429,0.25451884934282765,-2.2729096510847167,-2.2193431053950348,359
15,5,y_unfed_ct,n_planted,-0.023494350959735646,0.24041535730017713,-0.09772400242469176,-0.5370553580237963,359
15,5,y_unfed_ct,n_empty,0.15278445400207422,0.21687072835269017,0.7044955082808851,0.4501101012167669,359
15,5,y_unfed_ct,n_animals,0.382121322906831,0.5486076820267832,0.6965292966644526,6.53156057725256,359
15,5,y_unfed_ct,n_structures,-0.8576114875696413,0.5836960554611521,-1.4692775110362548,-12.430058641580652,359
15,5,y_unfed_ct,n_money,0.13389091812209883,0.3110780761033278,0.4304093679608124,0.8251134787254758,359
15,5,y_unfed_ct,n_output_per_day,-0.1091058818881092,0.21648468038022312,-0.5039889275143209,-1.4557993208808406,359
15,5,y_unfed_ct,n_revenue_per_day,-0.5415281602315323,0.24588649427828757,-2.202350160878074,-1.7337030413109196,359
15,5,y_unfed_ct,n_shed,0.18432790957529768,0.2338412457630194,0.7882608945818746,8.257826519448237,359
15,5,y_unfed_ct,n_labour,0.15572691616642717,0.2151869837069912,0.7236818579067604,5.883257013348231,359
15,5,y_unfed_ct,n_quadrants,-0.61988618998851,0.3586330885487108,-1.7284690391983029,-43.09131731427833,359
15,5,y_unfed_ct,n_melon_tiles,0.07896140628527006,0.2296389593604478,0.34385021820853146,3.3106638393783885,359
16,5,y_unfed_ct,n_dry_plants,0.1490454417488407,0.2260545485619828,0.6593339647309656,0.30738542413477216,359
16,5,y_unfed_ct,n_unfed,0.5147247006177554,0.22000702202749903,2.339583054550955,0.5041463302550502,359
16,5,y_unfed_ct,n_weeds,0.06636711523549163,0.23522783498718092,0.2821397188776932,0.2835735044919187,359
16,5,y_unfed_ct,n_planted,-0.7637238047489872,0.2455187557030041,-3.110653614067833,-19.57206761017768,359
16,5,y_unfed_ct,n_empty,0.25632767642424265,0.22802704444887628,1.124110857305399,0.7762832796818202,359
16,5,y_unfed_ct,n_animals,1.467568212727876,0.6047633985572106,2.4266816018116613,25.948252665449154,359
16,5,y_unfed_ct,n_structures,-1.2239455359028708,0.6559947925828564,-1.8657854448566809,-18.307988730210724,359
16,5,y_unfed_ct,n_money,0.07003002494919759,0.3094345350193322,0.22631612513717125,0.46393722048518127,359
16,5,y_unfed_ct,n_output_per_day,-0.04264668900447793,0.22918352322119925,-0.18608095558124815,-0.5817583046832989,359
16,5,y_unfed_ct,n_revenue_per_day,-0.32592683227327,0.23434800035281314,-1.3907813669524982,-1.0286520236715824,359
16,5,y_unfed_ct,n_shed,-0.10440979759405611,0.24656766998991747,-0.4234529109121467,-4.677522776930385,359
16,5,y_unfed_ct,n_labour,0.16209041469068491,0.23962510271649687,0.6764333655078528,6.709638500037908,359
16,5,y_unfed_ct,n_quadrants,-0.2523809580239896,0.3914201479627665,-0.6447827464619862,-17.54423331562666,359
16,5,y_unfed_ct,n_melon_tiles,-0.04885729125581245,0.2431413869602908,-0.20094189585169922,-2.048469943230609,359
17,5,y_unfed_ct,n_dry_plants,0.032474196740813255,0.2139586729356344,0.15177789381121526,0.07682695257143322,359
17,5,y_unfed_ct,n_unfed,0.43094847116386975,0.21159824967424687,2.0366353305252294,0.406524602418047,359
17,5,y_unfed_ct,n_weeds,0.3251749633209865,0.2374418979429738,1.3694927733397897,1.502477816727508,359
17,5,y_unfed_ct,n_planted,0.03287615718672569,0.2543362086093971,0.12926259051543867,0.8791499727870197,359
17,5,y_unfed_ct,n_empty,-0.29786773713559456,0.22865513677510274,-1.3026942728540882,-0.8140123600229481,359
17,5,y_unfed_ct,n_animals,-0.9055953701719677,0.531745821792267,-1.7030606223094114,-16.032275026159514,359
17,5,y_unfed_ct,n_structures,-0.374108872814765,0.5596583098701825,-0.6684594264338588,-5.478752470699887,359
17,5,y_unfed_ct,n_money,-0.3287128856981642,0.3095493905700399,-1.0619077139607171,-2.356082420243315,359
17,5,y_unfed_ct,n_output_per_day,0.31673141578119,0.2297446562421782,1.3786236466249617,4.0498388146349,359
17,5,y_unfed_ct,n_revenue_per_day,0.44333068557791017,0.2458663155104969,1.803137142464653,1.3355080843025846,359
17,5,y_unfed_ct,n_shed,0.1350356770068992,0.24445636015672947,0.5523917517233878,6.049551569420373,359
17,5,y_unfed_ct,n_labour,0.2041927519337515,0.26104164535847435,0.7822228964782407,9.006477247827318,359
17,5,y_unfed_ct,n_quadrants,0.3030826731185249,0.3598032662954856,0.8423566473952481,21.06875721824377,359
17,5,y_unfed_ct,n_melon_tiles,0.03515878647836084,0.2618848100847652,0.1342528666209425,1.4741242400092467,359
18,5,y_unfed_ct,n_dry_plants,-0.003381437476831549,0.19748724297761272,-0.017122308387356802,-0.007680793923755648,359
18,5,y_unfed_ct,n_unfed,0.4777971820637922,0.19568853418245902,2.4416207319448593,0.5022062693418934,359
18,5,y_unfed_ct,n_weeds,0.019771111086627834,0.21088339887779367,0.09375375772506937,0.10038758980602168,359
18,5,y_unfed_ct,n_planted,-0.11715375256756302,0.20962342988847923,-0.5588771857701662,-2.9400713036964174,359
18,5,y_unfed_ct,n_empty,-0.2806082107263847,0.22124167123628208,-1.268333443507124,-0.5869543577840933,359
18,5,y_unfed_ct,n_animals,0.4135666756325323,0.32207760755917975,1.2840590774586589,6.8403555506937135,359
18,5,y_unfed_ct,n_structures,4.283003594502204e-05,0.3602934141850034,0.00011887543390684816,0.0006361808695863434,359
18,5,y_unfed_ct,n_money,-0.3429825597377135,0.29891077059472093,-1.1474412884330203,-2.2832373295539874,359
18,5,y_unfed_ct,n_output_per_day,0.04781432933841692,0.22148697352679522,0.2158787425601461,0.5797241213556048,359
18,5,y_unfed_ct,n_revenue_per_day,-0.13699373886765628,0.20777640122265198,-0.659332523142773,-0.5181134852257171,359
18,5,y_unfed_ct,n_shed,-0.597079101646346,0.22010218192694145,-2.7127359502712,-26.748936995726048,359
18,5,y_unfed_ct,n_labour,-0.21032836343470365,0.21957011035502721,-0.9579098133831586,-7.3925405564487825,359
18,5,y_unfed_ct,n_quadrants,-0.3378827735295819,0.32929400756614985,-1.0260823633776777,-23.48788220215316,359
18,5,y_unfed_ct,n_melon_tiles,0.3393938886173098,0.21832951030607387,1.5545030451518764,14.229978000796455,359
19,5,y_unfed_ct,n_dry_plants,0.02337299275745077,0.2278573752882938,0.10257729304517078,0.044904531569361784,359
19,5,y_unfed_ct,n_unfed,0.5515857658418243,0.2209185837715719,2.4967830067757437,0.6075953806026301,359
19,5,y_unfed_ct,n_weeds,-0.13283023458423543,0.22183232854039872,-0.5987866397031721,-0.5284610914284481,359
19,5,y_unfed_ct,n_planted,-0.2509769005242772,0.23135596340368503,-1.084808434725135,-6.041534930464685,359
19,5,y_unfed_ct,n_empty,0.4717675093708698,0.2402501542861922,1.9636512233365233,1.0318595048920076,359
19,5,y_unfed_ct,n_animals,0.07074801042138293,0.37710087570099105,0.18761030530589404,1.132198111999314,359
19,5,y_unfed_ct,n_structures,-0.5099165671387427,0.40397742367970424,-1.2622402571264302,-7.339856504662895,359
19,5,y_unfed_ct,n_money,0.10215235343653398,0.3490213368600243,0.2926822593585514,0.7183594071787004,359
19,5,y_unfed_ct,n_output_per_day,-0.46259407236584266,0.23491367199190533,-1.9692088095314553,-5.06804710012809,359
19,5,y_unfed_ct,n_revenue_per_day,0.023433185595344002,0.23236829070420373,0.10084502289158542,0.0750388100372382,359
19,5,y_unfed_ct,n_shed,0.39844940273631163,0.2541965541116959,1.5674854607243414,17.85039526654064,359
19,5,y_unfed_ct,n_labour,-0.2973049052668248,0.27820612200423256,-1.0686497591246453,-13.182611625310463,359
19,5,y_unfed_ct,n_quadrants,-0.35533326661127906,0.37717535526017865,-0.9420903610368903,-24.70095122485226,359
19,5,y_unfed_ct,n_melon_tiles,0.5579896674943671,0.26141000522485897,2.1345382974702787,23.39517875665015,359
20,5,y_unfed_ct,n_dry_plants,-0.5208135030430733,0.24018050795538481,-2.1684253542332335,-1.1571807505062117,359
20,5,y_unfed_ct,n_unfed,0.5811767610716921,0.2076224855946395,2.7991995154435108,0.6401889960448143,359
20,5,y_unfed_ct,n_weeds,0.4306011024369686,0.21283137269114405,2.023203144312032,1.7676801745285629,359
20,5,y_unfed_ct,n_planted,-0.11539446559362378,0.22190675977761273,-0.5200132961666788,-2.5602748199018626,359
20,5,y_unfed_ct,n_empty,0.1941294626049561,0.22908685358026762,0.8474055126735452,0.39107886597644437,359
20,5,y_unfed_ct,n_animals,0.5537283748074258,0.3745925121374898,1.478215278911358,8.434876650470878,359
20,5,y_unfed_ct,n_structures,-0.009951611787636188,0.3960728155667338,-0.02512571273894826,-0.13696497743419908,359
20,5,y_unfed_ct,n_money,-0.4036517771068976,0.3323852763430825,-1.2144093190525533,-2.88198259139931,359
20,5,y_unfed_ct,n_output_per_day,-0.602664771072165,0.24433447998077912,-2.4665563825440207,-6.651731519550617,359
20,5,y_unfed_ct,n_revenue_per_day,-0.20024031175734358,0.21517833202186568,-0.9305784177981073,-0.651255387639077,359
20,5,y_unfed_ct,n_shed,-0.7924804632003937,0.23480634770786205,-3.3750384984752224,-35.5028503292799,359
20,5,y_unfed_ct,n_labour,-0.03145590282245551,0.2498569624049775,-0.125895642529547,-1.1926532544846868,359
20,5,y_unfed_ct,n_quadrants,-0.2324670831939859,0.3646684042305694,-0.6374752528519132,-16.159922593569092,359
20,5,y_unfed_ct,n_melon_tiles,-0.12555125244880916,0.23059825808973405,-0.5444588067961583,-5.264065206352324,359
21,5,y_unfed_ct,n_dry_plants,0.1441767356446743,0.2657493431565653,0.5425290385750194,0.3188055611436932,359
21,5,y_unfed_ct,n_unfed,0.6747373255281731,0.24504276925011886,2.753549217522344,0.657845839258168,359
21,5,y_unfed_ct,n_weeds,0.10562886322247447,0.2421843020254566,0.4361507427982329,0.30836151767529807,359
21,5,y_unfed_ct,n_planted,0.18080664135657704,0.24069795099625121,0.7511764874117812,4.138620614104395,359
21,5,y_unfed_ct,n_empty,0.4086182506909377,0.2618420162267273,1.560552643839703,0.8098001214429316,359
21,5,y_unfed_ct,n_animals,-0.23114533110362573,0.25134845842170767,-0.9196210414619471,-3.4021696529576984,359
21,5,y_unfed_ct,n_structures,-0.13761982837015915,0.37099067430033494,-0.3709522581118824,-1.6196005265106361,359
21,5,y_unfed_ct,n_money,0.24632562930620877,0.3707827928885869,0.6643394300668771,1.845503578548222,359
21,5,y_unfed_ct,n_output_per_day,-0.3014124359215521,0.26312363295960883,-1.1455163967267845,-3.35610157548737,359
21,5,y_unfed_ct,n_revenue_per_day,0.20211424966703423,0.24490331861625161,0.825281792051723,0.5598040308018125,359
21,5,y_unfed_ct,n_shed,-0.19603766832677566,0.2695369444647513,-0.7273127946006396,-8.782419656630186,359
21,5,y_unfed_ct,n_labour,-0.02090018555504381,0.28285766646869953,-0.07388940811104579,-0.8844396135312608,359
21,5,y_unfed_ct,n_quadrants,0.6514341840080461,0.43784580248725324,1.4878164420155904,45.28437249582703,359
21,5,y_unfed_ct,n_melon_tiles,0.3524313942539987,0.26160678999014114,1.3471798429516313,14.776609583206985,359
22,5,y_unfed_ct,n_dry_plants,0.19680720098947815,0.21598514868182175,0.9112071000742946,0.40033122801766036,359
22,5,y_unfed_ct,n_unfed,1.0030748243837715,0.21298173947530127,4.709675237205462,1.0342491055534269,359
22,5,y_unfed_ct,n_weeds,0.19647886451886584,0.21891773754305843,0.8975008910834411,0.5477257214149436,359
22,5,y_unfed_ct,n_planted,0.3201743446159633,0.22565902508582938,1.4188413004717406,6.880675046021506,359
22,5,y_unfed_ct,n_empty,0.08600647784801578,0.22530610846823187,0.3817316735562129,0.17416469608849114,359
22,5,y_unfed_ct,n_animals,1.1977951650384049,0.22728444537529724,5.2700270054141996,16.2241574983087,359
22,5,y_unfed_ct,n_structures,1.104165102622358,0.34289887567181493,3.2200895977248503,12.994540123620803,359
22,5,y_unfed_ct,n_money,-0.06687827540758148,0.3239380915464594,-0.20645387854299238,-0.51364925209585,359
22,5,y_unfed_ct,n_output_per_day,-0.16012507618311353,0.29393225029787473,-0.5447686533915238,-1.4527255415105624,359
22,5,y_unfed_ct,n_revenue_per_day,-0.4368761584362613,0.22318192939618403,-1.9574889401584814,-1.3182631174816382,359
22,5,y_unfed_ct,n_shed,0.02142071881078629,0.24446717337710927,0.08762206604214791,0.9596407851036579,359
22,5,y_unfed_ct,n_labour,-0.18335567036954395,0.2270637546345088,-0.8075074362470611,-5.568442105477839,359
22,5,y_unfed_ct,n_quadrants,0.2466677582903632,0.3715775038777736,0.6638393221229612,17.147080892201792,359
22,5,y_unfed_ct,n_melon_tiles,-0.152183322370966,0.22457968146608662,-0.6776362018927653,-6.380684514531099,359
23,5,y_unfed_ct,n_dry_plants,-0.7865695579118156,0.3128561312513361,-2.5141574012494488,-3.2285372150671225,359
23,5,y_unfed_ct,n_unfed,1.0028602113490501,0.24098790101083734,4.161454608893211,0.9953643588495917,359
23,5,y_unfed_ct,n_weeds,-0.232034467230107,0.24525691289095858,-0.9460873681194452,-0.6288634567086104,359
23,5,y_unfed_ct,n_planted,0.020801195981957513,0.24394532859398524,0.08526990904826202,0.4967748395570428,359
23,5,y_unfed_ct,n_empty,0.04094075775859054,0.25754193997704183,0.1589673424151427,0.07464856483066482,359
23,5,y_unfed_ct,n_animals,-0.242184474319718,0.2800215856051453,-0.8648778764549213,-3.240625080596739,359
23,5,y_unfed_ct,n_structures,0.7018368281878171,0.38045930872044303,1.8447093081996804,8.2596767480348,359
23,5,y_unfed_ct,n_money,0.27261244625238334,0.35443040500789885,0.7691564899639688,2.119867630515518,359
23,5,y_unfed_ct,n_output_per_day,-0.4464167819847727,0.3138979631398584,-1.4221716430376137,-4.191815614324034,359
23,5,y_unfed_ct,n_revenue_per_day,0.7449808862152872,0.2712793745390649,2.7461759209711247,1.8289401691696332,359
23,5,y_unfed_ct,n_shed,0.6280241644736276,0.2699418812253778,2.326516217575303,28.135265094655256,359
23,5,y_unfed_ct,n_labour,-0.2885655605105882,0.25362725892895066,-1.1377545210604705,-8.783700767851736,359
23,5,y_unfed_ct,n_quadrants,0.6735771950419696,0.451582328085235,1.4915933444473353,46.823641365123905,359
23,5,y_unfed_ct,n_melon_tiles,0.16645034017194535,0.2518834985419232,0.6608227261232896,6.978866615782269,359
